,symbol,timestamp,vwap,delayed_trade_date,max_timestamp
0,AAPL,2022-06-09 08:00:00,147.949458,2022-06-09,2022-06-09 08:00:00
1,AAPL,2022-06-09 09:00:00,148.358611,2022-06-09,2022-06-09 09:00:00
2,AAPL,2022-06-09 10:00:00,148.961062,2022-06-09,2022-06-09 10:00:00
3,AAPL,2022-06-09 11:00:00,148.788677,2022-06-09,2022-06-09 11:00:00
4,AAPL,2022-06-09 12:00:00,147.966296,2022-06-09,2022-06-09 12:00:00
5,AAPL,2022-06-09 13:00:00,147.145273,2022-06-09,2022-06-09 13:00:00
6,AAPL,2022-06-09 14:00:00,146.797794,2022-06-09,2022-06-09 14:00:00
7,AAPL,2022-06-09 15:00:00,146.363598,2022-06-09,2022-06-09 15:00:00
8,AAPL,2022-06-09 16:00:00,146.133129,2022-06-09,2022-06-09 16:00:00
9,AAPL,2022-06-09 17:00:00,146.06597,2022-06-09,2022-06-09 17:00:00
10,AAPL,2022-06-09 18:00:00,145.351965,2022-06-09,2022-06-09 18:00:00
11,AAPL,2022-06-09 19:00:00,143.5184,2022-06-09,2022-06-09 19:00:00
12,AAPL,2022-06-09 20:00:00,142.640599,2022-06-09,2022-06-09 20:00:00
13,AAPL,2022-06-09 21:00:00,142.762054,2022-06-09,2022-06-09 21:00:00
14,AAPL,2022-06-09 22:00:00,142.983125,2022-06-09,2022-06-09 22:00:00
15,AAPL,2022-06-09 23:00:00,142.957654,2022-06-09,2022-06-09 23:00:00
16,AAPL,2022-06-10 08:00:00,143.231419,2022-06-10,2022-06-10 08:00:00
17,AAPL,2022-06-10 09:00:00,143.178411,2022-06-10,2022-06-10 09:00:00
18,AAPL,2022-06-10 10:00:00,143.06982,2022-06-10,2022-06-10 10:00:00
19,AAPL,2022-06-10 11:00:00,143.000708,2022-06-10,2022-06-10 11:00:00
20,AAPL,2022-06-10 12:00:00,140.813749,2022-06-10,2022-06-10 12:00:00
21,AAPL,2022-06-10 13:00:00,139.563616,2022-06-10,2022-06-10 13:00:00
22,AAPL,2022-06-10 14:00:00,138.104236,2022-06-10,2022-06-10 14:00:00
23,AAPL,2022-06-10 15:00:00,137.601614,2022-06-10,2022-06-10 15:00:00
24,AAPL,2022-06-10 16:00:00,137.817923,2022-06-10,2022-06-10 16:00:00
25,AAPL,2022-06-10 17:00:00,138.044128,2022-06-10,2022-06-10 17:00:00
26,AAPL,2022-06-10 18:00:00,138.216335,2022-06-10,2022-06-10 18:00:00
27,AAPL,2022-06-10 19:00:00,138.055612,2022-06-10,2022-06-10 19:00:00
28,AAPL,2022-06-10 20:00:00,137.133745,2022-06-10,2022-06-10 20:00:00
29,AAPL,2022-06-10 21:00:00,137.176509,2022-06-10,2022-06-10 21:00:00
30,AAPL,2022-06-10 22:00:00,137.346272,2022-06-10,2022-06-10 22:00:00
31,AAPL,2022-06-10 23:00:00,137.375811,2022-06-10,2022-06-10 23:00:00
32,AAPL,2022-06-13 08:00:00,133.165137,2022-06-13,2022-06-13 08:00:00
33,AAPL,2022-06-13 09:00:00,132.96398,2022-06-13,2022-06-13 09:00:00
34,AAPL,2022-06-13 10:00:00,133.273587,2022-06-13,2022-06-13 10:00:00
35,AAPL,2022-06-13 11:00:00,133.022811,2022-06-13,2022-06-13 11:00:00
36,AAPL,2022-06-13 12:00:00,133.134965,2022-06-13,2022-06-13 12:00:00
37,AAPL,2022-06-13 13:00:00,133.523778,2022-06-13,2022-06-13 13:00:00
38,AAPL,2022-06-13 14:00:00,133.556249,2022-06-13,2022-06-13 14:00:00
39,AAPL,2022-06-13 15:00:00,133.742579,2022-06-13,2022-06-13 15:00:00
40,AAPL,2022-06-13 16:00:00,134.104829,2022-06-13,2022-06-13 16:00:00
41,AAPL,2022-06-13 17:00:00,133.68173,2022-06-13,2022-06-13 17:00:00
42,AAPL,2022-06-13 18:00:00,133.387411,2022-06-13,2022-06-13 18:00:00
43,AAPL,2022-06-13 19:00:00,132.221863,2022-06-13,2022-06-13 19:00:00
44,AAPL,2022-06-13 20:00:00,131.89451,2022-06-13,2022-06-13 20:00:00
45,AAPL,2022-06-13 21:00:00,132.410482,2022-06-13,2022-06-13 21:00:00
46,AAPL,2022-06-13 22:00:00,132.669499,2022-06-13,2022-06-13 22:00:00
47,AAPL,2022-06-13 23:00:00,132.25031,2022-06-13,2022-06-13 23:00:00
48,AAPL,2022-06-14 08:00:00,133.555592,2022-06-14,2022-06-14 08:00:00
49,AAPL,2022-06-14 09:00:00,133.144436,2022-06-14,2022-06-14 09:00:00
50,AAPL,2022-06-14 10:00:00,132.808705,2022-06-14,2022-06-14 10:00:00
51,AAPL,2022-06-14 11:00:00,132.603331,2022-06-14,2022-06-14 11:00:00
52,AAPL,2022-06-14 12:00:00,133.210684,2022-06-14,2022-06-14 12:00:00
53,AAPL,2022-06-14 13:00:00,132.428768,2022-06-14,2022-06-14 13:00:00
54,AAPL,2022-06-14 14:00:00,132.377527,2022-06-14,2022-06-14 14:00:00
55,AAPL,2022-06-14 15:00:00,132.359704,2022-06-14,2022-06-14 15:00:00
56,AAPL,2022-06-14 16:00:00,132.281822,2022-06-14,2022-06-14 16:00:00
57,AAPL,2022-06-14 17:00:00,132.966489,2022-06-14,2022-06-14 17:00:00
58,AAPL,2022-06-14 18:00:00,132.764822,2022-06-14,2022-06-14 18:00:00
59,AAPL,2022-06-14 19:00:00,132.646735,2022-06-14,2022-06-14 19:00:00
60,AAPL,2022-06-14 20:00:00,132.759568,2022-06-14,2022-06-14 20:00:00
61,AAPL,2022-06-14 21:00:00,132.767745,2022-06-14,2022-06-14 21:00:00
62,AAPL,2022-06-14 22:00:00,133.041554,2022-06-14,2022-06-14 22:00:00
63,AAPL,2022-06-14 23:00:00,133.312334,2022-06-14,2022-06-14 23:00:00
64,AAPL,2022-06-15 08:00:00,133.591489,2022-06-15,2022-06-15 08:00:00
65,AAPL,2022-06-15 09:00:00,133.414983,2022-06-15,2022-06-15 09:00:00
66,AAPL,2022-06-15 10:00:00,133.380565,2022-06-15,2022-06-15 10:00:00
67,AAPL,2022-06-15 11:00:00,133.811505,2022-06-15,2022-06-15 11:00:00
68,AAPL,2022-06-15 12:00:00,134.069963,2022-06-15,2022-06-15 12:00:00
69,AAPL,2022-06-15 13:00:00,134.253711,2022-06-15,2022-06-15 13:00:00
70,AAPL,2022-06-15 14:00:00,134.048229,2022-06-15,2022-06-15 14:00:00
71,AAPL,2022-06-15 15:00:00,134.069333,2022-06-15,2022-06-15 15:00:00
72,AAPL,2022-06-15 16:00:00,134.361718,2022-06-15,2022-06-15 16:00:00
73,AAPL,2022-06-15 17:00:00,133.967303,2022-06-15,2022-06-15 17:00:00
74,AAPL,2022-06-15 18:00:00,134.170881,2022-06-15,2022-06-15 18:00:00
75,AAPL,2022-06-15 19:00:00,135.707569,2022-06-15,2022-06-15 19:00:00
76,AAPL,2022-06-15 20:00:00,135.428061,2022-06-15,2022-06-15 20:00:00
77,AAPL,2022-06-15 21:00:00,135.667272,2022-06-15,2022-06-15 21:00:00
78,AAPL,2022-06-15 22:00:00,136.094069,2022-06-15,2022-06-15 22:00:00
79,AAPL,2022-06-15 23:00:00,136.340043,2022-06-15,2022-06-15 23:00:00
80,AAPL,2022-06-16 08:00:00,132.255172,2022-06-16,2022-06-16 08:00:00
81,AAPL,2022-06-16 09:00:00,131.491554,2022-06-16,2022-06-16 09:00:00
82,AAPL,2022-06-16 10:00:00,131.553283,2022-06-16,2022-06-16 10:00:00
83,AAPL,2022-06-16 11:00:00,131.940041,2022-06-16,2022-06-16 11:00:00
84,AAPL,2022-06-16 12:00:00,132.78628,2022-06-16,2022-06-16 12:00:00
85,AAPL,2022-06-16 13:00:00,131.423515,2022-06-16,2022-06-16 13:00:00
86,AAPL,2022-06-16 14:00:00,130.740092,2022-06-16,2022-06-16 14:00:00
87,AAPL,2022-06-16 15:00:00,130.695061,2022-06-16,2022-06-16 15:00:00
88,AAPL,2022-06-16 16:00:00,130.714362,2022-06-16,2022-06-16 16:00:00
89,AAPL,2022-06-16 17:00:00,130.946824,2022-06-16,2022-06-16 17:00:00
90,AAPL,2022-06-16 18:00:00,129.814408,2022-06-16,2022-06-16 18:00:00
91,AAPL,2022-06-16 19:00:00,129.719076,2022-06-16,2022-06-16 19:00:00
92,AAPL,2022-06-16 20:00:00,130.069453,2022-06-16,2022-06-16 20:00:00
93,AAPL,2022-06-16 21:00:00,130.410221,2022-06-16,2022-06-16 21:00:00
94,AAPL,2022-06-16 22:00:00,130.556075,2022-06-16,2022-06-16 22:00:00
95,AAPL,2022-06-16 23:00:00,130.384886,2022-06-16,2022-06-16 23:00:00
96,AAPL,2022-06-17 08:00:00,131.384764,2022-06-17,2022-06-17 08:00:00
97,AAPL,2022-06-17 09:00:00,131.451868,2022-06-17,2022-06-17 09:00:00
98,AAPL,2022-06-17 10:00:00,131.471718,2022-06-17,2022-06-17 10:00:00
99,AAPL,2022-06-17 11:00:00,131.523588,2022-06-17,2022-06-17 11:00:00
100,AAPL,2022-06-17 12:00:00,131.094885,2022-06-17,2022-06-17 12:00:00
101,AAPL,2022-06-17 13:00:00,130.719265,2022-06-17,2022-06-17 13:00:00
102,AAPL,2022-06-17 14:00:00,131.026839,2022-06-17,2022-06-17 14:00:00
103,AAPL,2022-06-17 15:00:00,131.772017,2022-06-17,2022-06-17 15:00:00
104,AAPL,2022-06-17 16:00:00,131.823918,2022-06-17,2022-06-17 16:00:00
105,AAPL,2022-06-17 17:00:00,132.373567,2022-06-17,2022-06-17 17:00:00
106,AAPL,2022-06-17 18:00:00,132.115214,2022-06-17,2022-06-17 18:00:00
107,AAPL,2022-06-17 19:00:00,131.755856,2022-06-17,2022-06-17 19:00:00
108,AAPL,2022-06-17 20:00:00,131.560241,2022-06-17,2022-06-17 20:00:00
109,AAPL,2022-06-17 21:00:00,131.555325,2022-06-17,2022-06-17 21:00:00
110,AAPL,2022-06-17 22:00:00,131.560881,2022-06-17,2022-06-17 22:00:00
111,AAPL,2022-06-17 23:00:00,131.528777,2022-06-17,2022-06-17 23:00:00
112,AAPL,2022-06-21 08:00:00,134.467731,2022-06-21,2022-06-21 08:00:00
113,AAPL,2022-06-21 09:00:00,134.263092,2022-06-21,2022-06-21 09:00:00
114,AAPL,2022-06-21 10:00:00,134.186732,2022-06-21,2022-06-21 10:00:00
115,AAPL,2022-06-21 11:00:00,133.805343,2022-06-21,2022-06-21 11:00:00
116,AAPL,2022-06-21 12:00:00,132.162638,2022-06-21,2022-06-21 12:00:00
117,AAPL,2022-06-21 13:00:00,135.239629,2022-06-21,2022-06-21 13:00:00
118,AAPL,2022-06-21 14:00:00,136.451466,2022-06-21,2022-06-21 14:00:00
119,AAPL,2022-06-21 15:00:00,136.602271,2022-06-21,2022-06-21 15:00:00
120,AAPL,2022-06-21 16:00:00,135.990533,2022-06-21,2022-06-21 16:00:00
121,AAPL,2022-06-21 17:00:00,135.921952,2022-06-21,2022-06-21 17:00:00
122,AAPL,2022-06-21 18:00:00,135.793564,2022-06-21,2022-06-21 18:00:00
123,AAPL,2022-06-21 19:00:00,136.024966,2022-06-21,2022-06-21 19:00:00
124,AAPL,2022-06-21 20:00:00,135.870237,2022-06-21,2022-06-21 20:00:00
125,AAPL,2022-06-21 21:00:00,135.846065,2022-06-21,2022-06-21 21:00:00
126,AAPL,2022-06-21 22:00:00,135.817714,2022-06-21,2022-06-21 22:00:00
127,AAPL,2022-06-21 23:00:00,135.610697,2022-06-21,2022-06-21 23:00:00
128,AAPL,2022-06-22 08:00:00,132.892264,2022-06-22,2022-06-22 08:00:00
129,AAPL,2022-06-22 09:00:00,133.080643,2022-06-22,2022-06-22 09:00:00
130,AAPL,2022-06-22 10:00:00,133.388597,2022-06-22,2022-06-22 10:00:00
131,AAPL,2022-06-22 11:00:00,133.669226,2022-06-22,2022-06-22 11:00:00
132,AAPL,2022-06-22 12:00:00,133.602877,2022-06-22,2022-06-22 12:00:00
133,AAPL,2022-06-22 13:00:00,134.731482,2022-06-22,2022-06-22 13:00:00
134,AAPL,2022-06-22 14:00:00,136.765039,2022-06-22,2022-06-22 14:00:00
135,AAPL,2022-06-22 15:00:00,136.34164,2022-06-22,2022-06-22 15:00:00
136,AAPL,2022-06-22 16:00:00,135.706111,2022-06-22,2022-06-22 16:00:00
137,AAPL,2022-06-22 17:00:00,136.159795,2022-06-22,2022-06-22 17:00:00
138,AAPL,2022-06-22 18:00:00,136.522586,2022-06-22,2022-06-22 18:00:00
139,AAPL,2022-06-22 19:00:00,135.728241,2022-06-22,2022-06-22 19:00:00
140,AAPL,2022-06-22 20:00:00,135.347949,2022-06-22,2022-06-22 20:00:00
141,AAPL,2022-06-22 21:00:00,135.142972,2022-06-22,2022-06-22 21:00:00
142,AAPL,2022-06-22 22:00:00,134.914167,2022-06-22,2022-06-22 22:00:00
143,AAPL,2022-06-22 23:00:00,134.400728,2022-06-22,2022-06-22 23:00:00
144,AAPL,2022-06-23 08:00:00,135.59734,2022-06-23,2022-06-23 08:00:00
145,AAPL,2022-06-23 09:00:00,135.928806,2022-06-23,2022-06-23 09:00:00
146,AAPL,2022-06-23 10:00:00,136.531666,2022-06-23,2022-06-23 10:00:00
147,AAPL,2022-06-23 11:00:00,136.567343,2022-06-23,2022-06-23 11:00:00
148,AAPL,2022-06-23 12:00:00,136.240747,2022-06-23,2022-06-23 12:00:00
149,AAPL,2022-06-23 13:00:00,136.360099,2022-06-23,2022-06-23 13:00:00
150,AAPL,2022-06-23 14:00:00,137.112775,2022-06-23,2022-06-23 14:00:00
151,AAPL,2022-06-23 15:00:00,137.61307,2022-06-23,2022-06-23 15:00:00
152,AAPL,2022-06-23 16:00:00,136.636837,2022-06-23,2022-06-23 16:00:00
153,AAPL,2022-06-23 17:00:00,136.54722,2022-06-23,2022-06-23 17:00:00
154,AAPL,2022-06-23 18:00:00,137.303113,2022-06-23,2022-06-23 18:00:00
155,AAPL,2022-06-23 19:00:00,138.131217,2022-06-23,2022-06-23 19:00:00
156,AAPL,2022-06-23 20:00:00,138.265865,2022-06-23,2022-06-23 20:00:00
157,AAPL,2022-06-23 21:00:00,137.898406,2022-06-23,2022-06-23 21:00:00
158,AAPL,2022-06-23 22:00:00,138.00055,2022-06-23,2022-06-23 22:00:00
159,AAPL,2022-06-23 23:00:00,138.170035,2022-06-23,2022-06-23 23:00:00
160,AAPL,2022-06-24 08:00:00,139.590955,2022-06-24,2022-06-24 08:00:00
161,AAPL,2022-06-24 09:00:00,139.759,2022-06-24,2022-06-24 09:00:00
162,AAPL,2022-06-24 10:00:00,139.646504,2022-06-24,2022-06-24 10:00:00
163,AAPL,2022-06-24 11:00:00,139.528226,2022-06-24,2022-06-24 11:00:00
164,AAPL,2022-06-24 12:00:00,139.55075,2022-06-24,2022-06-24 12:00:00
165,AAPL,2022-06-24 13:00:00,140.37991,2022-06-24,2022-06-24 13:00:00
166,AAPL,2022-06-24 14:00:00,140.799248,2022-06-24,2022-06-24 14:00:00
167,AAPL,2022-06-24 15:00:00,140.073324,2022-06-24,2022-06-24 15:00:00
168,AAPL,2022-06-24 16:00:00,140.107585,2022-06-24,2022-06-24 16:00:00
169,AAPL,2022-06-24 17:00:00,140.0075,2022-06-24,2022-06-24 17:00:00
170,AAPL,2022-06-24 18:00:00,140.181238,2022-06-24,2022-06-24 18:00:00
171,AAPL,2022-06-24 19:00:00,140.865866,2022-06-24,2022-06-24 19:00:00
172,AAPL,2022-06-24 20:00:00,141.657983,2022-06-24,2022-06-24 20:00:00
173,AAPL,2022-06-24 21:00:00,141.546612,2022-06-24,2022-06-24 21:00:00
174,AAPL,2022-06-24 22:00:00,141.590498,2022-06-24,2022-06-24 22:00:00
175,AAPL,2022-06-24 23:00:00,141.688608,2022-06-24,2022-06-24 23:00:00
176,AAPL,2022-06-27 08:00:00,142.762901,2022-06-27,2022-06-27 08:00:00
177,AAPL,2022-06-27 09:00:00,142.477109,2022-06-27,2022-06-27 09:00:00
178,AAPL,2022-06-27 10:00:00,142.300054,2022-06-27,2022-06-27 10:00:00
179,AAPL,2022-06-27 11:00:00,142.703441,2022-06-27,2022-06-27 11:00:00
180,AAPL,2022-06-27 12:00:00,142.246798,2022-06-27,2022-06-27 12:00:00
181,AAPL,2022-06-27 13:00:00,142.282705,2022-06-27,2022-06-27 13:00:00
182,AAPL,2022-06-27 14:00:00,142.277771,2022-06-27,2022-06-27 14:00:00
183,AAPL,2022-06-27 15:00:00,142.694846,2022-06-27,2022-06-27 15:00:00
184,AAPL,2022-06-27 16:00:00,142.549361,2022-06-27,2022-06-27 16:00:00
185,AAPL,2022-06-27 17:00:00,142.068038,2022-06-27,2022-06-27 17:00:00
186,AAPL,2022-06-27 18:00:00,141.766775,2022-06-27,2022-06-27 18:00:00
187,AAPL,2022-06-27 19:00:00,141.432842,2022-06-27,2022-06-27 19:00:00
188,AAPL,2022-06-27 20:00:00,141.662055,2022-06-27,2022-06-27 20:00:00
189,AAPL,2022-06-27 21:00:00,141.941954,2022-06-27,2022-06-27 21:00:00
190,AAPL,2022-06-27 22:00:00,141.859474,2022-06-27,2022-06-27 22:00:00
191,AAPL,2022-06-27 23:00:00,141.927181,2022-06-27,2022-06-27 23:00:00
192,AAPL,2022-06-28 08:00:00,142.228392,2022-06-28,2022-06-28 08:00:00
193,AAPL,2022-06-28 09:00:00,142.493383,2022-06-28,2022-06-28 09:00:00
194,AAPL,2022-06-28 10:00:00,142.324949,2022-06-28,2022-06-28 10:00:00
195,AAPL,2022-06-28 11:00:00,142.46274,2022-06-28,2022-06-28 11:00:00
196,AAPL,2022-06-28 12:00:00,141.978856,2022-06-28,2022-06-28 12:00:00
197,AAPL,2022-06-28 13:00:00,142.802316,2022-06-28,2022-06-28 13:00:00
198,AAPL,2022-06-28 14:00:00,141.24597,2022-06-28,2022-06-28 14:00:00
199,AAPL,2022-06-28 15:00:00,139.91096,2022-06-28,2022-06-28 15:00:00
200,AAPL,2022-06-28 16:00:00,139.086627,2022-06-28,2022-06-28 16:00:00
201,AAPL,2022-06-28 17:00:00,138.840064,2022-06-28,2022-06-28 17:00:00
202,AAPL,2022-06-28 18:00:00,138.160458,2022-06-28,2022-06-28 18:00:00
203,AAPL,2022-06-28 19:00:00,137.6424,2022-06-28,2022-06-28 19:00:00
204,AAPL,2022-06-28 20:00:00,137.440098,2022-06-28,2022-06-28 20:00:00
205,AAPL,2022-06-28 21:00:00,137.451519,2022-06-28,2022-06-28 21:00:00
206,AAPL,2022-06-28 22:00:00,137.460879,2022-06-28,2022-06-28 22:00:00
207,AAPL,2022-06-28 23:00:00,137.562941,2022-06-28,2022-06-28 23:00:00
0,MPC,2022-06-09 11:00:00,112.801659,2022-06-09,2022-06-09 11:00:00
1,MPC,2022-06-09 12:00:00,112.526189,2022-06-09,2022-06-09 12:00:00
2,MPC,2022-06-09 13:00:00,112.077077,2022-06-09,2022-06-09 13:00:00
3,MPC,2022-06-09 14:00:00,113.027505,2022-06-09,2022-06-09 14:00:00
4,MPC,2022-06-09 15:00:00,112.588584,2022-06-09,2022-06-09 15:00:00
5,MPC,2022-06-09 16:00:00,112.595252,2022-06-09,2022-06-09 16:00:00
6,MPC,2022-06-09 17:00:00,112.850928,2022-06-09,2022-06-09 17:00:00
7,MPC,2022-06-09 18:00:00,113.07784,2022-06-09,2022-06-09 18:00:00
8,MPC,2022-06-09 19:00:00,112.096416,2022-06-09,2022-06-09 19:00:00
9,MPC,2022-06-09 20:00:00,111.359772,2022-06-09,2022-06-09 20:00:00
10,MPC,2022-06-09 23:00:00,111.84,2022-06-09,2022-06-09 23:00:00
11,MPC,2022-06-10 12:00:00,111.163793,2022-06-10,2022-06-10 12:00:00
12,MPC,2022-06-10 13:00:00,109.608573,2022-06-10,2022-06-10 13:00:00
13,MPC,2022-06-10 14:00:00,108.590287,2022-06-10,2022-06-10 14:00:00
14,MPC,2022-06-10 15:00:00,107.789081,2022-06-10,2022-06-10 15:00:00
15,MPC,2022-06-10 16:00:00,107.538361,2022-06-10,2022-06-10 16:00:00
16,MPC,2022-06-10 17:00:00,107.761937,2022-06-10,2022-06-10 17:00:00
17,MPC,2022-06-10 18:00:00,108.367054,2022-06-10,2022-06-10 18:00:00
18,MPC,2022-06-10 19:00:00,109.078554,2022-06-10,2022-06-10 19:00:00
19,MPC,2022-06-10 20:00:00,108.339799,2022-06-10,2022-06-10 20:00:00
20,MPC,2022-06-10 21:00:00,108.0,2022-06-10,2022-06-10 21:00:00
21,MPC,2022-06-10 23:00:00,107.8,2022-06-10,2022-06-10 23:00:00
22,MPC,2022-06-13 11:00:00,105.75,2022-06-13,2022-06-13 11:00:00
23,MPC,2022-06-13 12:00:00,105.980924,2022-06-13,2022-06-13 12:00:00
24,MPC,2022-06-13 13:00:00,104.208597,2022-06-13,2022-06-13 13:00:00
25,MPC,2022-06-13 14:00:00,102.607474,2022-06-13,2022-06-13 14:00:00
26,MPC,2022-06-13 15:00:00,102.606208,2022-06-13,2022-06-13 15:00:00
27,MPC,2022-06-13 16:00:00,104.011874,2022-06-13,2022-06-13 16:00:00
28,MPC,2022-06-13 17:00:00,103.635136,2022-06-13,2022-06-13 17:00:00
29,MPC,2022-06-13 18:00:00,103.607997,2022-06-13,2022-06-13 18:00:00
30,MPC,2022-06-13 19:00:00,102.507426,2022-06-13,2022-06-13 19:00:00
31,MPC,2022-06-13 20:00:00,102.170052,2022-06-13,2022-06-13 20:00:00
32,MPC,2022-06-13 21:00:00,102.17,2022-06-13,2022-06-13 21:00:00
33,MPC,2022-06-13 22:00:00,102.1963,2022-06-13,2022-06-13 22:00:00
34,MPC,2022-06-13 23:00:00,102.17,2022-06-13,2022-06-13 23:00:00
35,MPC,2022-06-14 12:00:00,105.01215,2022-06-14,2022-06-14 12:00:00
36,MPC,2022-06-14 13:00:00,105.22543,2022-06-14,2022-06-14 13:00:00
37,MPC,2022-06-14 14:00:00,106.022055,2022-06-14,2022-06-14 14:00:00
38,MPC,2022-06-14 15:00:00,105.378308,2022-06-14,2022-06-14 15:00:00
39,MPC,2022-06-14 16:00:00,104.611566,2022-06-14,2022-06-14 16:00:00
40,MPC,2022-06-14 17:00:00,103.414697,2022-06-14,2022-06-14 17:00:00
41,MPC,2022-06-14 18:00:00,102.672836,2022-06-14,2022-06-14 18:00:00
42,MPC,2022-06-14 19:00:00,102.383328,2022-06-14,2022-06-14 19:00:00
43,MPC,2022-06-14 20:00:00,102.669995,2022-06-14,2022-06-14 20:00:00
44,MPC,2022-06-14 23:00:00,102.9,2022-06-14,2022-06-14 23:00:00
45,MPC,2022-06-15 10:00:00,101.768937,2022-06-15,2022-06-15 10:00:00
46,MPC,2022-06-15 11:00:00,101.942961,2022-06-15,2022-06-15 11:00:00
47,MPC,2022-06-15 12:00:00,101.920636,2022-06-15,2022-06-15 12:00:00
48,MPC,2022-06-15 13:00:00,102.497538,2022-06-15,2022-06-15 13:00:00
49,MPC,2022-06-15 14:00:00,101.037025,2022-06-15,2022-06-15 14:00:00
50,MPC,2022-06-15 15:00:00,99.919851,2022-06-15,2022-06-15 15:00:00
51,MPC,2022-06-15 16:00:00,100.326929,2022-06-15,2022-06-15 16:00:00
52,MPC,2022-06-15 17:00:00,99.642749,2022-06-15,2022-06-15 17:00:00
53,MPC,2022-06-15 18:00:00,98.476712,2022-06-15,2022-06-15 18:00:00
54,MPC,2022-06-15 19:00:00,98.976242,2022-06-15,2022-06-15 19:00:00
55,MPC,2022-06-15 20:00:00,98.900003,2022-06-15,2022-06-15 20:00:00
56,MPC,2022-06-15 21:00:00,100.106233,2022-06-15,2022-06-15 21:00:00
57,MPC,2022-06-15 22:00:00,99.508347,2022-06-15,2022-06-15 22:00:00
58,MPC,2022-06-16 08:00:00,98.78219,2022-06-16,2022-06-16 08:00:00
59,MPC,2022-06-16 11:00:00,96.301109,2022-06-16,2022-06-16 11:00:00
60,MPC,2022-06-16 12:00:00,96.775903,2022-06-16,2022-06-16 12:00:00
61,MPC,2022-06-16 13:00:00,96.283042,2022-06-16,2022-06-16 13:00:00
62,MPC,2022-06-16 14:00:00,94.9859,2022-06-16,2022-06-16 14:00:00
63,MPC,2022-06-16 15:00:00,94.199737,2022-06-16,2022-06-16 15:00:00
64,MPC,2022-06-16 16:00:00,93.571394,2022-06-16,2022-06-16 16:00:00
65,MPC,2022-06-16 17:00:00,93.505337,2022-06-16,2022-06-16 17:00:00
66,MPC,2022-06-16 18:00:00,91.755831,2022-06-16,2022-06-16 18:00:00
67,MPC,2022-06-16 19:00:00,91.992619,2022-06-16,2022-06-16 19:00:00
68,MPC,2022-06-16 20:00:00,91.979966,2022-06-16,2022-06-16 20:00:00
69,MPC,2022-06-16 21:00:00,92.468063,2022-06-16,2022-06-16 21:00:00
70,MPC,2022-06-16 22:00:00,93.531379,2022-06-16,2022-06-16 22:00:00
71,MPC,2022-06-16 23:00:00,91.98,2022-06-16,2022-06-16 23:00:00
72,MPC,2022-06-17 10:00:00,92.7,2022-06-17,2022-06-17 10:00:00
73,MPC,2022-06-17 11:00:00,92.128486,2022-06-17,2022-06-17 11:00:00
74,MPC,2022-06-17 12:00:00,92.240998,2022-06-17,2022-06-17 12:00:00
75,MPC,2022-06-17 13:00:00,91.769316,2022-06-17,2022-06-17 13:00:00
76,MPC,2022-06-17 14:00:00,88.943183,2022-06-17,2022-06-17 14:00:00
77,MPC,2022-06-17 15:00:00,87.06068,2022-06-17,2022-06-17 15:00:00
78,MPC,2022-06-17 16:00:00,86.898812,2022-06-17,2022-06-17 16:00:00
79,MPC,2022-06-17 17:00:00,86.509682,2022-06-17,2022-06-17 17:00:00
80,MPC,2022-06-17 18:00:00,87.519372,2022-06-17,2022-06-17 18:00:00
81,MPC,2022-06-17 19:00:00,87.668258,2022-06-17,2022-06-17 19:00:00
82,MPC,2022-06-17 20:00:00,87.290058,2022-06-17,2022-06-17 20:00:00
83,MPC,2022-06-17 21:00:00,87.291567,2022-06-17,2022-06-17 21:00:00
84,MPC,2022-06-17 22:00:00,87.29,2022-06-17,2022-06-17 22:00:00
85,MPC,2022-06-17 23:00:00,87.072859,2022-06-17,2022-06-17 23:00:00
86,MPC,2022-06-21 12:00:00,89.4288,2022-06-21,2022-06-21 12:00:00
87,MPC,2022-06-21 13:00:00,90.436234,2022-06-21,2022-06-21 13:00:00
88,MPC,2022-06-21 14:00:00,92.092384,2022-06-21,2022-06-21 14:00:00
89,MPC,2022-06-21 15:00:00,91.508245,2022-06-21,2022-06-21 15:00:00
90,MPC,2022-06-21 16:00:00,91.076634,2022-06-21,2022-06-21 16:00:00
91,MPC,2022-06-21 17:00:00,91.618978,2022-06-21,2022-06-21 17:00:00
92,MPC,2022-06-21 18:00:00,91.401511,2022-06-21,2022-06-21 18:00:00
93,MPC,2022-06-21 19:00:00,91.65997,2022-06-21,2022-06-21 19:00:00
94,MPC,2022-06-21 20:00:00,91.36,2022-06-21,2022-06-21 20:00:00
95,MPC,2022-06-22 08:00:00,89.894071,2022-06-22,2022-06-22 08:00:00
96,MPC,2022-06-22 11:00:00,88.347536,2022-06-22,2022-06-22 11:00:00
97,MPC,2022-06-22 12:00:00,87.755192,2022-06-22,2022-06-22 12:00:00
98,MPC,2022-06-22 13:00:00,88.33303,2022-06-22,2022-06-22 13:00:00
99,MPC,2022-06-22 14:00:00,90.240327,2022-06-22,2022-06-22 14:00:00
100,MPC,2022-06-22 15:00:00,89.749717,2022-06-22,2022-06-22 15:00:00
101,MPC,2022-06-22 16:00:00,89.206108,2022-06-22,2022-06-22 16:00:00
102,MPC,2022-06-22 17:00:00,89.746862,2022-06-22,2022-06-22 17:00:00
103,MPC,2022-06-22 18:00:00,90.399084,2022-06-22,2022-06-22 18:00:00
104,MPC,2022-06-22 19:00:00,89.599218,2022-06-22,2022-06-22 19:00:00
105,MPC,2022-06-22 20:00:00,89.059945,2022-06-22,2022-06-22 20:00:00
106,MPC,2022-06-22 22:00:00,87.91,2022-06-22,2022-06-22 22:00:00
107,MPC,2022-06-22 23:00:00,87.932258,2022-06-22,2022-06-22 23:00:00
108,MPC,2022-06-23 12:00:00,89.884,2022-06-23,2022-06-23 12:00:00
109,MPC,2022-06-23 13:00:00,88.777958,2022-06-23,2022-06-23 13:00:00
110,MPC,2022-06-23 14:00:00,87.539827,2022-06-23,2022-06-23 14:00:00
111,MPC,2022-06-23 15:00:00,85.709024,2022-06-23,2022-06-23 15:00:00
112,MPC,2022-06-23 16:00:00,84.335277,2022-06-23,2022-06-23 16:00:00
113,MPC,2022-06-23 17:00:00,84.094893,2022-06-23,2022-06-23 17:00:00
114,MPC,2022-06-23 18:00:00,83.852525,2022-06-23,2022-06-23 18:00:00
115,MPC,2022-06-23 19:00:00,84.62464,2022-06-23,2022-06-23 19:00:00
116,MPC,2022-06-23 20:00:00,84.630011,2022-06-23,2022-06-23 20:00:00
117,MPC,2022-06-23 21:00:00,84.63,2022-06-23,2022-06-23 21:00:00
118,MPC,2022-06-23 22:00:00,84.631008,2022-06-23,2022-06-23 22:00:00
119,MPC,2022-06-24 11:00:00,86.36,2022-06-24,2022-06-24 11:00:00
120,MPC,2022-06-24 12:00:00,85.844583,2022-06-24,2022-06-24 12:00:00
121,MPC,2022-06-24 13:00:00,85.453527,2022-06-24,2022-06-24 13:00:00
122,MPC,2022-06-24 14:00:00,87.107236,2022-06-24,2022-06-24 14:00:00
123,MPC,2022-06-24 15:00:00,87.588786,2022-06-24,2022-06-24 15:00:00
124,MPC,2022-06-24 16:00:00,86.481656,2022-06-24,2022-06-24 16:00:00
125,MPC,2022-06-24 17:00:00,85.535778,2022-06-24,2022-06-24 17:00:00
126,MPC,2022-06-24 18:00:00,85.458091,2022-06-24,2022-06-24 18:00:00
127,MPC,2022-06-24 19:00:00,85.716387,2022-06-24,2022-06-24 19:00:00
128,MPC,2022-06-24 20:00:00,85.680004,2022-06-24,2022-06-24 20:00:00
129,MPC,2022-06-24 21:00:00,85.5,2022-06-24,2022-06-24 21:00:00
130,MPC,2022-06-27 12:00:00,86.669353,2022-06-27,2022-06-27 12:00:00
131,MPC,2022-06-27 13:00:00,86.82222,2022-06-27,2022-06-27 13:00:00
132,MPC,2022-06-27 14:00:00,87.412768,2022-06-27,2022-06-27 14:00:00
133,MPC,2022-06-27 15:00:00,87.971613,2022-06-27,2022-06-27 15:00:00
134,MPC,2022-06-27 16:00:00,87.519865,2022-06-27,2022-06-27 16:00:00
135,MPC,2022-06-27 17:00:00,87.791891,2022-06-27,2022-06-27 17:00:00
136,MPC,2022-06-27 18:00:00,87.746073,2022-06-27,2022-06-27 18:00:00
137,MPC,2022-06-27 19:00:00,88.083807,2022-06-27,2022-06-27 19:00:00
138,MPC,2022-06-27 20:00:00,87.940055,2022-06-27,2022-06-27 20:00:00
139,MPC,2022-06-27 22:00:00,88.230812,2022-06-27,2022-06-27 22:00:00
140,MPC,2022-06-27 23:00:00,88.5,2022-06-27,2022-06-27 23:00:00
141,MPC,2022-06-28 12:00:00,89.878964,2022-06-28,2022-06-28 12:00:00
142,MPC,2022-06-28 13:00:00,90.006835,2022-06-28,2022-06-28 13:00:00
143,MPC,2022-06-28 14:00:00,90.290535,2022-06-28,2022-06-28 14:00:00
144,MPC,2022-06-28 15:00:00,89.286251,2022-06-28,2022-06-28 15:00:00
145,MPC,2022-06-28 16:00:00,88.423723,2022-06-28,2022-06-28 16:00:00
146,MPC,2022-06-28 17:00:00,87.97237,2022-06-28,2022-06-28 17:00:00
147,MPC,2022-06-28 18:00:00,88.189268,2022-06-28,2022-06-28 18:00:00
148,MPC,2022-06-28 19:00:00,88.688469,2022-06-28,2022-06-28 19:00:00
149,MPC,2022-06-28 20:00:00,88.69,2022-06-28,2022-06-28 20:00:00
150,MPC,2022-06-28 21:00:00,88.685544,2022-06-28,2022-06-28 21:00:00
151,MPC,2022-06-28 22:00:00,89.313333,2022-06-28,2022-06-28 22:00:00
0,ETHUSD,2022-06-09 05:00:00,1801.506084,2022-06-09,2022-06-09 05:00:00
1,ETHUSD,2022-06-09 06:00:00,1797.598969,2022-06-09,2022-06-09 06:00:00
2,ETHUSD,2022-06-09 07:00:00,1800.95731,2022-06-09,2022-06-09 07:00:00
3,ETHUSD,2022-06-09 08:00:00,1812.822869,2022-06-09,2022-06-09 08:00:00
4,ETHUSD,2022-06-09 09:00:00,1823.222052,2022-06-09,2022-06-09 09:00:00
5,ETHUSD,2022-06-09 10:00:00,1816.6769,2022-06-09,2022-06-09 10:00:00
6,ETHUSD,2022-06-09 11:00:00,1810.506787,2022-06-09,2022-06-09 11:00:00
7,ETHUSD,2022-06-09 12:00:00,1797.511724,2022-06-09,2022-06-09 12:00:00
8,ETHUSD,2022-06-09 13:00:00,1791.777545,2022-06-09,2022-06-09 13:00:00
9,ETHUSD,2022-06-09 14:00:00,1793.745262,2022-06-09,2022-06-09 14:00:00
10,ETHUSD,2022-06-09 15:00:00,1789.570904,2022-06-09,2022-06-09 15:00:00
11,ETHUSD,2022-06-09 16:00:00,1800.336498,2022-06-09,2022-06-09 16:00:00
12,ETHUSD,2022-06-09 17:00:00,1803.617591,2022-06-09,2022-06-09 17:00:00
13,ETHUSD,2022-06-09 18:00:00,1794.422055,2022-06-09,2022-06-09 18:00:00
14,ETHUSD,2022-06-09 19:00:00,1787.243047,2022-06-09,2022-06-09 19:00:00
15,ETHUSD,2022-06-09 20:00:00,1788.967939,2022-06-09,2022-06-09 20:00:00
16,ETHUSD,2022-06-09 21:00:00,1794.501535,2022-06-09,2022-06-09 21:00:00
17,ETHUSD,2022-06-09 22:00:00,1788.336992,2022-06-09,2022-06-09 22:00:00
18,ETHUSD,2022-06-09 23:00:00,1783.853556,2022-06-09,2022-06-09 23:00:00
19,ETHUSD,2022-06-10 00:00:00,1765.25999,2022-06-10,2022-06-10 00:00:00
20,ETHUSD,2022-06-10 01:00:00,1774.31264,2022-06-10,2022-06-10 01:00:00
21,ETHUSD,2022-06-10 02:00:00,1784.365246,2022-06-10,2022-06-10 02:00:00
22,ETHUSD,2022-06-10 03:00:00,1797.608716,2022-06-10,2022-06-10 03:00:00
23,ETHUSD,2022-06-10 04:00:00,1789.620479,2022-06-10,2022-06-10 04:00:00
24,ETHUSD,2022-06-10 05:00:00,1795.73274,2022-06-10,2022-06-10 05:00:00
25,ETHUSD,2022-06-10 06:00:00,1790.619731,2022-06-10,2022-06-10 06:00:00
26,ETHUSD,2022-06-10 07:00:00,1787.577853,2022-06-10,2022-06-10 07:00:00
27,ETHUSD,2022-06-10 08:00:00,1786.678648,2022-06-10,2022-06-10 08:00:00
28,ETHUSD,2022-06-10 09:00:00,1774.989588,2022-06-10,2022-06-10 09:00:00
29,ETHUSD,2022-06-10 10:00:00,1767.601634,2022-06-10,2022-06-10 10:00:00
30,ETHUSD,2022-06-10 11:00:00,1772.083611,2022-06-10,2022-06-10 11:00:00
31,ETHUSD,2022-06-10 12:00:00,1740.667815,2022-06-10,2022-06-10 12:00:00
32,ETHUSD,2022-06-10 13:00:00,1721.841472,2022-06-10,2022-06-10 13:00:00
33,ETHUSD,2022-06-10 14:00:00,1736.310311,2022-06-10,2022-06-10 14:00:00
34,ETHUSD,2022-06-10 15:00:00,1730.736983,2022-06-10,2022-06-10 15:00:00
35,ETHUSD,2022-06-10 16:00:00,1684.251092,2022-06-10,2022-06-10 16:00:00
36,ETHUSD,2022-06-10 17:00:00,1679.515198,2022-06-10,2022-06-10 17:00:00
37,ETHUSD,2022-06-10 18:00:00,1674.840824,2022-06-10,2022-06-10 18:00:00
38,ETHUSD,2022-06-10 19:00:00,1668.983339,2022-06-10,2022-06-10 19:00:00
39,ETHUSD,2022-06-10 20:00:00,1680.481233,2022-06-10,2022-06-10 20:00:00
40,ETHUSD,2022-06-10 21:00:00,1676.298268,2022-06-10,2022-06-10 21:00:00
41,ETHUSD,2022-06-10 22:00:00,1677.424496,2022-06-10,2022-06-10 22:00:00
42,ETHUSD,2022-06-10 23:00:00,1666.407716,2022-06-10,2022-06-10 23:00:00
43,ETHUSD,2022-06-11 00:00:00,1676.039817,2022-06-11,2022-06-11 00:00:00
44,ETHUSD,2022-06-11 01:00:00,1674.856487,2022-06-11,2022-06-11 01:00:00
45,ETHUSD,2022-06-11 02:00:00,1672.900496,2022-06-11,2022-06-11 02:00:00
46,ETHUSD,2022-06-11 03:00:00,1670.050463,2022-06-11,2022-06-11 03:00:00
47,ETHUSD,2022-06-11 04:00:00,1672.191897,2022-06-11,2022-06-11 04:00:00
48,ETHUSD,2022-06-11 05:00:00,1669.85679,2022-06-11,2022-06-11 05:00:00
49,ETHUSD,2022-06-11 06:00:00,1663.483572,2022-06-11,2022-06-11 06:00:00
50,ETHUSD,2022-06-11 07:00:00,1665.522648,2022-06-11,2022-06-11 07:00:00
51,ETHUSD,2022-06-11 08:00:00,1622.75783,2022-06-11,2022-06-11 08:00:00
52,ETHUSD,2022-06-11 09:00:00,1568.591193,2022-06-11,2022-06-11 09:00:00
53,ETHUSD,2022-06-11 10:00:00,1592.021965,2022-06-11,2022-06-11 10:00:00
54,ETHUSD,2022-06-11 11:00:00,1578.382535,2022-06-11,2022-06-11 11:00:00
55,ETHUSD,2022-06-11 12:00:00,1573.317224,2022-06-11,2022-06-11 12:00:00
56,ETHUSD,2022-06-11 13:00:00,1565.479853,2022-06-11,2022-06-11 13:00:00
57,ETHUSD,2022-06-11 14:00:00,1544.00156,2022-06-11,2022-06-11 14:00:00
58,ETHUSD,2022-06-11 15:00:00,1508.214357,2022-06-11,2022-06-11 15:00:00
59,ETHUSD,2022-06-11 16:00:00,1524.85377,2022-06-11,2022-06-11 16:00:00
60,ETHUSD,2022-06-11 17:00:00,1535.477692,2022-06-11,2022-06-11 17:00:00
61,ETHUSD,2022-06-11 18:00:00,1553.995006,2022-06-11,2022-06-11 18:00:00
62,ETHUSD,2022-06-11 19:00:00,1551.130429,2022-06-11,2022-06-11 19:00:00
63,ETHUSD,2022-06-11 20:00:00,1534.084808,2022-06-11,2022-06-11 20:00:00
64,ETHUSD,2022-06-11 21:00:00,1528.765108,2022-06-11,2022-06-11 21:00:00
65,ETHUSD,2022-06-11 22:00:00,1545.196392,2022-06-11,2022-06-11 22:00:00
66,ETHUSD,2022-06-11 23:00:00,1527.929108,2022-06-11,2022-06-11 23:00:00
67,ETHUSD,2022-06-12 00:00:00,1536.678346,2022-06-12,2022-06-12 00:00:00
68,ETHUSD,2022-06-12 01:00:00,1512.490788,2022-06-12,2022-06-12 01:00:00
69,ETHUSD,2022-06-12 02:00:00,1470.638004,2022-06-12,2022-06-12 02:00:00
70,ETHUSD,2022-06-12 03:00:00,1457.498735,2022-06-12,2022-06-12 03:00:00
71,ETHUSD,2022-06-12 04:00:00,1465.335974,2022-06-12,2022-06-12 04:00:00
72,ETHUSD,2022-06-12 05:00:00,1436.1791,2022-06-12,2022-06-12 05:00:00
73,ETHUSD,2022-06-12 06:00:00,1454.469614,2022-06-12,2022-06-12 06:00:00
74,ETHUSD,2022-06-12 07:00:00,1460.678678,2022-06-12,2022-06-12 07:00:00
75,ETHUSD,2022-06-12 08:00:00,1474.926586,2022-06-12,2022-06-12 08:00:00
76,ETHUSD,2022-06-12 09:00:00,1471.59101,2022-06-12,2022-06-12 09:00:00
77,ETHUSD,2022-06-12 10:00:00,1465.836748,2022-06-12,2022-06-12 10:00:00
78,ETHUSD,2022-06-12 11:00:00,1459.682065,2022-06-12,2022-06-12 11:00:00
79,ETHUSD,2022-06-12 12:00:00,1469.115713,2022-06-12,2022-06-12 12:00:00
80,ETHUSD,2022-06-12 13:00:00,1448.993873,2022-06-12,2022-06-12 13:00:00
81,ETHUSD,2022-06-12 14:00:00,1484.480035,2022-06-12,2022-06-12 14:00:00
82,ETHUSD,2022-06-12 15:00:00,1528.23349,2022-06-12,2022-06-12 15:00:00
83,ETHUSD,2022-06-12 16:00:00,1521.707914,2022-06-12,2022-06-12 16:00:00
84,ETHUSD,2022-06-12 17:00:00,1519.998469,2022-06-12,2022-06-12 17:00:00
85,ETHUSD,2022-06-12 18:00:00,1515.513411,2022-06-12,2022-06-12 18:00:00
86,ETHUSD,2022-06-12 19:00:00,1491.81727,2022-06-12,2022-06-12 19:00:00
87,ETHUSD,2022-06-12 20:00:00,1475.835178,2022-06-12,2022-06-12 20:00:00
88,ETHUSD,2022-06-12 21:00:00,1476.002837,2022-06-12,2022-06-12 21:00:00
89,ETHUSD,2022-06-12 22:00:00,1460.879539,2022-06-12,2022-06-12 22:00:00
90,ETHUSD,2022-06-12 23:00:00,1448.239254,2022-06-12,2022-06-12 23:00:00
91,ETHUSD,2022-06-13 00:00:00,1428.717794,2022-06-13,2022-06-13 00:00:00
92,ETHUSD,2022-06-13 01:00:00,1363.452064,2022-06-13,2022-06-13 01:00:00
93,ETHUSD,2022-06-13 02:00:00,1348.023973,2022-06-13,2022-06-13 02:00:00
94,ETHUSD,2022-06-13 03:00:00,1337.676548,2022-06-13,2022-06-13 03:00:00
95,ETHUSD,2022-06-13 04:00:00,1362.973794,2022-06-13,2022-06-13 04:00:00
96,ETHUSD,2022-06-13 05:00:00,1326.851728,2022-06-13,2022-06-13 05:00:00
97,ETHUSD,2022-06-13 06:00:00,1322.914101,2022-06-13,2022-06-13 06:00:00
98,ETHUSD,2022-06-13 07:00:00,1304.402611,2022-06-13,2022-06-13 07:00:00
99,ETHUSD,2022-06-13 08:00:00,1230.496733,2022-06-13,2022-06-13 08:00:00
100,ETHUSD,2022-06-13 09:00:00,1210.750479,2022-06-13,2022-06-13 09:00:00
101,ETHUSD,2022-06-13 10:00:00,1239.367622,2022-06-13,2022-06-13 10:00:00
102,ETHUSD,2022-06-13 11:00:00,1188.447755,2022-06-13,2022-06-13 11:00:00
103,ETHUSD,2022-06-13 12:00:00,1234.47513,2022-06-13,2022-06-13 12:00:00
104,ETHUSD,2022-06-13 13:00:00,1211.907107,2022-06-13,2022-06-13 13:00:00
105,ETHUSD,2022-06-13 14:00:00,1196.741895,2022-06-13,2022-06-13 14:00:00
106,ETHUSD,2022-06-13 15:00:00,1209.342329,2022-06-13,2022-06-13 15:00:00
107,ETHUSD,2022-06-13 16:00:00,1252.717213,2022-06-13,2022-06-13 16:00:00
108,ETHUSD,2022-06-13 17:00:00,1214.955579,2022-06-13,2022-06-13 17:00:00
109,ETHUSD,2022-06-13 18:00:00,1239.508943,2022-06-13,2022-06-13 18:00:00
110,ETHUSD,2022-06-13 19:00:00,1226.893922,2022-06-13,2022-06-13 19:00:00
111,ETHUSD,2022-06-13 20:00:00,1254.984251,2022-06-13,2022-06-13 20:00:00
112,ETHUSD,2022-06-13 21:00:00,1235.75443,2022-06-13,2022-06-13 21:00:00
113,ETHUSD,2022-06-13 22:00:00,1220.923786,2022-06-13,2022-06-13 22:00:00
114,ETHUSD,2022-06-13 23:00:00,1182.626588,2022-06-13,2022-06-13 23:00:00
115,ETHUSD,2022-06-14 00:00:00,1200.167292,2022-06-14,2022-06-14 00:00:00
116,ETHUSD,2022-06-14 01:00:00,1117.02049,2022-06-14,2022-06-14 01:00:00
117,ETHUSD,2022-06-14 02:00:00,1103.561121,2022-06-14,2022-06-14 02:00:00
118,ETHUSD,2022-06-14 03:00:00,1143.835475,2022-06-14,2022-06-14 03:00:00
119,ETHUSD,2022-06-14 04:00:00,1160.653748,2022-06-14,2022-06-14 04:00:00
120,ETHUSD,2022-06-14 05:00:00,1216.922064,2022-06-14,2022-06-14 05:00:00
121,ETHUSD,2022-06-14 06:00:00,1221.023973,2022-06-14,2022-06-14 06:00:00
122,ETHUSD,2022-06-14 07:00:00,1224.96671,2022-06-14,2022-06-14 07:00:00
123,ETHUSD,2022-06-14 08:00:00,1225.91687,2022-06-14,2022-06-14 08:00:00
124,ETHUSD,2022-06-14 09:00:00,1211.216686,2022-06-14,2022-06-14 09:00:00
125,ETHUSD,2022-06-14 10:00:00,1189.838576,2022-06-14,2022-06-14 10:00:00
126,ETHUSD,2022-06-14 11:00:00,1166.907078,2022-06-14,2022-06-14 11:00:00
127,ETHUSD,2022-06-14 12:00:00,1189.353145,2022-06-14,2022-06-14 12:00:00
128,ETHUSD,2022-06-14 13:00:00,1210.249945,2022-06-14,2022-06-14 13:00:00
129,ETHUSD,2022-06-14 14:00:00,1200.100706,2022-06-14,2022-06-14 14:00:00
130,ETHUSD,2022-06-14 15:00:00,1233.818753,2022-06-14,2022-06-14 15:00:00
131,ETHUSD,2022-06-14 16:00:00,1231.801624,2022-06-14,2022-06-14 16:00:00
132,ETHUSD,2022-06-14 17:00:00,1224.007683,2022-06-14,2022-06-14 17:00:00
133,ETHUSD,2022-06-14 18:00:00,1221.481154,2022-06-14,2022-06-14 18:00:00
134,ETHUSD,2022-06-14 19:00:00,1201.691397,2022-06-14,2022-06-14 19:00:00
135,ETHUSD,2022-06-14 20:00:00,1192.941197,2022-06-14,2022-06-14 20:00:00
136,ETHUSD,2022-06-14 21:00:00,1176.430554,2022-06-14,2022-06-14 21:00:00
137,ETHUSD,2022-06-14 22:00:00,1170.992862,2022-06-14,2022-06-14 22:00:00
138,ETHUSD,2022-06-14 23:00:00,1197.429233,2022-06-14,2022-06-14 23:00:00
139,ETHUSD,2022-06-15 00:00:00,1203.07445,2022-06-15,2022-06-15 00:00:00
140,ETHUSD,2022-06-15 01:00:00,1209.713951,2022-06-15,2022-06-15 01:00:00
141,ETHUSD,2022-06-15 02:00:00,1202.563958,2022-06-15,2022-06-15 02:00:00
142,ETHUSD,2022-06-15 03:00:00,1186.399626,2022-06-15,2022-06-15 03:00:00
143,ETHUSD,2022-06-15 04:00:00,1135.367933,2022-06-15,2022-06-15 04:00:00
144,ETHUSD,2022-06-15 05:00:00,1119.682151,2022-06-15,2022-06-15 05:00:00
145,ETHUSD,2022-06-15 06:00:00,1123.179246,2022-06-15,2022-06-15 06:00:00
146,ETHUSD,2022-06-15 07:00:00,1106.705993,2022-06-15,2022-06-15 07:00:00
147,ETHUSD,2022-06-15 08:00:00,1053.292928,2022-06-15,2022-06-15 08:00:00
148,ETHUSD,2022-06-15 09:00:00,1031.370975,2022-06-15,2022-06-15 09:00:00
149,ETHUSD,2022-06-15 10:00:00,1047.168147,2022-06-15,2022-06-15 10:00:00
150,ETHUSD,2022-06-15 11:00:00,1094.480709,2022-06-15,2022-06-15 11:00:00
151,ETHUSD,2022-06-15 12:00:00,1125.79721,2022-06-15,2022-06-15 12:00:00
152,ETHUSD,2022-06-15 13:00:00,1132.027797,2022-06-15,2022-06-15 13:00:00
153,ETHUSD,2022-06-15 14:00:00,1117.743059,2022-06-15,2022-06-15 14:00:00
154,ETHUSD,2022-06-15 15:00:00,1111.007781,2022-06-15,2022-06-15 15:00:00
155,ETHUSD,2022-06-15 16:00:00,1100.991371,2022-06-15,2022-06-15 16:00:00
156,ETHUSD,2022-06-15 17:00:00,1090.128665,2022-06-15,2022-06-15 17:00:00
157,ETHUSD,2022-06-15 18:00:00,1126.381642,2022-06-15,2022-06-15 18:00:00
158,ETHUSD,2022-06-15 19:00:00,1188.583091,2022-06-15,2022-06-15 19:00:00
159,ETHUSD,2022-06-15 20:00:00,1168.166689,2022-06-15,2022-06-15 20:00:00
160,ETHUSD,2022-06-15 21:00:00,1202.397448,2022-06-15,2022-06-15 21:00:00
161,ETHUSD,2022-06-15 22:00:00,1229.31415,2022-06-15,2022-06-15 22:00:00
162,ETHUSD,2022-06-15 23:00:00,1226.229166,2022-06-15,2022-06-15 23:00:00
163,ETHUSD,2022-06-16 00:00:00,1240.974315,2022-06-16,2022-06-16 00:00:00
164,ETHUSD,2022-06-16 01:00:00,1245.083126,2022-06-16,2022-06-16 01:00:00
165,ETHUSD,2022-06-16 02:00:00,1217.359686,2022-06-16,2022-06-16 02:00:00
166,ETHUSD,2022-06-16 03:00:00,1208.513224,2022-06-16,2022-06-16 03:00:00
167,ETHUSD,2022-06-16 04:00:00,1208.893229,2022-06-16,2022-06-16 04:00:00
168,ETHUSD,2022-06-16 05:00:00,1190.611627,2022-06-16,2022-06-16 05:00:00
169,ETHUSD,2022-06-16 06:00:00,1175.010689,2022-06-16,2022-06-16 06:00:00
170,ETHUSD,2022-06-16 07:00:00,1163.19375,2022-06-16,2022-06-16 07:00:00
171,ETHUSD,2022-06-16 08:00:00,1172.662059,2022-06-16,2022-06-16 08:00:00
172,ETHUSD,2022-06-16 09:00:00,1126.281663,2022-06-16,2022-06-16 09:00:00
173,ETHUSD,2022-06-16 10:00:00,1107.729982,2022-06-16,2022-06-16 10:00:00
174,ETHUSD,2022-06-16 11:00:00,1111.170911,2022-06-16,2022-06-16 11:00:00
175,ETHUSD,2022-06-16 12:00:00,1128.039304,2022-06-16,2022-06-16 12:00:00
176,ETHUSD,2022-06-16 13:00:00,1114.003612,2022-06-16,2022-06-16 13:00:00
177,ETHUSD,2022-06-16 14:00:00,1094.785587,2022-06-16,2022-06-16 14:00:00
178,ETHUSD,2022-06-16 15:00:00,1116.070015,2022-06-16,2022-06-16 15:00:00
179,ETHUSD,2022-06-16 16:00:00,1115.400503,2022-06-16,2022-06-16 16:00:00
180,ETHUSD,2022-06-16 17:00:00,1121.645481,2022-06-16,2022-06-16 17:00:00
181,ETHUSD,2022-06-16 18:00:00,1102.528164,2022-06-16,2022-06-16 18:00:00
182,ETHUSD,2022-06-16 19:00:00,1102.185,2022-06-16,2022-06-16 19:00:00
183,ETHUSD,2022-06-16 20:00:00,1098.34091,2022-06-16,2022-06-16 20:00:00
184,ETHUSD,2022-06-16 21:00:00,1104.904304,2022-06-16,2022-06-16 21:00:00
185,ETHUSD,2022-06-16 22:00:00,1085.197554,2022-06-16,2022-06-16 22:00:00
186,ETHUSD,2022-06-16 23:00:00,1061.179347,2022-06-16,2022-06-16 23:00:00
187,ETHUSD,2022-06-17 00:00:00,1068.810164,2022-06-17,2022-06-17 00:00:00
188,ETHUSD,2022-06-17 01:00:00,1088.817313,2022-06-17,2022-06-17 01:00:00
189,ETHUSD,2022-06-17 02:00:00,1094.511943,2022-06-17,2022-06-17 02:00:00
190,ETHUSD,2022-06-17 03:00:00,1083.14574,2022-06-17,2022-06-17 03:00:00
191,ETHUSD,2022-06-17 04:00:00,1080.482547,2022-06-17,2022-06-17 04:00:00
192,ETHUSD,2022-06-17 05:00:00,1104.841115,2022-06-17,2022-06-17 05:00:00
193,ETHUSD,2022-06-17 06:00:00,1100.325241,2022-06-17,2022-06-17 06:00:00
194,ETHUSD,2022-06-17 07:00:00,1107.746963,2022-06-17,2022-06-17 07:00:00
195,ETHUSD,2022-06-17 08:00:00,1099.997032,2022-06-17,2022-06-17 08:00:00
196,ETHUSD,2022-06-17 09:00:00,1091.346073,2022-06-17,2022-06-17 09:00:00
197,ETHUSD,2022-06-17 10:00:00,1094.736461,2022-06-17,2022-06-17 10:00:00
198,ETHUSD,2022-06-17 11:00:00,1099.073067,2022-06-17,2022-06-17 11:00:00
199,ETHUSD,2022-06-17 12:00:00,1088.683232,2022-06-17,2022-06-17 12:00:00
200,ETHUSD,2022-06-17 13:00:00,1088.793314,2022-06-17,2022-06-17 13:00:00
201,ETHUSD,2022-06-17 14:00:00,1074.134002,2022-06-17,2022-06-17 14:00:00
202,ETHUSD,2022-06-17 15:00:00,1079.036642,2022-06-17,2022-06-17 15:00:00
203,ETHUSD,2022-06-17 16:00:00,1079.340777,2022-06-17,2022-06-17 16:00:00
204,ETHUSD,2022-06-17 17:00:00,1078.30306,2022-06-17,2022-06-17 17:00:00
205,ETHUSD,2022-06-17 18:00:00,1079.950126,2022-06-17,2022-06-17 18:00:00
206,ETHUSD,2022-06-17 19:00:00,1080.021722,2022-06-17,2022-06-17 19:00:00
207,ETHUSD,2022-06-17 20:00:00,1089.99147,2022-06-17,2022-06-17 20:00:00
208,ETHUSD,2022-06-17 21:00:00,1089.818421,2022-06-17,2022-06-17 21:00:00
209,ETHUSD,2022-06-17 22:00:00,1078.499156,2022-06-17,2022-06-17 22:00:00
210,ETHUSD,2022-06-17 23:00:00,1085.31119,2022-06-17,2022-06-17 23:00:00
211,ETHUSD,2022-06-18 00:00:00,1091.325424,2022-06-18,2022-06-18 00:00:00
212,ETHUSD,2022-06-18 01:00:00,1077.645847,2022-06-18,2022-06-18 01:00:00
213,ETHUSD,2022-06-18 02:00:00,1071.410344,2022-06-18,2022-06-18 02:00:00
214,ETHUSD,2022-06-18 03:00:00,1075.5097,2022-06-18,2022-06-18 03:00:00
215,ETHUSD,2022-06-18 04:00:00,1075.604342,2022-06-18,2022-06-18 04:00:00
216,ETHUSD,2022-06-18 05:00:00,1075.291101,2022-06-18,2022-06-18 05:00:00
217,ETHUSD,2022-06-18 06:00:00,1017.164841,2022-06-18,2022-06-18 06:00:00
218,ETHUSD,2022-06-18 07:00:00,1008.662431,2022-06-18,2022-06-18 07:00:00
219,ETHUSD,2022-06-18 08:00:00,989.144714,2022-06-18,2022-06-18 08:00:00
220,ETHUSD,2022-06-18 09:00:00,988.233598,2022-06-18,2022-06-18 09:00:00
221,ETHUSD,2022-06-18 10:00:00,1003.449636,2022-06-18,2022-06-18 10:00:00
222,ETHUSD,2022-06-18 11:00:00,1002.9725,2022-06-18,2022-06-18 11:00:00
223,ETHUSD,2022-06-18 12:00:00,1000.431197,2022-06-18,2022-06-18 12:00:00
224,ETHUSD,2022-06-18 13:00:00,996.10078,2022-06-18,2022-06-18 13:00:00
225,ETHUSD,2022-06-18 14:00:00,997.441467,2022-06-18,2022-06-18 14:00:00
226,ETHUSD,2022-06-18 15:00:00,989.578841,2022-06-18,2022-06-18 15:00:00
227,ETHUSD,2022-06-18 16:00:00,984.975135,2022-06-18,2022-06-18 16:00:00
228,ETHUSD,2022-06-18 17:00:00,968.957619,2022-06-18,2022-06-18 17:00:00
229,ETHUSD,2022-06-18 18:00:00,947.144747,2022-06-18,2022-06-18 18:00:00
230,ETHUSD,2022-06-18 19:00:00,924.769009,2022-06-18,2022-06-18 19:00:00
231,ETHUSD,2022-06-18 20:00:00,901.273058,2022-06-18,2022-06-18 20:00:00
232,ETHUSD,2022-06-18 21:00:00,930.220295,2022-06-18,2022-06-18 21:00:00
233,ETHUSD,2022-06-18 22:00:00,979.131907,2022-06-18,2022-06-18 22:00:00
234,ETHUSD,2022-06-18 23:00:00,993.959064,2022-06-18,2022-06-18 23:00:00
235,ETHUSD,2022-06-19 00:00:00,998.13476,2022-06-19,2022-06-19 00:00:00
236,ETHUSD,2022-06-19 01:00:00,973.095812,2022-06-19,2022-06-19 01:00:00
237,ETHUSD,2022-06-19 02:00:00,951.419723,2022-06-19,2022-06-19 02:00:00
238,ETHUSD,2022-06-19 03:00:00,965.798887,2022-06-19,2022-06-19 03:00:00
239,ETHUSD,2022-06-19 04:00:00,962.766259,2022-06-19,2022-06-19 04:00:00
240,ETHUSD,2022-06-19 05:00:00,949.086294,2022-06-19,2022-06-19 05:00:00
241,ETHUSD,2022-06-19 06:00:00,953.823161,2022-06-19,2022-06-19 06:00:00
242,ETHUSD,2022-06-19 07:00:00,961.846085,2022-06-19,2022-06-19 07:00:00
243,ETHUSD,2022-06-19 08:00:00,962.004729,2022-06-19,2022-06-19 08:00:00
244,ETHUSD,2022-06-19 09:00:00,988.736241,2022-06-19,2022-06-19 09:00:00
245,ETHUSD,2022-06-19 10:00:00,1044.20197,2022-06-19,2022-06-19 10:00:00
246,ETHUSD,2022-06-19 11:00:00,1054.911352,2022-06-19,2022-06-19 11:00:00
247,ETHUSD,2022-06-19 12:00:00,1046.161322,2022-06-19,2022-06-19 12:00:00
248,ETHUSD,2022-06-19 13:00:00,1031.683212,2022-06-19,2022-06-19 13:00:00
249,ETHUSD,2022-06-19 14:00:00,1028.284199,2022-06-19,2022-06-19 14:00:00
250,ETHUSD,2022-06-19 15:00:00,1054.08157,2022-06-19,2022-06-19 15:00:00
251,ETHUSD,2022-06-19 16:00:00,1062.998829,2022-06-19,2022-06-19 16:00:00
252,ETHUSD,2022-06-19 17:00:00,1048.764511,2022-06-19,2022-06-19 17:00:00
253,ETHUSD,2022-06-19 18:00:00,1076.270476,2022-06-19,2022-06-19 18:00:00
254,ETHUSD,2022-06-19 19:00:00,1101.838015,2022-06-19,2022-06-19 19:00:00
255,ETHUSD,2022-06-19 20:00:00,1130.562458,2022-06-19,2022-06-19 20:00:00
256,ETHUSD,2022-06-19 21:00:00,1136.099634,2022-06-19,2022-06-19 21:00:00
257,ETHUSD,2022-06-19 22:00:00,1137.8397,2022-06-19,2022-06-19 22:00:00
258,ETHUSD,2022-06-19 23:00:00,1124.900145,2022-06-19,2022-06-19 23:00:00
259,ETHUSD,2022-06-20 00:00:00,1097.395911,2022-06-20,2022-06-20 00:00:00
260,ETHUSD,2022-06-20 01:00:00,1077.458515,2022-06-20,2022-06-20 01:00:00
261,ETHUSD,2022-06-20 02:00:00,1075.617642,2022-06-20,2022-06-20 02:00:00
262,ETHUSD,2022-06-20 03:00:00,1079.380846,2022-06-20,2022-06-20 03:00:00
263,ETHUSD,2022-06-20 04:00:00,1082.057222,2022-06-20,2022-06-20 04:00:00
264,ETHUSD,2022-06-20 05:00:00,1065.522114,2022-06-20,2022-06-20 05:00:00
265,ETHUSD,2022-06-20 06:00:00,1078.192435,2022-06-20,2022-06-20 06:00:00
266,ETHUSD,2022-06-20 07:00:00,1070.810945,2022-06-20,2022-06-20 07:00:00
267,ETHUSD,2022-06-20 08:00:00,1105.467356,2022-06-20,2022-06-20 08:00:00
268,ETHUSD,2022-06-20 09:00:00,1128.087698,2022-06-20,2022-06-20 09:00:00
269,ETHUSD,2022-06-20 10:00:00,1138.056131,2022-06-20,2022-06-20 10:00:00
270,ETHUSD,2022-06-20 11:00:00,1153.41523,2022-06-20,2022-06-20 11:00:00
271,ETHUSD,2022-06-20 12:00:00,1135.406872,2022-06-20,2022-06-20 12:00:00
272,ETHUSD,2022-06-20 13:00:00,1125.311709,2022-06-20,2022-06-20 13:00:00
273,ETHUSD,2022-06-20 14:00:00,1130.594538,2022-06-20,2022-06-20 14:00:00
274,ETHUSD,2022-06-20 15:00:00,1130.076216,2022-06-20,2022-06-20 15:00:00
275,ETHUSD,2022-06-20 16:00:00,1112.776275,2022-06-20,2022-06-20 16:00:00
276,ETHUSD,2022-06-20 17:00:00,1108.519479,2022-06-20,2022-06-20 17:00:00
277,ETHUSD,2022-06-20 18:00:00,1089.153476,2022-06-20,2022-06-20 18:00:00
278,ETHUSD,2022-06-20 19:00:00,1102.804828,2022-06-20,2022-06-20 19:00:00
279,ETHUSD,2022-06-20 20:00:00,1118.225704,2022-06-20,2022-06-20 20:00:00
280,ETHUSD,2022-06-20 21:00:00,1115.988617,2022-06-20,2022-06-20 21:00:00
281,ETHUSD,2022-06-20 22:00:00,1096.478985,2022-06-20,2022-06-20 22:00:00
282,ETHUSD,2022-06-20 23:00:00,1125.886804,2022-06-20,2022-06-20 23:00:00
283,ETHUSD,2022-06-21 00:00:00,1124.12414,2022-06-21,2022-06-21 00:00:00
284,ETHUSD,2022-06-21 01:00:00,1128.511435,2022-06-21,2022-06-21 01:00:00
285,ETHUSD,2022-06-21 02:00:00,1116.621804,2022-06-21,2022-06-21 02:00:00
286,ETHUSD,2022-06-21 03:00:00,1124.355751,2022-06-21,2022-06-21 03:00:00
287,ETHUSD,2022-06-21 04:00:00,1126.207338,2022-06-21,2022-06-21 04:00:00
288,ETHUSD,2022-06-21 05:00:00,1145.862338,2022-06-21,2022-06-21 05:00:00
289,ETHUSD,2022-06-21 06:00:00,1157.039181,2022-06-21,2022-06-21 06:00:00
290,ETHUSD,2022-06-21 07:00:00,1146.767274,2022-06-21,2022-06-21 07:00:00
291,ETHUSD,2022-06-21 08:00:00,1164.326886,2022-06-21,2022-06-21 08:00:00
292,ETHUSD,2022-06-21 09:00:00,1163.3078,2022-06-21,2022-06-21 09:00:00
293,ETHUSD,2022-06-21 10:00:00,1153.149647,2022-06-21,2022-06-21 10:00:00
294,ETHUSD,2022-06-21 11:00:00,1146.332158,2022-06-21,2022-06-21 11:00:00
295,ETHUSD,2022-06-21 12:00:00,1144.297053,2022-06-21,2022-06-21 12:00:00
296,ETHUSD,2022-06-21 13:00:00,1157.74126,2022-06-21,2022-06-21 13:00:00
297,ETHUSD,2022-06-21 14:00:00,1184.799305,2022-06-21,2022-06-21 14:00:00
298,ETHUSD,2022-06-21 15:00:00,1173.588181,2022-06-21,2022-06-21 15:00:00
299,ETHUSD,2022-06-21 16:00:00,1167.715391,2022-06-21,2022-06-21 16:00:00
300,ETHUSD,2022-06-21 17:00:00,1158.261413,2022-06-21,2022-06-21 17:00:00
301,ETHUSD,2022-06-21 18:00:00,1144.726819,2022-06-21,2022-06-21 18:00:00
302,ETHUSD,2022-06-21 19:00:00,1135.052392,2022-06-21,2022-06-21 19:00:00
303,ETHUSD,2022-06-21 20:00:00,1119.135989,2022-06-21,2022-06-21 20:00:00
304,ETHUSD,2022-06-21 21:00:00,1126.241562,2022-06-21,2022-06-21 21:00:00
305,ETHUSD,2022-06-21 22:00:00,1132.695129,2022-06-21,2022-06-21 22:00:00
306,ETHUSD,2022-06-21 23:00:00,1126.950935,2022-06-21,2022-06-21 23:00:00
307,ETHUSD,2022-06-22 00:00:00,1114.524611,2022-06-22,2022-06-22 00:00:00
308,ETHUSD,2022-06-22 01:00:00,1109.08095,2022-06-22,2022-06-22 01:00:00
309,ETHUSD,2022-06-22 02:00:00,1100.249415,2022-06-22,2022-06-22 02:00:00
310,ETHUSD,2022-06-22 03:00:00,1096.394009,2022-06-22,2022-06-22 03:00:00
311,ETHUSD,2022-06-22 04:00:00,1092.915047,2022-06-22,2022-06-22 04:00:00
312,ETHUSD,2022-06-22 05:00:00,1099.601775,2022-06-22,2022-06-22 05:00:00
313,ETHUSD,2022-06-22 06:00:00,1076.788819,2022-06-22,2022-06-22 06:00:00
314,ETHUSD,2022-06-22 07:00:00,1077.734507,2022-06-22,2022-06-22 07:00:00
315,ETHUSD,2022-06-22 08:00:00,1078.444555,2022-06-22,2022-06-22 08:00:00
316,ETHUSD,2022-06-22 09:00:00,1089.675927,2022-06-22,2022-06-22 09:00:00
317,ETHUSD,2022-06-22 10:00:00,1089.478769,2022-06-22,2022-06-22 10:00:00
318,ETHUSD,2022-06-22 11:00:00,1097.859848,2022-06-22,2022-06-22 11:00:00
319,ETHUSD,2022-06-22 12:00:00,1082.795656,2022-06-22,2022-06-22 12:00:00
320,ETHUSD,2022-06-22 13:00:00,1090.94591,2022-06-22,2022-06-22 13:00:00
321,ETHUSD,2022-06-22 14:00:00,1114.762067,2022-06-22,2022-06-22 14:00:00
322,ETHUSD,2022-06-22 15:00:00,1073.633989,2022-06-22,2022-06-22 15:00:00
323,ETHUSD,2022-06-22 16:00:00,1071.617122,2022-06-22,2022-06-22 16:00:00
324,ETHUSD,2022-06-22 17:00:00,1079.209118,2022-06-22,2022-06-22 17:00:00
325,ETHUSD,2022-06-22 18:00:00,1082.107372,2022-06-22,2022-06-22 18:00:00
326,ETHUSD,2022-06-22 19:00:00,1065.447837,2022-06-22,2022-06-22 19:00:00
327,ETHUSD,2022-06-22 20:00:00,1054.135191,2022-06-22,2022-06-22 20:00:00
328,ETHUSD,2022-06-22 21:00:00,1053.072076,2022-06-22,2022-06-22 21:00:00
329,ETHUSD,2022-06-22 22:00:00,1058.148687,2022-06-22,2022-06-22 22:00:00
330,ETHUSD,2022-06-22 23:00:00,1053.481489,2022-06-22,2022-06-22 23:00:00
331,ETHUSD,2022-06-23 00:00:00,1077.223995,2022-06-23,2022-06-23 00:00:00
332,ETHUSD,2022-06-23 01:00:00,1089.662187,2022-06-23,2022-06-23 01:00:00
333,ETHUSD,2022-06-23 02:00:00,1088.00171,2022-06-23,2022-06-23 02:00:00
334,ETHUSD,2022-06-23 03:00:00,1078.974365,2022-06-23,2022-06-23 03:00:00
335,ETHUSD,2022-06-23 04:00:00,1079.980288,2022-06-23,2022-06-23 04:00:00
336,ETHUSD,2022-06-23 05:00:00,1086.476918,2022-06-23,2022-06-23 05:00:00
337,ETHUSD,2022-06-23 06:00:00,1098.017534,2022-06-23,2022-06-23 06:00:00
338,ETHUSD,2022-06-23 07:00:00,1098.055333,2022-06-23,2022-06-23 07:00:00
339,ETHUSD,2022-06-23 08:00:00,1094.508,2022-06-23,2022-06-23 08:00:00
340,ETHUSD,2022-06-23 09:00:00,1099.02872,2022-06-23,2022-06-23 09:00:00
341,ETHUSD,2022-06-23 10:00:00,1111.270155,2022-06-23,2022-06-23 10:00:00
342,ETHUSD,2022-06-23 11:00:00,1105.942347,2022-06-23,2022-06-23 11:00:00
343,ETHUSD,2022-06-23 12:00:00,1117.837881,2022-06-23,2022-06-23 12:00:00
344,ETHUSD,2022-06-23 13:00:00,1114.241611,2022-06-23,2022-06-23 13:00:00
345,ETHUSD,2022-06-23 14:00:00,1106.081228,2022-06-23,2022-06-23 14:00:00
346,ETHUSD,2022-06-23 15:00:00,1097.522511,2022-06-23,2022-06-23 15:00:00
347,ETHUSD,2022-06-23 16:00:00,1091.669668,2022-06-23,2022-06-23 16:00:00
348,ETHUSD,2022-06-23 17:00:00,1091.972886,2022-06-23,2022-06-23 17:00:00
349,ETHUSD,2022-06-23 18:00:00,1099.405511,2022-06-23,2022-06-23 18:00:00
350,ETHUSD,2022-06-23 19:00:00,1110.94977,2022-06-23,2022-06-23 19:00:00
351,ETHUSD,2022-06-23 20:00:00,1132.299479,2022-06-23,2022-06-23 20:00:00
352,ETHUSD,2022-06-23 21:00:00,1130.241346,2022-06-23,2022-06-23 21:00:00
353,ETHUSD,2022-06-23 22:00:00,1141.136296,2022-06-23,2022-06-23 22:00:00
354,ETHUSD,2022-06-23 23:00:00,1144.732088,2022-06-23,2022-06-23 23:00:00
355,ETHUSD,2022-06-24 00:00:00,1147.127525,2022-06-24,2022-06-24 00:00:00
356,ETHUSD,2022-06-24 01:00:00,1152.571233,2022-06-24,2022-06-24 01:00:00
357,ETHUSD,2022-06-24 02:00:00,1158.858472,2022-06-24,2022-06-24 02:00:00
358,ETHUSD,2022-06-24 03:00:00,1151.052092,2022-06-24,2022-06-24 03:00:00
359,ETHUSD,2022-06-24 04:00:00,1149.148674,2022-06-24,2022-06-24 04:00:00
360,ETHUSD,2022-06-24 05:00:00,1145.487677,2022-06-24,2022-06-24 05:00:00
361,ETHUSD,2022-06-24 06:00:00,1137.159068,2022-06-24,2022-06-24 06:00:00
362,ETHUSD,2022-06-24 07:00:00,1146.346743,2022-06-24,2022-06-24 07:00:00
363,ETHUSD,2022-06-24 08:00:00,1155.659245,2022-06-24,2022-06-24 08:00:00
364,ETHUSD,2022-06-24 09:00:00,1153.149726,2022-06-24,2022-06-24 09:00:00
365,ETHUSD,2022-06-24 10:00:00,1156.09357,2022-06-24,2022-06-24 10:00:00
366,ETHUSD,2022-06-24 11:00:00,1177.956492,2022-06-24,2022-06-24 11:00:00
367,ETHUSD,2022-06-24 12:00:00,1214.13124,2022-06-24,2022-06-24 12:00:00
368,ETHUSD,2022-06-24 13:00:00,1213.233141,2022-06-24,2022-06-24 13:00:00
369,ETHUSD,2022-06-24 14:00:00,1205.165039,2022-06-24,2022-06-24 14:00:00
370,ETHUSD,2022-06-24 15:00:00,1195.785976,2022-06-24,2022-06-24 15:00:00
371,ETHUSD,2022-06-24 16:00:00,1193.822311,2022-06-24,2022-06-24 16:00:00
372,ETHUSD,2022-06-24 17:00:00,1209.429177,2022-06-24,2022-06-24 17:00:00
373,ETHUSD,2022-06-24 18:00:00,1209.153893,2022-06-24,2022-06-24 18:00:00
374,ETHUSD,2022-06-24 19:00:00,1219.035366,2022-06-24,2022-06-24 19:00:00
375,ETHUSD,2022-06-24 20:00:00,1221.312767,2022-06-24,2022-06-24 20:00:00
376,ETHUSD,2022-06-24 21:00:00,1219.526096,2022-06-24,2022-06-24 21:00:00
377,ETHUSD,2022-06-24 22:00:00,1236.073073,2022-06-24,2022-06-24 22:00:00
378,ETHUSD,2022-06-24 23:00:00,1233.141488,2022-06-24,2022-06-24 23:00:00
379,ETHUSD,2022-06-25 00:00:00,1217.866885,2022-06-25,2022-06-25 00:00:00
380,ETHUSD,2022-06-25 01:00:00,1218.564613,2022-06-25,2022-06-25 01:00:00
381,ETHUSD,2022-06-25 02:00:00,1214.875235,2022-06-25,2022-06-25 02:00:00
382,ETHUSD,2022-06-25 03:00:00,1223.270556,2022-06-25,2022-06-25 03:00:00
383,ETHUSD,2022-06-25 04:00:00,1220.630908,2022-06-25,2022-06-25 04:00:00
384,ETHUSD,2022-06-25 05:00:00,1223.372181,2022-06-25,2022-06-25 05:00:00
385,ETHUSD,2022-06-25 06:00:00,1216.294287,2022-06-25,2022-06-25 06:00:00
386,ETHUSD,2022-06-25 07:00:00,1230.026068,2022-06-25,2022-06-25 07:00:00
387,ETHUSD,2022-06-25 08:00:00,1234.276318,2022-06-25,2022-06-25 08:00:00
388,ETHUSD,2022-06-25 09:00:00,1232.249472,2022-06-25,2022-06-25 09:00:00
389,ETHUSD,2022-06-25 10:00:00,1222.804032,2022-06-25,2022-06-25 10:00:00
390,ETHUSD,2022-06-25 11:00:00,1218.262605,2022-06-25,2022-06-25 11:00:00
391,ETHUSD,2022-06-25 12:00:00,1197.971796,2022-06-25,2022-06-25 12:00:00
392,ETHUSD,2022-06-25 13:00:00,1200.7703,2022-06-25,2022-06-25 13:00:00
393,ETHUSD,2022-06-25 14:00:00,1196.194723,2022-06-25,2022-06-25 14:00:00
394,ETHUSD,2022-06-25 15:00:00,1190.185587,2022-06-25,2022-06-25 15:00:00
395,ETHUSD,2022-06-25 16:00:00,1187.575464,2022-06-25,2022-06-25 16:00:00
396,ETHUSD,2022-06-25 17:00:00,1192.914563,2022-06-25,2022-06-25 17:00:00
397,ETHUSD,2022-06-25 18:00:00,1202.884894,2022-06-25,2022-06-25 18:00:00
398,ETHUSD,2022-06-25 19:00:00,1205.748517,2022-06-25,2022-06-25 19:00:00
399,ETHUSD,2022-06-25 20:00:00,1206.237613,2022-06-25,2022-06-25 20:00:00
400,ETHUSD,2022-06-25 21:00:00,1229.130668,2022-06-25,2022-06-25 21:00:00
401,ETHUSD,2022-06-25 22:00:00,1247.503929,2022-06-25,2022-06-25 22:00:00
402,ETHUSD,2022-06-25 23:00:00,1243.988385,2022-06-25,2022-06-25 23:00:00
403,ETHUSD,2022-06-26 00:00:00,1239.051783,2022-06-26,2022-06-26 00:00:00
404,ETHUSD,2022-06-26 01:00:00,1236.556136,2022-06-26,2022-06-26 01:00:00
405,ETHUSD,2022-06-26 02:00:00,1232.750133,2022-06-26,2022-06-26 02:00:00
406,ETHUSD,2022-06-26 03:00:00,1232.768919,2022-06-26,2022-06-26 03:00:00
407,ETHUSD,2022-06-26 04:00:00,1235.427048,2022-06-26,2022-06-26 04:00:00
408,ETHUSD,2022-06-26 05:00:00,1237.738222,2022-06-26,2022-06-26 05:00:00
409,ETHUSD,2022-06-26 06:00:00,1242.003007,2022-06-26,2022-06-26 06:00:00
410,ETHUSD,2022-06-26 07:00:00,1241.207597,2022-06-26,2022-06-26 07:00:00
411,ETHUSD,2022-06-26 08:00:00,1242.286203,2022-06-26,2022-06-26 08:00:00
412,ETHUSD,2022-06-26 09:00:00,1242.046475,2022-06-26,2022-06-26 09:00:00
413,ETHUSD,2022-06-26 10:00:00,1243.215967,2022-06-26,2022-06-26 10:00:00
414,ETHUSD,2022-06-26 11:00:00,1262.74405,2022-06-26,2022-06-26 11:00:00
415,ETHUSD,2022-06-26 12:00:00,1262.822466,2022-06-26,2022-06-26 12:00:00
416,ETHUSD,2022-06-26 13:00:00,1231.630139,2022-06-26,2022-06-26 13:00:00
417,ETHUSD,2022-06-26 14:00:00,1230.38708,2022-06-26,2022-06-26 14:00:00
418,ETHUSD,2022-06-26 15:00:00,1218.0333,2022-06-26,2022-06-26 15:00:00
419,ETHUSD,2022-06-26 16:00:00,1226.165333,2022-06-26,2022-06-26 16:00:00
420,ETHUSD,2022-06-26 17:00:00,1220.409256,2022-06-26,2022-06-26 17:00:00
421,ETHUSD,2022-06-26 18:00:00,1213.010678,2022-06-26,2022-06-26 18:00:00
422,ETHUSD,2022-06-26 19:00:00,1224.960066,2022-06-26,2022-06-26 19:00:00
423,ETHUSD,2022-06-26 20:00:00,1237.200519,2022-06-26,2022-06-26 20:00:00
424,ETHUSD,2022-06-26 21:00:00,1238.635965,2022-06-26,2022-06-26 21:00:00
425,ETHUSD,2022-06-26 22:00:00,1214.03728,2022-06-26,2022-06-26 22:00:00
426,ETHUSD,2022-06-26 23:00:00,1200.8869,2022-06-26,2022-06-26 23:00:00
427,ETHUSD,2022-06-27 00:00:00,1204.106542,2022-06-27,2022-06-27 00:00:00
428,ETHUSD,2022-06-27 01:00:00,1211.308098,2022-06-27,2022-06-27 01:00:00
429,ETHUSD,2022-06-27 02:00:00,1219.424841,2022-06-27,2022-06-27 02:00:00
430,ETHUSD,2022-06-27 03:00:00,1221.237364,2022-06-27,2022-06-27 03:00:00
431,ETHUSD,2022-06-27 04:00:00,1221.846632,2022-06-27,2022-06-27 04:00:00
432,ETHUSD,2022-06-27 05:00:00,1216.558273,2022-06-27,2022-06-27 05:00:00
433,ETHUSD,2022-06-27 06:00:00,1215.947162,2022-06-27,2022-06-27 06:00:00
434,ETHUSD,2022-06-27 07:00:00,1226.910817,2022-06-27,2022-06-27 07:00:00
435,ETHUSD,2022-06-27 08:00:00,1230.091112,2022-06-27,2022-06-27 08:00:00
436,ETHUSD,2022-06-27 09:00:00,1230.72961,2022-06-27,2022-06-27 09:00:00
437,ETHUSD,2022-06-27 10:00:00,1233.792879,2022-06-27,2022-06-27 10:00:00
438,ETHUSD,2022-06-27 11:00:00,1222.38693,2022-06-27,2022-06-27 11:00:00
439,ETHUSD,2022-06-27 12:00:00,1217.077233,2022-06-27,2022-06-27 12:00:00
440,ETHUSD,2022-06-27 13:00:00,1190.227156,2022-06-27,2022-06-27 13:00:00
441,ETHUSD,2022-06-27 14:00:00,1179.525814,2022-06-27,2022-06-27 14:00:00
442,ETHUSD,2022-06-27 15:00:00,1185.965484,2022-06-27,2022-06-27 15:00:00
443,ETHUSD,2022-06-27 16:00:00,1183.518622,2022-06-27,2022-06-27 16:00:00
444,ETHUSD,2022-06-27 17:00:00,1184.684292,2022-06-27,2022-06-27 17:00:00
445,ETHUSD,2022-06-27 18:00:00,1202.519873,2022-06-27,2022-06-27 18:00:00
446,ETHUSD,2022-06-27 19:00:00,1193.873872,2022-06-27,2022-06-27 19:00:00
447,ETHUSD,2022-06-27 20:00:00,1201.862544,2022-06-27,2022-06-27 20:00:00
448,ETHUSD,2022-06-27 21:00:00,1201.202913,2022-06-27,2022-06-27 21:00:00
449,ETHUSD,2022-06-27 22:00:00,1205.871608,2022-06-27,2022-06-27 22:00:00
450,ETHUSD,2022-06-27 23:00:00,1189.816895,2022-06-27,2022-06-27 23:00:00
451,ETHUSD,2022-06-28 00:00:00,1182.535648,2022-06-28,2022-06-28 00:00:00
452,ETHUSD,2022-06-28 01:00:00,1172.741684,2022-06-28,2022-06-28 01:00:00
453,ETHUSD,2022-06-28 02:00:00,1168.06533,2022-06-28,2022-06-28 02:00:00
454,ETHUSD,2022-06-28 03:00:00,1178.350799,2022-06-28,2022-06-28 03:00:00
455,ETHUSD,2022-06-28 04:00:00,1182.133273,2022-06-28,2022-06-28 04:00:00
456,ETHUSD,2022-06-28 05:00:00,1189.850267,2022-06-28,2022-06-28 05:00:00
457,ETHUSD,2022-06-28 06:00:00,1195.87087,2022-06-28,2022-06-28 06:00:00
458,ETHUSD,2022-06-28 07:00:00,1207.053065,2022-06-28,2022-06-28 07:00:00
459,ETHUSD,2022-06-28 08:00:00,1208.87013,2022-06-28,2022-06-28 08:00:00
460,ETHUSD,2022-06-28 09:00:00,1227.483691,2022-06-28,2022-06-28 09:00:00
461,ETHUSD,2022-06-28 10:00:00,1222.578162,2022-06-28,2022-06-28 10:00:00
462,ETHUSD,2022-06-28 11:00:00,1222.613896,2022-06-28,2022-06-28 11:00:00
463,ETHUSD,2022-06-28 12:00:00,1226.021986,2022-06-28,2022-06-28 12:00:00
464,ETHUSD,2022-06-28 13:00:00,1227.029402,2022-06-28,2022-06-28 13:00:00
465,ETHUSD,2022-06-28 14:00:00,1203.830933,2022-06-28,2022-06-28 14:00:00
466,ETHUSD,2022-06-28 15:00:00,1188.80682,2022-06-28,2022-06-28 15:00:00
467,ETHUSD,2022-06-28 16:00:00,1183.637268,2022-06-28,2022-06-28 16:00:00
468,ETHUSD,2022-06-28 17:00:00,1183.317586,2022-06-28,2022-06-28 17:00:00
469,ETHUSD,2022-06-28 18:00:00,1159.342583,2022-06-28,2022-06-28 18:00:00
470,ETHUSD,2022-06-28 19:00:00,1155.172697,2022-06-28,2022-06-28 19:00:00
471,ETHUSD,2022-06-28 20:00:00,1158.642073,2022-06-28,2022-06-28 20:00:00
472,ETHUSD,2022-06-28 21:00:00,1164.292547,2022-06-28,2022-06-28 21:00:00
473,ETHUSD,2022-06-28 22:00:00,1151.464773,2022-06-28,2022-06-28 22:00:00
474,ETHUSD,2022-06-28 23:00:00,1141.282709,2022-06-28,2022-06-28 23:00:00
475,ETHUSD,2022-06-29 00:00:00,1142.024134,2022-06-29,2022-06-29 00:00:00
476,ETHUSD,2022-06-29 01:00:00,1148.119659,2022-06-29,2022-06-29 01:00:00
477,ETHUSD,2022-06-29 02:00:00,1145.219402,2022-06-29,2022-06-29 02:00:00
478,ETHUSD,2022-06-29 03:00:00,1146.971329,2022-06-29,2022-06-29 03:00:00
479,ETHUSD,2022-06-29 04:00:00,1146.402206,2022-06-29,2022-06-29 04:00:00
0,BTCUSD,2022-06-09 05:00:00,30346.747383,2022-06-09,2022-06-09 05:00:00
1,BTCUSD,2022-06-09 06:00:00,30299.17274,2022-06-09,2022-06-09 06:00:00
2,BTCUSD,2022-06-09 07:00:00,30351.478928,2022-06-09,2022-06-09 07:00:00
3,BTCUSD,2022-06-09 08:00:00,30443.38873,2022-06-09,2022-06-09 08:00:00
4,BTCUSD,2022-06-09 09:00:00,30579.789025,2022-06-09,2022-06-09 09:00:00
5,BTCUSD,2022-06-09 10:00:00,30526.256536,2022-06-09,2022-06-09 10:00:00
6,BTCUSD,2022-06-09 11:00:00,30347.244725,2022-06-09,2022-06-09 11:00:00
7,BTCUSD,2022-06-09 12:00:00,30106.353255,2022-06-09,2022-06-09 12:00:00
8,BTCUSD,2022-06-09 13:00:00,30017.536575,2022-06-09,2022-06-09 13:00:00
9,BTCUSD,2022-06-09 14:00:00,30140.740474,2022-06-09,2022-06-09 14:00:00
10,BTCUSD,2022-06-09 15:00:00,30195.849375,2022-06-09,2022-06-09 15:00:00
11,BTCUSD,2022-06-09 16:00:00,30334.203808,2022-06-09,2022-06-09 16:00:00
12,BTCUSD,2022-06-09 17:00:00,30313.52393,2022-06-09,2022-06-09 17:00:00
13,BTCUSD,2022-06-09 18:00:00,30204.044963,2022-06-09,2022-06-09 18:00:00
14,BTCUSD,2022-06-09 19:00:00,30071.612604,2022-06-09,2022-06-09 19:00:00
15,BTCUSD,2022-06-09 20:00:00,30073.416719,2022-06-09,2022-06-09 20:00:00
16,BTCUSD,2022-06-09 21:00:00,30171.646587,2022-06-09,2022-06-09 21:00:00
17,BTCUSD,2022-06-09 22:00:00,30024.677376,2022-06-09,2022-06-09 22:00:00
18,BTCUSD,2022-06-09 23:00:00,29987.458948,2022-06-09,2022-06-09 23:00:00
19,BTCUSD,2022-06-10 00:00:00,29816.931309,2022-06-10,2022-06-10 00:00:00
20,BTCUSD,2022-06-10 01:00:00,29879.806912,2022-06-10,2022-06-10 01:00:00
21,BTCUSD,2022-06-10 02:00:00,29976.066996,2022-06-10,2022-06-10 02:00:00
22,BTCUSD,2022-06-10 03:00:00,30245.23285,2022-06-10,2022-06-10 03:00:00
23,BTCUSD,2022-06-10 04:00:00,30079.113504,2022-06-10,2022-06-10 04:00:00
24,BTCUSD,2022-06-10 05:00:00,30105.212443,2022-06-10,2022-06-10 05:00:00
25,BTCUSD,2022-06-10 06:00:00,30114.687471,2022-06-10,2022-06-10 06:00:00
26,BTCUSD,2022-06-10 07:00:00,30064.983876,2022-06-10,2022-06-10 07:00:00
27,BTCUSD,2022-06-10 08:00:00,30017.242296,2022-06-10,2022-06-10 08:00:00
28,BTCUSD,2022-06-10 09:00:00,29944.520418,2022-06-10,2022-06-10 09:00:00
29,BTCUSD,2022-06-10 10:00:00,29924.640417,2022-06-10,2022-06-10 10:00:00
30,BTCUSD,2022-06-10 11:00:00,29962.742398,2022-06-10,2022-06-10 11:00:00
31,BTCUSD,2022-06-10 12:00:00,29745.076527,2022-06-10,2022-06-10 12:00:00
32,BTCUSD,2022-06-10 13:00:00,29459.197326,2022-06-10,2022-06-10 13:00:00
33,BTCUSD,2022-06-10 14:00:00,29479.873392,2022-06-10,2022-06-10 14:00:00
34,BTCUSD,2022-06-10 15:00:00,29517.319691,2022-06-10,2022-06-10 15:00:00
35,BTCUSD,2022-06-10 16:00:00,29123.071738,2022-06-10,2022-06-10 16:00:00
36,BTCUSD,2022-06-10 17:00:00,29037.828384,2022-06-10,2022-06-10 17:00:00
37,BTCUSD,2022-06-10 18:00:00,29045.154024,2022-06-10,2022-06-10 18:00:00
38,BTCUSD,2022-06-10 19:00:00,29006.63518,2022-06-10,2022-06-10 19:00:00
39,BTCUSD,2022-06-10 20:00:00,29137.762733,2022-06-10,2022-06-10 20:00:00
40,BTCUSD,2022-06-10 21:00:00,29226.159481,2022-06-10,2022-06-10 21:00:00
41,BTCUSD,2022-06-10 22:00:00,29187.225369,2022-06-10,2022-06-10 22:00:00
42,BTCUSD,2022-06-10 23:00:00,29093.303022,2022-06-10,2022-06-10 23:00:00
43,BTCUSD,2022-06-11 00:00:00,29170.984199,2022-06-11,2022-06-11 00:00:00
44,BTCUSD,2022-06-11 01:00:00,29183.449267,2022-06-11,2022-06-11 01:00:00
45,BTCUSD,2022-06-11 02:00:00,29196.332665,2022-06-11,2022-06-11 02:00:00
46,BTCUSD,2022-06-11 03:00:00,29247.024533,2022-06-11,2022-06-11 03:00:00
47,BTCUSD,2022-06-11 04:00:00,29312.758049,2022-06-11,2022-06-11 04:00:00
48,BTCUSD,2022-06-11 05:00:00,29307.737375,2022-06-11,2022-06-11 05:00:00
49,BTCUSD,2022-06-11 06:00:00,29261.162425,2022-06-11,2022-06-11 06:00:00
50,BTCUSD,2022-06-11 07:00:00,29288.436985,2022-06-11,2022-06-11 07:00:00
51,BTCUSD,2022-06-11 08:00:00,29133.592379,2022-06-11,2022-06-11 08:00:00
52,BTCUSD,2022-06-11 09:00:00,28922.555453,2022-06-11,2022-06-11 09:00:00
53,BTCUSD,2022-06-11 10:00:00,28964.710778,2022-06-11,2022-06-11 10:00:00
54,BTCUSD,2022-06-11 11:00:00,28714.584407,2022-06-11,2022-06-11 11:00:00
55,BTCUSD,2022-06-11 12:00:00,28631.924201,2022-06-11,2022-06-11 12:00:00
56,BTCUSD,2022-06-11 13:00:00,28559.601854,2022-06-11,2022-06-11 13:00:00
57,BTCUSD,2022-06-11 14:00:00,28498.578318,2022-06-11,2022-06-11 14:00:00
58,BTCUSD,2022-06-11 15:00:00,28368.407839,2022-06-11,2022-06-11 15:00:00
59,BTCUSD,2022-06-11 16:00:00,28269.13439,2022-06-11,2022-06-11 16:00:00
60,BTCUSD,2022-06-11 17:00:00,28471.110826,2022-06-11,2022-06-11 17:00:00
61,BTCUSD,2022-06-11 18:00:00,28544.136861,2022-06-11,2022-06-11 18:00:00
62,BTCUSD,2022-06-11 19:00:00,28636.67077,2022-06-11,2022-06-11 19:00:00
63,BTCUSD,2022-06-11 20:00:00,28487.257531,2022-06-11,2022-06-11 20:00:00
64,BTCUSD,2022-06-11 21:00:00,28509.387249,2022-06-11,2022-06-11 21:00:00
65,BTCUSD,2022-06-11 22:00:00,28596.520304,2022-06-11,2022-06-11 22:00:00
66,BTCUSD,2022-06-11 23:00:00,28413.931271,2022-06-11,2022-06-11 23:00:00
67,BTCUSD,2022-06-12 00:00:00,28497.096402,2022-06-12,2022-06-12 00:00:00
68,BTCUSD,2022-06-12 01:00:00,28299.497641,2022-06-12,2022-06-12 01:00:00
69,BTCUSD,2022-06-12 02:00:00,27717.459129,2022-06-12,2022-06-12 02:00:00
70,BTCUSD,2022-06-12 03:00:00,27503.240401,2022-06-12,2022-06-12 03:00:00
71,BTCUSD,2022-06-12 04:00:00,27465.160012,2022-06-12,2022-06-12 04:00:00
72,BTCUSD,2022-06-12 05:00:00,27329.683628,2022-06-12,2022-06-12 05:00:00
73,BTCUSD,2022-06-12 06:00:00,27442.011614,2022-06-12,2022-06-12 06:00:00
74,BTCUSD,2022-06-12 07:00:00,27450.202103,2022-06-12,2022-06-12 07:00:00
75,BTCUSD,2022-06-12 08:00:00,27542.361273,2022-06-12,2022-06-12 08:00:00
76,BTCUSD,2022-06-12 09:00:00,27466.722517,2022-06-12,2022-06-12 09:00:00
77,BTCUSD,2022-06-12 10:00:00,27405.828861,2022-06-12,2022-06-12 10:00:00
78,BTCUSD,2022-06-12 11:00:00,27397.436069,2022-06-12,2022-06-12 11:00:00
79,BTCUSD,2022-06-12 12:00:00,27463.294421,2022-06-12,2022-06-12 12:00:00
80,BTCUSD,2022-06-12 13:00:00,27273.851534,2022-06-12,2022-06-12 13:00:00
81,BTCUSD,2022-06-12 14:00:00,27603.471741,2022-06-12,2022-06-12 14:00:00
82,BTCUSD,2022-06-12 15:00:00,28009.39768,2022-06-12,2022-06-12 15:00:00
83,BTCUSD,2022-06-12 16:00:00,27954.82513,2022-06-12,2022-06-12 16:00:00
84,BTCUSD,2022-06-12 17:00:00,28168.102609,2022-06-12,2022-06-12 17:00:00
85,BTCUSD,2022-06-12 18:00:00,27938.295918,2022-06-12,2022-06-12 18:00:00
86,BTCUSD,2022-06-12 19:00:00,27541.447761,2022-06-12,2022-06-12 19:00:00
87,BTCUSD,2022-06-12 20:00:00,27409.434511,2022-06-12,2022-06-12 20:00:00
88,BTCUSD,2022-06-12 21:00:00,27381.137873,2022-06-12,2022-06-12 21:00:00
89,BTCUSD,2022-06-12 22:00:00,27063.329896,2022-06-12,2022-06-12 22:00:00
90,BTCUSD,2022-06-12 23:00:00,26821.115382,2022-06-12,2022-06-12 23:00:00
91,BTCUSD,2022-06-13 00:00:00,26536.079936,2022-06-13,2022-06-13 00:00:00
92,BTCUSD,2022-06-13 01:00:00,25902.969014,2022-06-13,2022-06-13 01:00:00
93,BTCUSD,2022-06-13 02:00:00,25618.368975,2022-06-13,2022-06-13 02:00:00
94,BTCUSD,2022-06-13 03:00:00,25225.552244,2022-06-13,2022-06-13 03:00:00
95,BTCUSD,2022-06-13 04:00:00,25807.600401,2022-06-13,2022-06-13 04:00:00
96,BTCUSD,2022-06-13 05:00:00,25463.688362,2022-06-13,2022-06-13 05:00:00
97,BTCUSD,2022-06-13 06:00:00,25329.541463,2022-06-13,2022-06-13 06:00:00
98,BTCUSD,2022-06-13 07:00:00,24926.491178,2022-06-13,2022-06-13 07:00:00
99,BTCUSD,2022-06-13 08:00:00,24545.969135,2022-06-13,2022-06-13 08:00:00
100,BTCUSD,2022-06-13 09:00:00,24108.365481,2022-06-13,2022-06-13 09:00:00
101,BTCUSD,2022-06-13 10:00:00,24065.851933,2022-06-13,2022-06-13 10:00:00
102,BTCUSD,2022-06-13 11:00:00,23619.380839,2022-06-13,2022-06-13 11:00:00
103,BTCUSD,2022-06-13 12:00:00,23950.541851,2022-06-13,2022-06-13 12:00:00
104,BTCUSD,2022-06-13 13:00:00,23616.829811,2022-06-13,2022-06-13 13:00:00
105,BTCUSD,2022-06-13 14:00:00,23056.206121,2022-06-13,2022-06-13 14:00:00
106,BTCUSD,2022-06-13 15:00:00,23057.706097,2022-06-13,2022-06-13 15:00:00
107,BTCUSD,2022-06-13 16:00:00,23756.051729,2022-06-13,2022-06-13 16:00:00
108,BTCUSD,2022-06-13 17:00:00,23325.575641,2022-06-13,2022-06-13 17:00:00
109,BTCUSD,2022-06-13 18:00:00,23576.675343,2022-06-13,2022-06-13 18:00:00
110,BTCUSD,2022-06-13 19:00:00,23220.504805,2022-06-13,2022-06-13 19:00:00
111,BTCUSD,2022-06-13 20:00:00,23465.007987,2022-06-13,2022-06-13 20:00:00
112,BTCUSD,2022-06-13 21:00:00,23074.413836,2022-06-13,2022-06-13 21:00:00
113,BTCUSD,2022-06-13 22:00:00,22804.124763,2022-06-13,2022-06-13 22:00:00
114,BTCUSD,2022-06-13 23:00:00,22273.114497,2022-06-13,2022-06-13 23:00:00
115,BTCUSD,2022-06-14 00:00:00,22399.408937,2022-06-14,2022-06-14 00:00:00
116,BTCUSD,2022-06-14 01:00:00,21313.428824,2022-06-14,2022-06-14 01:00:00
117,BTCUSD,2022-06-14 02:00:00,21301.262182,2022-06-14,2022-06-14 02:00:00
118,BTCUSD,2022-06-14 03:00:00,21775.764571,2022-06-14,2022-06-14 03:00:00
119,BTCUSD,2022-06-14 04:00:00,21998.519635,2022-06-14,2022-06-14 04:00:00
120,BTCUSD,2022-06-14 05:00:00,22852.740319,2022-06-14,2022-06-14 05:00:00
121,BTCUSD,2022-06-14 06:00:00,22511.728484,2022-06-14,2022-06-14 06:00:00
122,BTCUSD,2022-06-14 07:00:00,22509.280751,2022-06-14,2022-06-14 07:00:00
123,BTCUSD,2022-06-14 08:00:00,22740.886935,2022-06-14,2022-06-14 08:00:00
124,BTCUSD,2022-06-14 09:00:00,22443.661754,2022-06-14,2022-06-14 09:00:00
125,BTCUSD,2022-06-14 10:00:00,22374.899705,2022-06-14,2022-06-14 10:00:00
126,BTCUSD,2022-06-14 11:00:00,22009.711829,2022-06-14,2022-06-14 11:00:00
127,BTCUSD,2022-06-14 12:00:00,22095.812487,2022-06-14,2022-06-14 12:00:00
128,BTCUSD,2022-06-14 13:00:00,22263.252164,2022-06-14,2022-06-14 13:00:00
129,BTCUSD,2022-06-14 14:00:00,22336.874746,2022-06-14,2022-06-14 14:00:00
130,BTCUSD,2022-06-14 15:00:00,22554.158185,2022-06-14,2022-06-14 15:00:00
131,BTCUSD,2022-06-14 16:00:00,22527.406871,2022-06-14,2022-06-14 16:00:00
132,BTCUSD,2022-06-14 17:00:00,22532.185394,2022-06-14,2022-06-14 17:00:00
133,BTCUSD,2022-06-14 18:00:00,22420.567311,2022-06-14,2022-06-14 18:00:00
134,BTCUSD,2022-06-14 19:00:00,22196.538871,2022-06-14,2022-06-14 19:00:00
135,BTCUSD,2022-06-14 20:00:00,21990.270014,2022-06-14,2022-06-14 20:00:00
136,BTCUSD,2022-06-14 21:00:00,21636.088513,2022-06-14,2022-06-14 21:00:00
137,BTCUSD,2022-06-14 22:00:00,21511.672288,2022-06-14,2022-06-14 22:00:00
138,BTCUSD,2022-06-14 23:00:00,22051.877831,2022-06-14,2022-06-14 23:00:00
139,BTCUSD,2022-06-15 00:00:00,21954.429225,2022-06-15,2022-06-15 00:00:00
140,BTCUSD,2022-06-15 01:00:00,22022.708347,2022-06-15,2022-06-15 01:00:00
141,BTCUSD,2022-06-15 02:00:00,21993.040076,2022-06-15,2022-06-15 02:00:00
142,BTCUSD,2022-06-15 03:00:00,21600.861711,2022-06-15,2022-06-15 03:00:00
143,BTCUSD,2022-06-15 04:00:00,21103.682825,2022-06-15,2022-06-15 04:00:00
144,BTCUSD,2022-06-15 05:00:00,21035.408859,2022-06-15,2022-06-15 05:00:00
145,BTCUSD,2022-06-15 06:00:00,21167.690311,2022-06-15,2022-06-15 06:00:00
146,BTCUSD,2022-06-15 07:00:00,20888.996294,2022-06-15,2022-06-15 07:00:00
147,BTCUSD,2022-06-15 08:00:00,20460.749181,2022-06-15,2022-06-15 08:00:00
148,BTCUSD,2022-06-15 09:00:00,20135.178448,2022-06-15,2022-06-15 09:00:00
149,BTCUSD,2022-06-15 10:00:00,20474.388031,2022-06-15,2022-06-15 10:00:00
150,BTCUSD,2022-06-15 11:00:00,20915.684839,2022-06-15,2022-06-15 11:00:00
151,BTCUSD,2022-06-15 12:00:00,21225.723298,2022-06-15,2022-06-15 12:00:00
152,BTCUSD,2022-06-15 13:00:00,21448.637517,2022-06-15,2022-06-15 13:00:00
153,BTCUSD,2022-06-15 14:00:00,21353.229082,2022-06-15,2022-06-15 14:00:00
154,BTCUSD,2022-06-15 15:00:00,21303.965215,2022-06-15,2022-06-15 15:00:00
155,BTCUSD,2022-06-15 16:00:00,20973.627495,2022-06-15,2022-06-15 16:00:00
156,BTCUSD,2022-06-15 17:00:00,20731.163318,2022-06-15,2022-06-15 17:00:00
157,BTCUSD,2022-06-15 18:00:00,21161.069152,2022-06-15,2022-06-15 18:00:00
158,BTCUSD,2022-06-15 19:00:00,21740.200149,2022-06-15,2022-06-15 19:00:00
159,BTCUSD,2022-06-15 20:00:00,21670.55605,2022-06-15,2022-06-15 20:00:00
160,BTCUSD,2022-06-15 21:00:00,22053.91246,2022-06-15,2022-06-15 21:00:00
161,BTCUSD,2022-06-15 22:00:00,22436.152999,2022-06-15,2022-06-15 22:00:00
162,BTCUSD,2022-06-15 23:00:00,22527.662595,2022-06-15,2022-06-15 23:00:00
163,BTCUSD,2022-06-16 00:00:00,22588.598855,2022-06-16,2022-06-16 00:00:00
164,BTCUSD,2022-06-16 01:00:00,22580.956416,2022-06-16,2022-06-16 01:00:00
165,BTCUSD,2022-06-16 02:00:00,22421.17993,2022-06-16,2022-06-16 02:00:00
166,BTCUSD,2022-06-16 03:00:00,22319.903221,2022-06-16,2022-06-16 03:00:00
167,BTCUSD,2022-06-16 04:00:00,22152.696347,2022-06-16,2022-06-16 04:00:00
168,BTCUSD,2022-06-16 05:00:00,22005.054297,2022-06-16,2022-06-16 05:00:00
169,BTCUSD,2022-06-16 06:00:00,21851.184598,2022-06-16,2022-06-16 06:00:00
170,BTCUSD,2022-06-16 07:00:00,21747.491155,2022-06-16,2022-06-16 07:00:00
171,BTCUSD,2022-06-16 08:00:00,21766.472242,2022-06-16,2022-06-16 08:00:00
172,BTCUSD,2022-06-16 09:00:00,21364.326082,2022-06-16,2022-06-16 09:00:00
173,BTCUSD,2022-06-16 10:00:00,21052.208068,2022-06-16,2022-06-16 10:00:00
174,BTCUSD,2022-06-16 11:00:00,21080.66825,2022-06-16,2022-06-16 11:00:00
175,BTCUSD,2022-06-16 12:00:00,21212.397002,2022-06-16,2022-06-16 12:00:00
176,BTCUSD,2022-06-16 13:00:00,21054.311288,2022-06-16,2022-06-16 13:00:00
177,BTCUSD,2022-06-16 14:00:00,20917.191308,2022-06-16,2022-06-16 14:00:00
178,BTCUSD,2022-06-16 15:00:00,21034.600845,2022-06-16,2022-06-16 15:00:00
179,BTCUSD,2022-06-16 16:00:00,20970.511873,2022-06-16,2022-06-16 16:00:00
180,BTCUSD,2022-06-16 17:00:00,21194.772423,2022-06-16,2022-06-16 17:00:00
181,BTCUSD,2022-06-16 18:00:00,20931.851466,2022-06-16,2022-06-16 18:00:00
182,BTCUSD,2022-06-16 19:00:00,20902.106145,2022-06-16,2022-06-16 19:00:00
183,BTCUSD,2022-06-16 20:00:00,20683.916744,2022-06-16,2022-06-16 20:00:00
184,BTCUSD,2022-06-16 21:00:00,20764.993025,2022-06-16,2022-06-16 21:00:00
185,BTCUSD,2022-06-16 22:00:00,20546.466933,2022-06-16,2022-06-16 22:00:00
186,BTCUSD,2022-06-16 23:00:00,20305.966623,2022-06-16,2022-06-16 23:00:00
187,BTCUSD,2022-06-17 00:00:00,20353.887118,2022-06-17,2022-06-17 00:00:00
188,BTCUSD,2022-06-17 01:00:00,20660.962994,2022-06-17,2022-06-17 01:00:00
189,BTCUSD,2022-06-17 02:00:00,20719.03611,2022-06-17,2022-06-17 02:00:00
190,BTCUSD,2022-06-17 03:00:00,20496.223941,2022-06-17,2022-06-17 03:00:00
191,BTCUSD,2022-06-17 04:00:00,20479.920497,2022-06-17,2022-06-17 04:00:00
192,BTCUSD,2022-06-17 05:00:00,20721.868397,2022-06-17,2022-06-17 05:00:00
193,BTCUSD,2022-06-17 06:00:00,20734.626332,2022-06-17,2022-06-17 06:00:00
194,BTCUSD,2022-06-17 07:00:00,21109.552179,2022-06-17,2022-06-17 07:00:00
195,BTCUSD,2022-06-17 08:00:00,21116.074029,2022-06-17,2022-06-17 08:00:00
196,BTCUSD,2022-06-17 09:00:00,20959.057691,2022-06-17,2022-06-17 09:00:00
197,BTCUSD,2022-06-17 10:00:00,20962.491826,2022-06-17,2022-06-17 10:00:00
198,BTCUSD,2022-06-17 11:00:00,21062.122996,2022-06-17,2022-06-17 11:00:00
199,BTCUSD,2022-06-17 12:00:00,20779.870479,2022-06-17,2022-06-17 12:00:00
200,BTCUSD,2022-06-17 13:00:00,20761.672962,2022-06-17,2022-06-17 13:00:00
201,BTCUSD,2022-06-17 14:00:00,20469.02589,2022-06-17,2022-06-17 14:00:00
202,BTCUSD,2022-06-17 15:00:00,20610.934869,2022-06-17,2022-06-17 15:00:00
203,BTCUSD,2022-06-17 16:00:00,20660.645984,2022-06-17,2022-06-17 16:00:00
204,BTCUSD,2022-06-17 17:00:00,20571.385433,2022-06-17,2022-06-17 17:00:00
205,BTCUSD,2022-06-17 18:00:00,20559.343975,2022-06-17,2022-06-17 18:00:00
206,BTCUSD,2022-06-17 19:00:00,20483.391863,2022-06-17,2022-06-17 19:00:00
207,BTCUSD,2022-06-17 20:00:00,20649.248674,2022-06-17,2022-06-17 20:00:00
208,BTCUSD,2022-06-17 21:00:00,20546.691332,2022-06-17,2022-06-17 21:00:00
209,BTCUSD,2022-06-17 22:00:00,20446.344807,2022-06-17,2022-06-17 22:00:00
210,BTCUSD,2022-06-17 23:00:00,20473.677247,2022-06-17,2022-06-17 23:00:00
211,BTCUSD,2022-06-18 00:00:00,20646.311368,2022-06-18,2022-06-18 00:00:00
212,BTCUSD,2022-06-18 01:00:00,20417.60982,2022-06-18,2022-06-18 01:00:00
213,BTCUSD,2022-06-18 02:00:00,20370.3442,2022-06-18,2022-06-18 02:00:00
214,BTCUSD,2022-06-18 03:00:00,20394.495878,2022-06-18,2022-06-18 03:00:00
215,BTCUSD,2022-06-18 04:00:00,20411.426756,2022-06-18,2022-06-18 04:00:00
216,BTCUSD,2022-06-18 05:00:00,20424.345181,2022-06-18,2022-06-18 05:00:00
217,BTCUSD,2022-06-18 06:00:00,19675.613995,2022-06-18,2022-06-18 06:00:00
218,BTCUSD,2022-06-18 07:00:00,19307.950617,2022-06-18,2022-06-18 07:00:00
219,BTCUSD,2022-06-18 08:00:00,19013.946103,2022-06-18,2022-06-18 08:00:00
220,BTCUSD,2022-06-18 09:00:00,19138.282615,2022-06-18,2022-06-18 09:00:00
221,BTCUSD,2022-06-18 10:00:00,19330.526917,2022-06-18,2022-06-18 10:00:00
222,BTCUSD,2022-06-18 11:00:00,19294.533441,2022-06-18,2022-06-18 11:00:00
223,BTCUSD,2022-06-18 12:00:00,19174.213858,2022-06-18,2022-06-18 12:00:00
224,BTCUSD,2022-06-18 13:00:00,19113.282874,2022-06-18,2022-06-18 13:00:00
225,BTCUSD,2022-06-18 14:00:00,19090.835979,2022-06-18,2022-06-18 14:00:00
226,BTCUSD,2022-06-18 15:00:00,19008.021908,2022-06-18,2022-06-18 15:00:00
227,BTCUSD,2022-06-18 16:00:00,18911.365113,2022-06-18,2022-06-18 16:00:00
228,BTCUSD,2022-06-18 17:00:00,18634.871729,2022-06-18,2022-06-18 17:00:00
229,BTCUSD,2022-06-18 18:00:00,18332.887243,2022-06-18,2022-06-18 18:00:00
230,BTCUSD,2022-06-18 19:00:00,18162.662861,2022-06-18,2022-06-18 19:00:00
231,BTCUSD,2022-06-18 20:00:00,17821.020699,2022-06-18,2022-06-18 20:00:00
232,BTCUSD,2022-06-18 21:00:00,18422.549117,2022-06-18,2022-06-18 21:00:00
233,BTCUSD,2022-06-18 22:00:00,19048.993546,2022-06-18,2022-06-18 22:00:00
234,BTCUSD,2022-06-18 23:00:00,19043.411766,2022-06-18,2022-06-18 23:00:00
235,BTCUSD,2022-06-19 00:00:00,19024.627504,2022-06-19,2022-06-19 00:00:00
236,BTCUSD,2022-06-19 01:00:00,18738.068603,2022-06-19,2022-06-19 01:00:00
237,BTCUSD,2022-06-19 02:00:00,18411.574127,2022-06-19,2022-06-19 02:00:00
238,BTCUSD,2022-06-19 03:00:00,18512.780251,2022-06-19,2022-06-19 03:00:00
239,BTCUSD,2022-06-19 04:00:00,18440.039102,2022-06-19,2022-06-19 04:00:00
240,BTCUSD,2022-06-19 05:00:00,18146.450388,2022-06-19,2022-06-19 05:00:00
241,BTCUSD,2022-06-19 06:00:00,18314.265294,2022-06-19,2022-06-19 06:00:00
242,BTCUSD,2022-06-19 07:00:00,18371.870058,2022-06-19,2022-06-19 07:00:00
243,BTCUSD,2022-06-19 08:00:00,18503.392886,2022-06-19,2022-06-19 08:00:00
244,BTCUSD,2022-06-19 09:00:00,18994.224364,2022-06-19,2022-06-19 09:00:00
245,BTCUSD,2022-06-19 10:00:00,19712.084686,2022-06-19,2022-06-19 10:00:00
246,BTCUSD,2022-06-19 11:00:00,19764.280079,2022-06-19,2022-06-19 11:00:00
247,BTCUSD,2022-06-19 12:00:00,19498.543592,2022-06-19,2022-06-19 12:00:00
248,BTCUSD,2022-06-19 13:00:00,19367.694823,2022-06-19,2022-06-19 13:00:00
249,BTCUSD,2022-06-19 14:00:00,19359.182056,2022-06-19,2022-06-19 14:00:00
250,BTCUSD,2022-06-19 15:00:00,19651.704067,2022-06-19,2022-06-19 15:00:00
251,BTCUSD,2022-06-19 16:00:00,19566.586165,2022-06-19,2022-06-19 16:00:00
252,BTCUSD,2022-06-19 17:00:00,19476.264575,2022-06-19,2022-06-19 17:00:00
253,BTCUSD,2022-06-19 18:00:00,19866.364723,2022-06-19,2022-06-19 18:00:00
254,BTCUSD,2022-06-19 19:00:00,20006.461178,2022-06-19,2022-06-19 19:00:00
255,BTCUSD,2022-06-19 20:00:00,20391.152291,2022-06-19,2022-06-19 20:00:00
256,BTCUSD,2022-06-19 21:00:00,20401.775245,2022-06-19,2022-06-19 21:00:00
257,BTCUSD,2022-06-19 22:00:00,20588.645864,2022-06-19,2022-06-19 22:00:00
258,BTCUSD,2022-06-19 23:00:00,20540.981738,2022-06-19,2022-06-19 23:00:00
259,BTCUSD,2022-06-20 00:00:00,20284.302845,2022-06-20,2022-06-20 00:00:00
260,BTCUSD,2022-06-20 01:00:00,19834.3597,2022-06-20,2022-06-20 01:00:00
261,BTCUSD,2022-06-20 02:00:00,19844.942217,2022-06-20,2022-06-20 02:00:00
262,BTCUSD,2022-06-20 03:00:00,20019.70164,2022-06-20,2022-06-20 03:00:00
263,BTCUSD,2022-06-20 04:00:00,20055.302996,2022-06-20,2022-06-20 04:00:00
264,BTCUSD,2022-06-20 05:00:00,19881.305608,2022-06-20,2022-06-20 05:00:00
265,BTCUSD,2022-06-20 06:00:00,20062.809107,2022-06-20,2022-06-20 06:00:00
266,BTCUSD,2022-06-20 07:00:00,19953.109682,2022-06-20,2022-06-20 07:00:00
267,BTCUSD,2022-06-20 08:00:00,20356.404873,2022-06-20,2022-06-20 08:00:00
268,BTCUSD,2022-06-20 09:00:00,20730.402046,2022-06-20,2022-06-20 09:00:00
269,BTCUSD,2022-06-20 10:00:00,20638.540667,2022-06-20,2022-06-20 10:00:00
270,BTCUSD,2022-06-20 11:00:00,20799.420313,2022-06-20,2022-06-20 11:00:00
271,BTCUSD,2022-06-20 12:00:00,20520.147524,2022-06-20,2022-06-20 12:00:00
272,BTCUSD,2022-06-20 13:00:00,20549.36866,2022-06-20,2022-06-20 13:00:00
273,BTCUSD,2022-06-20 14:00:00,20706.44473,2022-06-20,2022-06-20 14:00:00
274,BTCUSD,2022-06-20 15:00:00,20778.646597,2022-06-20,2022-06-20 15:00:00
275,BTCUSD,2022-06-20 16:00:00,20464.855889,2022-06-20,2022-06-20 16:00:00
276,BTCUSD,2022-06-20 17:00:00,20161.558875,2022-06-20,2022-06-20 17:00:00
277,BTCUSD,2022-06-20 18:00:00,19934.712833,2022-06-20,2022-06-20 18:00:00
278,BTCUSD,2022-06-20 19:00:00,20008.125275,2022-06-20,2022-06-20 19:00:00
279,BTCUSD,2022-06-20 20:00:00,20258.944274,2022-06-20,2022-06-20 20:00:00
280,BTCUSD,2022-06-20 21:00:00,20451.944582,2022-06-20,2022-06-20 21:00:00
281,BTCUSD,2022-06-20 22:00:00,20393.60471,2022-06-20,2022-06-20 22:00:00
282,BTCUSD,2022-06-20 23:00:00,20562.064105,2022-06-20,2022-06-20 23:00:00
283,BTCUSD,2022-06-21 00:00:00,20545.52995,2022-06-21,2022-06-21 00:00:00
284,BTCUSD,2022-06-21 01:00:00,20632.97482,2022-06-21,2022-06-21 01:00:00
285,BTCUSD,2022-06-21 02:00:00,20475.541697,2022-06-21,2022-06-21 02:00:00
286,BTCUSD,2022-06-21 03:00:00,20427.85873,2022-06-21,2022-06-21 03:00:00
287,BTCUSD,2022-06-21 04:00:00,20596.146647,2022-06-21,2022-06-21 04:00:00
288,BTCUSD,2022-06-21 05:00:00,20847.142794,2022-06-21,2022-06-21 05:00:00
289,BTCUSD,2022-06-21 06:00:00,21080.509689,2022-06-21,2022-06-21 06:00:00
290,BTCUSD,2022-06-21 07:00:00,21105.023214,2022-06-21,2022-06-21 07:00:00
291,BTCUSD,2022-06-21 08:00:00,21282.598749,2022-06-21,2022-06-21 08:00:00
292,BTCUSD,2022-06-21 09:00:00,21296.929173,2022-06-21,2022-06-21 09:00:00
293,BTCUSD,2022-06-21 10:00:00,21178.12492,2022-06-21,2022-06-21 10:00:00
294,BTCUSD,2022-06-21 11:00:00,21041.062178,2022-06-21,2022-06-21 11:00:00
295,BTCUSD,2022-06-21 12:00:00,20977.033418,2022-06-21,2022-06-21 12:00:00
296,BTCUSD,2022-06-21 13:00:00,21371.466604,2022-06-21,2022-06-21 13:00:00
297,BTCUSD,2022-06-21 14:00:00,21542.653716,2022-06-21,2022-06-21 14:00:00
298,BTCUSD,2022-06-21 15:00:00,21448.112932,2022-06-21,2022-06-21 15:00:00
299,BTCUSD,2022-06-21 16:00:00,21405.766553,2022-06-21,2022-06-21 16:00:00
300,BTCUSD,2022-06-21 17:00:00,21264.237177,2022-06-21,2022-06-21 17:00:00
301,BTCUSD,2022-06-21 18:00:00,21151.464032,2022-06-21,2022-06-21 18:00:00
302,BTCUSD,2022-06-21 19:00:00,21029.064396,2022-06-21,2022-06-21 19:00:00
303,BTCUSD,2022-06-21 20:00:00,20801.176777,2022-06-21,2022-06-21 20:00:00
304,BTCUSD,2022-06-21 21:00:00,20891.739423,2022-06-21,2022-06-21 21:00:00
305,BTCUSD,2022-06-21 22:00:00,20771.86048,2022-06-21,2022-06-21 22:00:00
306,BTCUSD,2022-06-21 23:00:00,20654.273257,2022-06-21,2022-06-21 23:00:00
307,BTCUSD,2022-06-22 00:00:00,20568.94923,2022-06-22,2022-06-22 00:00:00
308,BTCUSD,2022-06-22 01:00:00,20519.036616,2022-06-22,2022-06-22 01:00:00
309,BTCUSD,2022-06-22 02:00:00,20440.036333,2022-06-22,2022-06-22 02:00:00
310,BTCUSD,2022-06-22 03:00:00,20381.447338,2022-06-22,2022-06-22 03:00:00
311,BTCUSD,2022-06-22 04:00:00,20364.686428,2022-06-22,2022-06-22 04:00:00
312,BTCUSD,2022-06-22 05:00:00,20467.016229,2022-06-22,2022-06-22 05:00:00
313,BTCUSD,2022-06-22 06:00:00,20101.584801,2022-06-22,2022-06-22 06:00:00
314,BTCUSD,2022-06-22 07:00:00,20125.179718,2022-06-22,2022-06-22 07:00:00
315,BTCUSD,2022-06-22 08:00:00,20139.430022,2022-06-22,2022-06-22 08:00:00
316,BTCUSD,2022-06-22 09:00:00,20343.949704,2022-06-22,2022-06-22 09:00:00
317,BTCUSD,2022-06-22 10:00:00,20409.041559,2022-06-22,2022-06-22 10:00:00
318,BTCUSD,2022-06-22 11:00:00,20557.281772,2022-06-22,2022-06-22 11:00:00
319,BTCUSD,2022-06-22 12:00:00,20241.687587,2022-06-22,2022-06-22 12:00:00
320,BTCUSD,2022-06-22 13:00:00,20532.997014,2022-06-22,2022-06-22 13:00:00
321,BTCUSD,2022-06-22 14:00:00,20756.341152,2022-06-22,2022-06-22 14:00:00
322,BTCUSD,2022-06-22 15:00:00,20337.238539,2022-06-22,2022-06-22 15:00:00
323,BTCUSD,2022-06-22 16:00:00,20052.46215,2022-06-22,2022-06-22 16:00:00
324,BTCUSD,2022-06-22 17:00:00,20254.066787,2022-06-22,2022-06-22 17:00:00
325,BTCUSD,2022-06-22 18:00:00,20243.806049,2022-06-22,2022-06-22 18:00:00
326,BTCUSD,2022-06-22 19:00:00,19963.184206,2022-06-22,2022-06-22 19:00:00
327,BTCUSD,2022-06-22 20:00:00,19976.749124,2022-06-22,2022-06-22 20:00:00
328,BTCUSD,2022-06-22 21:00:00,19921.631662,2022-06-22,2022-06-22 21:00:00
329,BTCUSD,2022-06-22 22:00:00,20007.149157,2022-06-22,2022-06-22 22:00:00
330,BTCUSD,2022-06-22 23:00:00,20042.630356,2022-06-22,2022-06-22 23:00:00
331,BTCUSD,2022-06-23 00:00:00,20257.292365,2022-06-23,2022-06-23 00:00:00
332,BTCUSD,2022-06-23 01:00:00,20518.108873,2022-06-23,2022-06-23 01:00:00
333,BTCUSD,2022-06-23 02:00:00,20380.027504,2022-06-23,2022-06-23 02:00:00
334,BTCUSD,2022-06-23 03:00:00,20264.710058,2022-06-23,2022-06-23 03:00:00
335,BTCUSD,2022-06-23 04:00:00,20249.129026,2022-06-23,2022-06-23 04:00:00
336,BTCUSD,2022-06-23 05:00:00,20356.969922,2022-06-23,2022-06-23 05:00:00
337,BTCUSD,2022-06-23 06:00:00,20471.492306,2022-06-23,2022-06-23 06:00:00
338,BTCUSD,2022-06-23 07:00:00,20517.438222,2022-06-23,2022-06-23 07:00:00
339,BTCUSD,2022-06-23 08:00:00,20541.241679,2022-06-23,2022-06-23 08:00:00
340,BTCUSD,2022-06-23 09:00:00,20587.361687,2022-06-23,2022-06-23 09:00:00
341,BTCUSD,2022-06-23 10:00:00,20724.980667,2022-06-23,2022-06-23 10:00:00
342,BTCUSD,2022-06-23 11:00:00,20641.62518,2022-06-23,2022-06-23 11:00:00
343,BTCUSD,2022-06-23 12:00:00,20668.244422,2022-06-23,2022-06-23 12:00:00
344,BTCUSD,2022-06-23 13:00:00,20478.083654,2022-06-23,2022-06-23 13:00:00
345,BTCUSD,2022-06-23 14:00:00,20453.872596,2022-06-23,2022-06-23 14:00:00
346,BTCUSD,2022-06-23 15:00:00,20463.30402,2022-06-23,2022-06-23 15:00:00
347,BTCUSD,2022-06-23 16:00:00,20279.726081,2022-06-23,2022-06-23 16:00:00
348,BTCUSD,2022-06-23 17:00:00,20267.33951,2022-06-23,2022-06-23 17:00:00
349,BTCUSD,2022-06-23 18:00:00,20378.790114,2022-06-23,2022-06-23 18:00:00
350,BTCUSD,2022-06-23 19:00:00,20735.045915,2022-06-23,2022-06-23 19:00:00
351,BTCUSD,2022-06-23 20:00:00,20898.42953,2022-06-23,2022-06-23 20:00:00
352,BTCUSD,2022-06-23 21:00:00,20763.904191,2022-06-23,2022-06-23 21:00:00
353,BTCUSD,2022-06-23 22:00:00,21031.48274,2022-06-23,2022-06-23 22:00:00
354,BTCUSD,2022-06-23 23:00:00,21074.858358,2022-06-23,2022-06-23 23:00:00
355,BTCUSD,2022-06-24 00:00:00,21042.889046,2022-06-24,2022-06-24 00:00:00
356,BTCUSD,2022-06-24 01:00:00,21067.131437,2022-06-24,2022-06-24 01:00:00
357,BTCUSD,2022-06-24 02:00:00,21193.767007,2022-06-24,2022-06-24 02:00:00
358,BTCUSD,2022-06-24 03:00:00,21140.029447,2022-06-24,2022-06-24 03:00:00
359,BTCUSD,2022-06-24 04:00:00,21063.811425,2022-06-24,2022-06-24 04:00:00
360,BTCUSD,2022-06-24 05:00:00,21048.770076,2022-06-24,2022-06-24 05:00:00
361,BTCUSD,2022-06-24 06:00:00,20855.03933,2022-06-24,2022-06-24 06:00:00
362,BTCUSD,2022-06-24 07:00:00,20819.496821,2022-06-24,2022-06-24 07:00:00
363,BTCUSD,2022-06-24 08:00:00,20981.176243,2022-06-24,2022-06-24 08:00:00
364,BTCUSD,2022-06-24 09:00:00,20926.84562,2022-06-24,2022-06-24 09:00:00
365,BTCUSD,2022-06-24 10:00:00,20882.03086,2022-06-24,2022-06-24 10:00:00
366,BTCUSD,2022-06-24 11:00:00,21180.704802,2022-06-24,2022-06-24 11:00:00
367,BTCUSD,2022-06-24 12:00:00,21306.239567,2022-06-24,2022-06-24 12:00:00
368,BTCUSD,2022-06-24 13:00:00,21249.156792,2022-06-24,2022-06-24 13:00:00
369,BTCUSD,2022-06-24 14:00:00,21243.17379,2022-06-24,2022-06-24 14:00:00
370,BTCUSD,2022-06-24 15:00:00,20926.658158,2022-06-24,2022-06-24 15:00:00
371,BTCUSD,2022-06-24 16:00:00,20914.791267,2022-06-24,2022-06-24 16:00:00
372,BTCUSD,2022-06-24 17:00:00,21072.472866,2022-06-24,2022-06-24 17:00:00
373,BTCUSD,2022-06-24 18:00:00,20990.70895,2022-06-24,2022-06-24 18:00:00
374,BTCUSD,2022-06-24 19:00:00,21153.023909,2022-06-24,2022-06-24 19:00:00
375,BTCUSD,2022-06-24 20:00:00,21223.730561,2022-06-24,2022-06-24 20:00:00
376,BTCUSD,2022-06-24 21:00:00,21312.882982,2022-06-24,2022-06-24 21:00:00
377,BTCUSD,2022-06-24 22:00:00,21385.828802,2022-06-24,2022-06-24 22:00:00
378,BTCUSD,2022-06-24 23:00:00,21281.761717,2022-06-24,2022-06-24 23:00:00
379,BTCUSD,2022-06-25 00:00:00,21195.63321,2022-06-25,2022-06-25 00:00:00
380,BTCUSD,2022-06-25 01:00:00,21235.413949,2022-06-25,2022-06-25 01:00:00
381,BTCUSD,2022-06-25 02:00:00,21227.566,2022-06-25,2022-06-25 02:00:00
382,BTCUSD,2022-06-25 03:00:00,21248.680516,2022-06-25,2022-06-25 03:00:00
383,BTCUSD,2022-06-25 04:00:00,21225.357838,2022-06-25,2022-06-25 04:00:00
384,BTCUSD,2022-06-25 05:00:00,21248.511693,2022-06-25,2022-06-25 05:00:00
385,BTCUSD,2022-06-25 06:00:00,21211.754707,2022-06-25,2022-06-25 06:00:00
386,BTCUSD,2022-06-25 07:00:00,21482.049358,2022-06-25,2022-06-25 07:00:00
387,BTCUSD,2022-06-25 08:00:00,21398.73617,2022-06-25,2022-06-25 08:00:00
388,BTCUSD,2022-06-25 09:00:00,21414.911004,2022-06-25,2022-06-25 09:00:00
389,BTCUSD,2022-06-25 10:00:00,21403.880388,2022-06-25,2022-06-25 10:00:00
390,BTCUSD,2022-06-25 11:00:00,21355.260973,2022-06-25,2022-06-25 11:00:00
391,BTCUSD,2022-06-25 12:00:00,21130.685058,2022-06-25,2022-06-25 12:00:00
392,BTCUSD,2022-06-25 13:00:00,21147.369207,2022-06-25,2022-06-25 13:00:00
393,BTCUSD,2022-06-25 14:00:00,21116.499075,2022-06-25,2022-06-25 14:00:00
394,BTCUSD,2022-06-25 15:00:00,20996.994799,2022-06-25,2022-06-25 15:00:00
395,BTCUSD,2022-06-25 16:00:00,21005.696394,2022-06-25,2022-06-25 16:00:00
396,BTCUSD,2022-06-25 17:00:00,21095.893103,2022-06-25,2022-06-25 17:00:00
397,BTCUSD,2022-06-25 18:00:00,21159.093771,2022-06-25,2022-06-25 18:00:00
398,BTCUSD,2022-06-25 19:00:00,21196.974941,2022-06-25,2022-06-25 19:00:00
399,BTCUSD,2022-06-25 20:00:00,21185.196864,2022-06-25,2022-06-25 20:00:00
400,BTCUSD,2022-06-25 21:00:00,21411.052212,2022-06-25,2022-06-25 21:00:00
401,BTCUSD,2022-06-25 22:00:00,21437.553551,2022-06-25,2022-06-25 22:00:00
402,BTCUSD,2022-06-25 23:00:00,21481.871019,2022-06-25,2022-06-25 23:00:00
403,BTCUSD,2022-06-26 00:00:00,21444.536555,2022-06-26,2022-06-26 00:00:00
404,BTCUSD,2022-06-26 01:00:00,21445.46638,2022-06-26,2022-06-26 01:00:00
405,BTCUSD,2022-06-26 02:00:00,21355.272617,2022-06-26,2022-06-26 02:00:00
406,BTCUSD,2022-06-26 03:00:00,21387.061142,2022-06-26,2022-06-26 03:00:00
407,BTCUSD,2022-06-26 04:00:00,21402.911115,2022-06-26,2022-06-26 04:00:00
408,BTCUSD,2022-06-26 05:00:00,21441.0688,2022-06-26,2022-06-26 05:00:00
409,BTCUSD,2022-06-26 06:00:00,21423.038091,2022-06-26,2022-06-26 06:00:00
410,BTCUSD,2022-06-26 07:00:00,21408.349541,2022-06-26,2022-06-26 07:00:00
411,BTCUSD,2022-06-26 08:00:00,21413.00844,2022-06-26,2022-06-26 08:00:00
412,BTCUSD,2022-06-26 09:00:00,21402.085419,2022-06-26,2022-06-26 09:00:00
413,BTCUSD,2022-06-26 10:00:00,21388.459273,2022-06-26,2022-06-26 10:00:00
414,BTCUSD,2022-06-26 11:00:00,21678.386444,2022-06-26,2022-06-26 11:00:00
415,BTCUSD,2022-06-26 12:00:00,21679.791126,2022-06-26,2022-06-26 12:00:00
416,BTCUSD,2022-06-26 13:00:00,21364.653803,2022-06-26,2022-06-26 13:00:00
417,BTCUSD,2022-06-26 14:00:00,21442.32254,2022-06-26,2022-06-26 14:00:00
418,BTCUSD,2022-06-26 15:00:00,21262.497034,2022-06-26,2022-06-26 15:00:00
419,BTCUSD,2022-06-26 16:00:00,21295.287291,2022-06-26,2022-06-26 16:00:00
420,BTCUSD,2022-06-26 17:00:00,21215.721096,2022-06-26,2022-06-26 17:00:00
421,BTCUSD,2022-06-26 18:00:00,21179.138128,2022-06-26,2022-06-26 18:00:00
422,BTCUSD,2022-06-26 19:00:00,21235.786489,2022-06-26,2022-06-26 19:00:00
423,BTCUSD,2022-06-26 20:00:00,21303.451997,2022-06-26,2022-06-26 20:00:00
424,BTCUSD,2022-06-26 21:00:00,21363.874479,2022-06-26,2022-06-26 21:00:00
425,BTCUSD,2022-06-26 22:00:00,21089.416348,2022-06-26,2022-06-26 22:00:00
426,BTCUSD,2022-06-26 23:00:00,21054.816923,2022-06-26,2022-06-26 23:00:00
427,BTCUSD,2022-06-27 00:00:00,21025.623321,2022-06-27,2022-06-27 00:00:00
428,BTCUSD,2022-06-27 01:00:00,21027.070009,2022-06-27,2022-06-27 01:00:00
429,BTCUSD,2022-06-27 02:00:00,21093.570289,2022-06-27,2022-06-27 02:00:00
430,BTCUSD,2022-06-27 03:00:00,21131.022865,2022-06-27,2022-06-27 03:00:00
431,BTCUSD,2022-06-27 04:00:00,21195.031915,2022-06-27,2022-06-27 04:00:00
432,BTCUSD,2022-06-27 05:00:00,21193.348032,2022-06-27,2022-06-27 05:00:00
433,BTCUSD,2022-06-27 06:00:00,21205.512537,2022-06-27,2022-06-27 06:00:00
434,BTCUSD,2022-06-27 07:00:00,21322.784164,2022-06-27,2022-06-27 07:00:00
435,BTCUSD,2022-06-27 08:00:00,21433.278435,2022-06-27,2022-06-27 08:00:00
436,BTCUSD,2022-06-27 09:00:00,21436.776791,2022-06-27,2022-06-27 09:00:00
437,BTCUSD,2022-06-27 10:00:00,21427.284564,2022-06-27,2022-06-27 10:00:00
438,BTCUSD,2022-06-27 11:00:00,21354.86841,2022-06-27,2022-06-27 11:00:00
439,BTCUSD,2022-06-27 12:00:00,21215.861788,2022-06-27,2022-06-27 12:00:00
440,BTCUSD,2022-06-27 13:00:00,20902.732883,2022-06-27,2022-06-27 13:00:00
441,BTCUSD,2022-06-27 14:00:00,20689.920836,2022-06-27,2022-06-27 14:00:00
442,BTCUSD,2022-06-27 15:00:00,20756.148574,2022-06-27,2022-06-27 15:00:00
443,BTCUSD,2022-06-27 16:00:00,20693.022004,2022-06-27,2022-06-27 16:00:00
444,BTCUSD,2022-06-27 17:00:00,20729.228102,2022-06-27,2022-06-27 17:00:00
445,BTCUSD,2022-06-27 18:00:00,20744.173966,2022-06-27,2022-06-27 18:00:00
446,BTCUSD,2022-06-27 19:00:00,20796.80802,2022-06-27,2022-06-27 19:00:00
447,BTCUSD,2022-06-27 20:00:00,20895.34575,2022-06-27,2022-06-27 20:00:00
448,BTCUSD,2022-06-27 21:00:00,20831.099764,2022-06-27,2022-06-27 21:00:00
449,BTCUSD,2022-06-27 22:00:00,20834.032534,2022-06-27,2022-06-27 22:00:00
450,BTCUSD,2022-06-27 23:00:00,20763.868897,2022-06-27,2022-06-27 23:00:00
451,BTCUSD,2022-06-28 00:00:00,20748.785115,2022-06-28,2022-06-28 00:00:00
452,BTCUSD,2022-06-28 01:00:00,20641.098708,2022-06-28,2022-06-28 01:00:00
453,BTCUSD,2022-06-28 02:00:00,20582.835867,2022-06-28,2022-06-28 02:00:00
454,BTCUSD,2022-06-28 03:00:00,20697.155026,2022-06-28,2022-06-28 03:00:00
455,BTCUSD,2022-06-28 04:00:00,20736.746764,2022-06-28,2022-06-28 04:00:00
456,BTCUSD,2022-06-28 05:00:00,20758.270026,2022-06-28,2022-06-28 05:00:00
457,BTCUSD,2022-06-28 06:00:00,20810.996287,2022-06-28,2022-06-28 06:00:00
458,BTCUSD,2022-06-28 07:00:00,20876.500274,2022-06-28,2022-06-28 07:00:00
459,BTCUSD,2022-06-28 08:00:00,20983.372016,2022-06-28,2022-06-28 08:00:00
460,BTCUSD,2022-06-28 09:00:00,21105.450197,2022-06-28,2022-06-28 09:00:00
461,BTCUSD,2022-06-28 10:00:00,21020.054355,2022-06-28,2022-06-28 10:00:00
462,BTCUSD,2022-06-28 11:00:00,20972.496503,2022-06-28,2022-06-28 11:00:00
463,BTCUSD,2022-06-28 12:00:00,20997.041493,2022-06-28,2022-06-28 12:00:00
464,BTCUSD,2022-06-28 13:00:00,20999.400297,2022-06-28,2022-06-28 13:00:00
465,BTCUSD,2022-06-28 14:00:00,20827.373462,2022-06-28,2022-06-28 14:00:00
466,BTCUSD,2022-06-28 15:00:00,20676.436126,2022-06-28,2022-06-28 15:00:00
467,BTCUSD,2022-06-28 16:00:00,20653.873025,2022-06-28,2022-06-28 16:00:00
468,BTCUSD,2022-06-28 17:00:00,20581.206455,2022-06-28,2022-06-28 17:00:00
469,BTCUSD,2022-06-28 18:00:00,20332.851552,2022-06-28,2022-06-28 18:00:00
470,BTCUSD,2022-06-28 19:00:00,20266.008681,2022-06-28,2022-06-28 19:00:00
471,BTCUSD,2022-06-28 20:00:00,20224.203211,2022-06-28,2022-06-28 20:00:00
472,BTCUSD,2022-06-28 21:00:00,20324.114653,2022-06-28,2022-06-28 21:00:00
473,BTCUSD,2022-06-28 22:00:00,20346.504498,2022-06-28,2022-06-28 22:00:00
474,BTCUSD,2022-06-28 23:00:00,20260.48535,2022-06-28,2022-06-28 23:00:00
475,BTCUSD,2022-06-29 00:00:00,20208.681584,2022-06-29,2022-06-29 00:00:00
476,BTCUSD,2022-06-29 01:00:00,20307.266606,2022-06-29,2022-06-29 01:00:00
477,BTCUSD,2022-06-29 02:00:00,20327.955275,2022-06-29,2022-06-29 02:00:00
478,BTCUSD,2022-06-29 03:00:00,20274.779017,2022-06-29,2022-06-29 03:00:00
479,BTCUSD,2022-06-29 04:00:00,20277.071338,2022-06-29,2022-06-29 04:00:00
