symbol,market_entry_date,market_entry_date_time,entry_price,target_position_value,cash,usd_value,usd_value_prev,positions_usd,dta_rank,dta_rank_prev
FB,2021-12-30,2021-12-30 15:00:00+00:00,341.390696,0,10000.0,0.0,0.0,0.0,0.0,-1.0
FNF,2021-12-30,2021-12-30 15:00:00+00:00,52.364494,0,10000.0,0.0,0.0,0.0,0.0,-1.0
BTCUSD,2021-12-30,2021-12-30 15:00:00+00:00,47938.475093,0,10000.0,0.0,0.0,0.0,0.0,-1.0
UNP,2021-12-30,2021-12-30 15:00:00+00:00,250.292971,0,10000.0,0.0,0.0,0.0,0.0,-1.0
ABNB,2021-12-30,2021-12-30 15:00:00+00:00,167.858896,0,10000.0,0.0,0.0,0.0,0.0,-1.0
V,2021-12-30,2021-12-30 15:00:00+00:00,217.076622,0,10000.0,0.0,0.0,0.0,0.0,-1.0
UBER,2021-12-30,2021-12-30 15:00:00+00:00,42.739807,0,10000.0,0.0,0.0,0.0,0.0,-1.0
PLTR,2021-12-30,2021-12-30 15:00:00+00:00,18.630987,0,10000.0,0.0,0.0,0.0,0.0,-1.0
BKNG,2021-12-30,2021-12-30 15:00:00+00:00,2389.214088,0,10000.0,0.0,0.0,0.0,0.0,-1.0
TLT,2021-12-30,2021-12-30 15:00:00+00:00,147.848263,0,10000.0,0.0,0.0,0.0,0.0,-1.0
FNV,2021-12-30,2021-12-30 15:00:00+00:00,137.915748,0,10000.0,0.0,0.0,0.0,0.0,-1.0
GRUB,2021-12-30,2021-12-30 15:00:00+00:00,10.696562,0,10000.0,0.0,0.0,0.0,0.0,-1.0
WE,2021-12-30,2021-12-30 15:00:00+00:00,8.917039,0,10000.0,0.0,0.0,0.0,0.0,-1.0
MSFT,2021-12-30,2021-12-30 15:00:00+00:00,337.141874,0,10000.0,0.0,0.0,0.0,0.0,-1.0
COIN,2021-12-30,2021-12-30 15:00:00+00:00,256.382755,0,10000.0,0.0,0.0,0.0,0.0,-1.0
GLD,2021-12-30,2021-12-30 15:00:00+00:00,170.203592,0,10000.0,0.0,0.0,0.0,0.0,-1.0
CRM,2021-12-30,2021-12-30 15:00:00+00:00,255.34476,0,10000.0,0.0,0.0,0.0,0.0,-1.0
MELI,2021-12-30,2021-12-30 15:00:00+00:00,1351.570836,0,10000.0,0.0,0.0,0.0,0.0,-1.0
ETHUSD,2021-12-30,2021-12-30 15:00:00+00:00,3791.079163,0,10000.0,0.0,0.0,0.0,0.0,-1.0
ARKK,2021-12-30,2021-12-30 15:00:00+00:00,96.68416,0,10000.0,0.0,0.0,0.0,0.0,-1.0
SKLUSD,2021-12-30,2021-12-30 15:00:00+00:00,0.0,0,10000.0,0.0,0.0,0.0,0.0,-1.0
BKNG,2021-12-31,2021-12-31 15:00:00+00:00,2389.214088,0.017,,9240.0,10000.0,170.0,1.0,0.0
UNP,2021-12-31,2021-12-31 15:00:00+00:00,250.292971,0,,9240.0,10000.0,0.0,1.0,0.0
V,2021-12-31,2021-12-31 15:00:00+00:00,217.076622,0,,9240.0,10000.0,0.0,1.0,0.0
UBER,2021-12-31,2021-12-31 15:00:00+00:00,42.739807,0.044,,9240.0,10000.0,440.0,1.0,0.0
PLTR,2021-12-31,2021-12-31 15:00:00+00:00,18.630987,0,,9240.0,10000.0,0.0,1.0,0.0
SKLUSD,2021-12-31,2021-12-31 15:00:00+00:00,0.0,0.036,,9240.0,10000.0,360.0,1.0,0.0
TLT,2021-12-31,2021-12-31 15:00:00+00:00,147.848263,0,,9240.0,10000.0,0.0,1.0,0.0
FNV,2021-12-31,2021-12-31 15:00:00+00:00,137.915748,0.028,,9240.0,10000.0,280.0,1.0,0.0
BTCUSD,2021-12-31,2021-12-31 15:00:00+00:00,47938.475093,0.093,,9240.0,10000.0,930.0,1.0,0.0
GRUB,2021-12-31,2021-12-31 15:00:00+00:00,10.696562,0.007,,9240.0,10000.0,70.0,1.0,0.0
WE,2021-12-31,2021-12-31 15:00:00+00:00,8.917039,0.020,,9240.0,10000.0,200.0,1.0,0.0
FNF,2021-12-31,2021-12-31 15:00:00+00:00,52.364494,0,,9240.0,10000.0,0.0,1.0,0.0
MSFT,2021-12-31,2021-12-31 15:00:00+00:00,337.141874,0.011,,9240.0,10000.0,110.0,1.0,0.0
COIN,2021-12-31,2021-12-31 15:00:00+00:00,256.382755,0.019,,9240.0,10000.0,190.0,1.0,0.0
GLD,2021-12-31,2021-12-31 15:00:00+00:00,170.203592,0.011,,9240.0,10000.0,110.0,1.0,0.0
ABNB,2021-12-31,2021-12-31 15:00:00+00:00,167.858896,0.060,,9240.0,10000.0,600.0,1.0,0.0
ARKK,2021-12-31,2021-12-31 15:00:00+00:00,96.68416,0,,9240.0,10000.0,0.0,1.0,0.0
CRM,2021-12-31,2021-12-31 15:00:00+00:00,255.34476,0.017,,9240.0,10000.0,170.0,1.0,0.0
FB,2021-12-31,2021-12-31 15:00:00+00:00,341.390696,0.291,,9240.0,10000.0,2910.0,1.0,0.0
ETHUSD,2021-12-31,2021-12-31 15:00:00+00:00,3791.079163,0.254,,9240.0,10000.0,2540.0,1.0,0.0
MELI,2021-12-31,2021-12-31 15:00:00+00:00,1351.570836,0.016,,9240.0,10000.0,160.0,1.0,0.0
FB,2022-01-18,2022-01-18 23:00:00+00:00,318.858302,0,,1848.0,9240.0,0.0,2.0,1.0
V,2022-01-18,2022-01-18 23:00:00+00:00,215.562683,0,,1848.0,9240.0,0.0,2.0,1.0
ARKK,2022-01-18,2022-01-18 23:00:00+00:00,77.323596,0,,1848.0,9240.0,0.0,2.0,1.0
UNP,2022-01-18,2022-01-18 23:00:00+00:00,250.292971,0,,1848.0,9240.0,0.0,2.0,1.0
BKNG,2022-01-18,2022-01-18 23:00:00+00:00,2380.19,0,,1848.0,9240.0,0.0,2.0,1.0
UBER,2022-01-18,2022-01-18 23:00:00+00:00,38.473381,0,,1848.0,9240.0,0.0,2.0,1.0
PLTR,2022-01-18,2022-01-18 23:00:00+00:00,15.003249,0,,1848.0,9240.0,0.0,2.0,1.0
SKLUSD,2022-01-18,2022-01-18 23:00:00+00:00,0.0,0,,1848.0,9240.0,0.0,2.0,1.0
TLT,2022-01-18,2022-01-18 23:00:00+00:00,140.096285,0,,1848.0,9240.0,0.0,2.0,1.0
ETHUSD,2022-01-18,2022-01-18 23:00:00+00:00,3167.147131,0.2,,1848.0,9240.0,1848.0,2.0,1.0
BTCUSD,2022-01-18,2022-01-18 23:00:00+00:00,42453.164185,0,,1848.0,9240.0,0.0,2.0,1.0
FNV,2022-01-18,2022-01-18 23:00:00+00:00,137.915748,0,,1848.0,9240.0,0.0,2.0,1.0
MELI,2022-01-18,2022-01-18 23:00:00+00:00,1351.570836,0,,1848.0,9240.0,0.0,2.0,1.0
GLD,2022-01-18,2022-01-18 23:00:00+00:00,169.455479,0,,1848.0,9240.0,0.0,2.0,1.0
COIN,2022-01-18,2022-01-18 23:00:00+00:00,222.362743,0,,1848.0,9240.0,0.0,2.0,1.0
CRM,2022-01-18,2022-01-18 23:00:00+00:00,226.279719,0,,1848.0,9240.0,0.0,2.0,1.0
MSFT,2022-01-18,2022-01-18 23:00:00+00:00,302.750795,0,,1848.0,9240.0,0.0,2.0,1.0
GRUB,2022-01-18,2022-01-18 23:00:00+00:00,10.696562,0,,1848.0,9240.0,0.0,2.0,1.0
FNF,2022-01-18,2022-01-18 23:00:00+00:00,52.364494,0,,1848.0,9240.0,0.0,2.0,1.0
WE,2022-01-18,2022-01-18 23:00:00+00:00,8.917039,0,,1848.0,9240.0,0.0,2.0,1.0
ABNB,2022-01-18,2022-01-18 23:00:00+00:00,156.667261,0,,1848.0,9240.0,0.0,2.0,1.0
SKLUSD,2022-02-09,2022-02-09 15:00:00+00:00,0.0,0,,0.0,0.0,0.0,3.0,2.0
ABNB,2022-02-09,2022-02-09 15:00:00+00:00,168.495018,0,,0.0,0.0,0.0,3.0,2.0
V,2022-02-09,2022-02-09 15:00:00+00:00,232.293663,0,,0.0,0.0,0.0,3.0,2.0
GRUB,2022-02-09,2022-02-09 15:00:00+00:00,9.952474,0,,0.0,0.0,0.0,3.0,2.0
GLD,2022-02-09,2022-02-09 15:00:00+00:00,170.783284,0,,0.0,0.0,0.0,3.0,2.0
COIN,2022-02-09,2022-02-09 15:00:00+00:00,213.320894,0,,0.0,0.0,0.0,3.0,2.0
FNV,2022-02-09,2022-02-09 15:00:00+00:00,138.592361,0,,0.0,0.0,0.0,3.0,2.0
FB,2022-02-09,2022-02-09 15:00:00+00:00,225.323744,0,,0.0,0.0,0.0,3.0,2.0
MELI,2022-02-09,2022-02-09 15:00:00+00:00,1079.866009,0,,0.0,0.0,0.0,3.0,2.0
UBER,2022-02-09,2022-02-09 15:00:00+00:00,39.42718,0,,0.0,0.0,0.0,3.0,2.0
PLTR,2022-02-09,2022-02-09 15:00:00+00:00,13.500101,0,,0.0,0.0,0.0,3.0,2.0
BKNG,2022-02-09,2022-02-09 15:00:00+00:00,2605.964965,0,,0.0,0.0,0.0,3.0,2.0
WE,2022-02-09,2022-02-09 15:00:00+00:00,6.973434,0,,0.0,0.0,0.0,3.0,2.0
CRM,2022-02-09,2022-02-09 15:00:00+00:00,218.596151,0,,0.0,0.0,0.0,3.0,2.0
TLT,2022-02-09,2022-02-09 15:00:00+00:00,138.813167,0,,0.0,0.0,0.0,3.0,2.0
MSFT,2022-02-09,2022-02-09 15:00:00+00:00,308.541614,0,,0.0,0.0,0.0,3.0,2.0
ARKK,2022-02-09,2022-02-09 15:00:00+00:00,74.759665,0,,0.0,0.0,0.0,3.0,2.0
ETHUSD,2022-02-09,2022-02-09 15:00:00+00:00,3180.491623,0.175,,0.0,0.0,0.0,3.0,2.0
FNF,2022-02-09,2022-02-09 15:00:00+00:00,51.222735,0,,0.0,0.0,0.0,3.0,2.0
BTCUSD,2022-02-09,2022-02-09 15:00:00+00:00,44030.288742,0,,0.0,0.0,0.0,3.0,2.0
UNP,2022-02-09,2022-02-09 15:00:00+00:00,245.099781,0,,0.0,0.0,0.0,3.0,2.0
ETHUSD,2022-03-01,2022-03-01 15:00:00+00:00,2952.264758,0.158,,0.0,0.0,0.0,4.0,3.0
UBER,2022-03-01,2022-03-01 15:00:00+00:00,34.84263,0,,0.0,0.0,0.0,4.0,3.0
PLTR,2022-03-01,2022-03-01 15:00:00+00:00,12.191519,0,,0.0,0.0,0.0,4.0,3.0
WE,2022-03-01,2022-03-01 15:00:00+00:00,6.32751,0,,0.0,0.0,0.0,4.0,3.0
UNP,2022-03-01,2022-03-01 15:00:00+00:00,244.24323,0,,0.0,0.0,0.0,4.0,3.0
MSFT,2022-03-01,2022-03-01 15:00:00+00:00,298.578554,0,,0.0,0.0,0.0,4.0,3.0
FNF,2022-03-01,2022-03-01 15:00:00+00:00,46.461845,0,,0.0,0.0,0.0,4.0,3.0
CRM,2022-03-01,2022-03-01 15:00:00+00:00,211.548115,0,,0.0,0.0,0.0,4.0,3.0
GLD,2022-03-01,2022-03-01 15:00:00+00:00,179.520479,0,,0.0,0.0,0.0,4.0,3.0
V,2022-03-01,2022-03-01 15:00:00+00:00,211.979332,0,,0.0,0.0,0.0,4.0,3.0
GRUB,2022-03-01,2022-03-01 15:00:00+00:00,7.856413,0,,0.0,0.0,0.0,4.0,3.0
COIN,2022-03-01,2022-03-01 15:00:00+00:00,198.233928,0,,0.0,0.0,0.0,4.0,3.0
BTCUSD,2022-03-01,2022-03-01 15:00:00+00:00,43694.763163,0,,0.0,0.0,0.0,4.0,3.0
ABNB,2022-03-01,2022-03-01 15:00:00+00:00,151.670716,0,,0.0,0.0,0.0,4.0,3.0
FNV,2022-03-01,2022-03-01 15:00:00+00:00,152.30573,0,,0.0,0.0,0.0,4.0,3.0
MELI,2022-03-01,2022-03-01 15:00:00+00:00,1158.842166,0,,0.0,0.0,0.0,4.0,3.0
TLT,2022-03-01,2022-03-01 15:00:00+00:00,141.22451,0,,0.0,0.0,0.0,4.0,3.0
BKNG,2022-03-01,2022-03-01 15:00:00+00:00,2118.426675,0,,0.0,0.0,0.0,4.0,3.0
SKLUSD,2022-03-01,2022-03-01 15:00:00+00:00,0.0,0,,0.0,0.0,0.0,4.0,3.0
FB,2022-03-01,2022-03-01 15:00:00+00:00,209.690049,0,,0.0,0.0,0.0,4.0,3.0
ARKK,2022-03-01,2022-03-01 15:00:00+00:00,69.879694,0,,0.0,0.0,0.0,4.0,3.0
TLT,2022-03-02,2022-03-02 21:00:00+00:00,136.532031,0,,0.0,0.0,0.0,5.0,4.0
SKLUSD,2022-03-02,2022-03-02 21:00:00+00:00,0.0,0,,0.0,0.0,0.0,5.0,4.0
CRM,2022-03-02,2022-03-02 21:00:00+00:00,210.354315,0,,0.0,0.0,0.0,5.0,4.0
FNV,2022-03-02,2022-03-02 21:00:00+00:00,151.238743,0,,0.0,0.0,0.0,5.0,4.0
MELI,2022-03-02,2022-03-02 21:00:00+00:00,1140.899969,0,,0.0,0.0,0.0,5.0,4.0
PLTR,2022-03-02,2022-03-02 21:00:00+00:00,12.052031,0,,0.0,0.0,0.0,5.0,4.0
BTCUSD,2022-03-02,2022-03-02 21:00:00+00:00,43874.143525,0,,0.0,0.0,0.0,5.0,4.0
ETHUSD,2022-03-02,2022-03-02 21:00:00+00:00,2965.067967,0,,0.0,0.0,0.0,5.0,4.0
GRUB,2022-03-02,2022-03-02 21:00:00+00:00,7.78,0,,0.0,0.0,0.0,5.0,4.0
WE,2022-03-02,2022-03-02 21:00:00+00:00,6.32,0,,0.0,0.0,0.0,5.0,4.0
MSFT,2022-03-02,2022-03-02 21:00:00+00:00,300.153369,0,,0.0,0.0,0.0,5.0,4.0
FB,2022-03-02,2022-03-02 21:00:00+00:00,208.087121,0.23,,0.0,0.0,0.0,5.0,4.0
GLD,2022-03-02,2022-03-02 21:00:00+00:00,179.738337,0,,0.0,0.0,0.0,5.0,4.0
FNF,2022-03-02,2022-03-02 21:00:00+00:00,47.67,0,,0.0,0.0,0.0,5.0,4.0
COIN,2022-03-02,2022-03-02 21:00:00+00:00,194.459298,0,,0.0,0.0,0.0,5.0,4.0
UNP,2022-03-02,2022-03-02 21:00:00+00:00,252.370006,0,,0.0,0.0,0.0,5.0,4.0
BKNG,2022-03-02,2022-03-02 21:00:00+00:00,2163.52078,0,,0.0,0.0,0.0,5.0,4.0
UBER,2022-03-02,2022-03-02 21:00:00+00:00,34.038274,0,,0.0,0.0,0.0,5.0,4.0
ABNB,2022-03-02,2022-03-02 21:00:00+00:00,157.513174,0,,0.0,0.0,0.0,5.0,4.0
ARKK,2022-03-02,2022-03-02 21:00:00+00:00,67.517591,0,,0.0,0.0,0.0,5.0,4.0
V,2022-03-02,2022-03-02 21:00:00+00:00,208.49596,0,,0.0,0.0,0.0,5.0,4.0
COIN,2022-03-04,2022-03-04 16:00:00+00:00,167.451998,0,,0.0,0.0,0.0,6.0,5.0
ABNB,2022-03-04,2022-03-04 16:00:00+00:00,141.787906,0,,0.0,0.0,0.0,6.0,5.0
SKLUSD,2022-03-04,2022-03-04 16:00:00+00:00,0.0,0,,0.0,0.0,0.0,6.0,5.0
TLT,2022-03-04,2022-03-04 16:00:00+00:00,140.637127,0,,0.0,0.0,0.0,6.0,5.0
GLD,2022-03-04,2022-03-04 16:00:00+00:00,183.113105,0,,0.0,0.0,0.0,6.0,5.0
ETHUSD,2022-03-04,2022-03-04 16:00:00+00:00,2676.131361,0,,0.0,0.0,0.0,6.0,5.0
GRUB,2022-03-04,2022-03-04 16:00:00+00:00,6.074902,0,,0.0,0.0,0.0,6.0,5.0
V,2022-03-04,2022-03-04 16:00:00+00:00,197.774239,0,,0.0,0.0,0.0,6.0,5.0
MELI,2022-03-04,2022-03-04 16:00:00+00:00,1067.847245,0,,0.0,0.0,0.0,6.0,5.0
FNV,2022-03-04,2022-03-04 16:00:00+00:00,153.916167,0,,0.0,0.0,0.0,6.0,5.0
BKNG,2022-03-04,2022-03-04 16:00:00+00:00,1986.13034,0,,0.0,0.0,0.0,6.0,5.0
BTCUSD,2022-03-04,2022-03-04 16:00:00+00:00,40599.258754,0,,0.0,0.0,0.0,6.0,5.0
CRM,2022-03-04,2022-03-04 16:00:00+00:00,200.156994,0,,0.0,0.0,0.0,6.0,5.0
FNF,2022-03-04,2022-03-04 16:00:00+00:00,47.001216,0,,0.0,0.0,0.0,6.0,5.0
WE,2022-03-04,2022-03-04 16:00:00+00:00,5.725187,0,,0.0,0.0,0.0,6.0,5.0
UBER,2022-03-04,2022-03-04 16:00:00+00:00,29.818446,0,,0.0,0.0,0.0,6.0,5.0
PLTR,2022-03-04,2022-03-04 16:00:00+00:00,10.848841,0,,0.0,0.0,0.0,6.0,5.0
MSFT,2022-03-04,2022-03-04 16:00:00+00:00,288.497962,0,,0.0,0.0,0.0,6.0,5.0
FB,2022-03-04,2022-03-04 16:00:00+00:00,200.071142,0,,0.0,0.0,0.0,6.0,5.0
UNP,2022-03-04,2022-03-04 16:00:00+00:00,259.291977,0,,0.0,0.0,0.0,6.0,5.0
ARKK,2022-03-04,2022-03-04 16:00:00+00:00,60.853381,0,,0.0,0.0,0.0,6.0,5.0
FNV,2022-03-11,2022-03-11 21:00:00+00:00,158.05,0,,0.0,0.0,0.0,7.0,6.0
GLD,2022-03-11,2022-03-11 21:00:00+00:00,185.109976,0,,0.0,0.0,0.0,7.0,6.0
WE,2022-03-11,2022-03-11 21:00:00+00:00,5.06489,0,,0.0,0.0,0.0,7.0,6.0
MSFT,2022-03-11,2022-03-11 21:00:00+00:00,280.067157,0,,0.0,0.0,0.0,7.0,6.0
FB,2022-03-11,2022-03-11 21:00:00+00:00,187.607892,0,,0.0,0.0,0.0,7.0,6.0
MELI,2022-03-11,2022-03-11 21:00:00+00:00,891.701388,0,,0.0,0.0,0.0,7.0,6.0
ARKK,2022-03-11,2022-03-11 21:00:00+00:00,55.738874,0,,0.0,0.0,0.0,7.0,6.0
FNF,2022-03-11,2022-03-11 21:00:00+00:00,46.98,0,,0.0,0.0,0.0,7.0,6.0
COIN,2022-03-11,2022-03-11 21:00:00+00:00,160.225643,0,,0.0,0.0,0.0,7.0,6.0
TLT,2022-03-11,2022-03-11 21:00:00+00:00,134.910099,0,,0.0,0.0,0.0,7.0,6.0
ABNB,2022-03-11,2022-03-11 21:00:00+00:00,145.15385,0,,0.0,0.0,0.0,7.0,6.0
UNP,2022-03-11,2022-03-11 21:00:00+00:00,261.557098,0,,0.0,0.0,0.0,7.0,6.0
PLTR,2022-03-11,2022-03-11 21:00:00+00:00,11.392136,0,,0.0,0.0,0.0,7.0,6.0
ETHUSD,2022-03-11,2022-03-11 21:00:00+00:00,2565.400515,0.15,,0.0,0.0,0.0,7.0,6.0
V,2022-03-11,2022-03-11 21:00:00+00:00,196.709938,0,,0.0,0.0,0.0,7.0,6.0
BTCUSD,2022-03-11,2022-03-11 21:00:00+00:00,38878.888901,0,,0.0,0.0,0.0,7.0,6.0
BKNG,2022-03-11,2022-03-11 21:00:00+00:00,2017.413578,0,,0.0,0.0,0.0,7.0,6.0
GRUB,2022-03-11,2022-03-11 21:00:00+00:00,6.720475,0,,0.0,0.0,0.0,7.0,6.0
CRM,2022-03-11,2022-03-11 21:00:00+00:00,197.900099,0,,0.0,0.0,0.0,7.0,6.0
UBER,2022-03-11,2022-03-11 21:00:00+00:00,30.75891,0,,0.0,0.0,0.0,7.0,6.0
SKLUSD,2022-03-11,2022-03-11 21:00:00+00:00,0.0,0,,0.0,0.0,0.0,7.0,6.0
PLTR,2022-03-22,2022-03-22 14:00:00+00:00,13.098068,0,,0.0,0.0,0.0,8.0,7.0
WE,2022-03-22,2022-03-22 14:00:00+00:00,6.527135,0,,0.0,0.0,0.0,8.0,7.0
UBER,2022-03-22,2022-03-22 14:00:00+00:00,32.824404,0,,0.0,0.0,0.0,8.0,7.0
FB,2022-03-22,2022-03-22 14:00:00+00:00,217.126867,0,,0.0,0.0,0.0,8.0,7.0
COIN,2022-03-22,2022-03-22 14:00:00+00:00,185.392663,0,,0.0,0.0,0.0,8.0,7.0
GLD,2022-03-22,2022-03-22 14:00:00+00:00,178.722766,0,,0.0,0.0,0.0,8.0,7.0
V,2022-03-22,2022-03-22 14:00:00+00:00,218.88381,0,,0.0,0.0,0.0,8.0,7.0
FNF,2022-03-22,2022-03-22 14:00:00+00:00,49.946478,0,,0.0,0.0,0.0,8.0,7.0
ABNB,2022-03-22,2022-03-22 14:00:00+00:00,166.877593,0,,0.0,0.0,0.0,8.0,7.0
BKNG,2022-03-22,2022-03-22 14:00:00+00:00,2185.994686,0,,0.0,0.0,0.0,8.0,7.0
CRM,2022-03-22,2022-03-22 14:00:00+00:00,216.516237,0,,0.0,0.0,0.0,8.0,7.0
UNP,2022-03-22,2022-03-22 14:00:00+00:00,265.647814,0,,0.0,0.0,0.0,8.0,7.0
BTCUSD,2022-03-22,2022-03-22 14:00:00+00:00,43014.584011,0,,0.0,0.0,0.0,8.0,7.0
GRUB,2022-03-22,2022-03-22 14:00:00+00:00,6.720475,0,,0.0,0.0,0.0,8.0,7.0
SKLUSD,2022-03-22,2022-03-22 14:00:00+00:00,0.0,0,,0.0,0.0,0.0,8.0,7.0
ARKK,2022-03-22,2022-03-22 14:00:00+00:00,66.072585,0,,0.0,0.0,0.0,8.0,7.0
FNV,2022-03-22,2022-03-22 14:00:00+00:00,155.056347,0,,0.0,0.0,0.0,8.0,7.0
MELI,2022-03-22,2022-03-22 14:00:00+00:00,1198.346865,0,,0.0,0.0,0.0,8.0,7.0
ETHUSD,2022-03-22,2022-03-22 14:00:00+00:00,3017.97854,0,,0.0,0.0,0.0,8.0,7.0
MSFT,2022-03-22,2022-03-22 14:00:00+00:00,302.739035,0,,0.0,0.0,0.0,8.0,7.0
TLT,2022-03-22,2022-03-22 14:00:00+00:00,128.930462,0,,0.0,0.0,0.0,8.0,7.0
FNV,2022-03-23,2022-03-23 18:00:00+00:00,158.051716,0,,0.0,0.0,0.0,9.0,8.0
GLD,2022-03-23,2022-03-23 18:00:00+00:00,180.95645,0,,0.0,0.0,0.0,9.0,8.0
FB,2022-03-23,2022-03-23 18:00:00+00:00,213.773292,0,,0.0,0.0,0.0,9.0,8.0
V,2022-03-23,2022-03-23 18:00:00+00:00,214.8112,0,,0.0,0.0,0.0,9.0,8.0
ABNB,2022-03-23,2022-03-23 18:00:00+00:00,164.012908,0,,0.0,0.0,0.0,9.0,8.0
ETHUSD,2022-03-23,2022-03-23 18:00:00+00:00,2963.275919,0,,0.0,0.0,0.0,9.0,8.0
FNF,2022-03-23,2022-03-23 18:00:00+00:00,49.272423,0,,0.0,0.0,0.0,9.0,8.0
GRUB,2022-03-23,2022-03-23 18:00:00+00:00,6.720475,0,,0.0,0.0,0.0,9.0,8.0
ARKK,2022-03-23,2022-03-23 18:00:00+00:00,66.092096,0,,0.0,0.0,0.0,9.0,8.0
COIN,2022-03-23,2022-03-23 18:00:00+00:00,183.210925,0,,0.0,0.0,0.0,9.0,8.0
MSFT,2022-03-23,2022-03-23 18:00:00+00:00,301.003536,0,,0.0,0.0,0.0,9.0,8.0
SKLUSD,2022-03-23,2022-03-23 18:00:00+00:00,0.0,0,,0.0,0.0,0.0,9.0,8.0
PLTR,2022-03-23,2022-03-23 18:00:00+00:00,13.165334,0,,0.0,0.0,0.0,9.0,8.0
WE,2022-03-23,2022-03-23 18:00:00+00:00,6.282717,0,,0.0,0.0,0.0,9.0,8.0
UBER,2022-03-23,2022-03-23 18:00:00+00:00,33.062605,0,,0.0,0.0,0.0,9.0,8.0
TLT,2022-03-23,2022-03-23 18:00:00+00:00,130.692977,0.1,,0.0,0.0,0.0,9.0,8.0
MELI,2022-03-23,2022-03-23 18:00:00+00:00,1222.046558,0,,0.0,0.0,0.0,9.0,8.0
UNP,2022-03-23,2022-03-23 18:00:00+00:00,269.348895,0,,0.0,0.0,0.0,9.0,8.0
CRM,2022-03-23,2022-03-23 18:00:00+00:00,209.88991,0,,0.0,0.0,0.0,9.0,8.0
BTCUSD,2022-03-23,2022-03-23 18:00:00+00:00,42148.564334,0,,0.0,0.0,0.0,9.0,8.0
BKNG,2022-03-23,2022-03-23 18:00:00+00:00,2159.338613,0,,0.0,0.0,0.0,9.0,8.0
COIN,2022-03-29,2022-03-29 19:00:00+00:00,205.136149,0,,0.0,0.0,0.0,10.0,9.0
BKNG,2022-03-29,2022-03-29 19:00:00+00:00,2371.180099,0,,0.0,0.0,0.0,10.0,9.0
FNF,2022-03-29,2022-03-29 19:00:00+00:00,50.299717,0,,0.0,0.0,0.0,10.0,9.0
MELI,2022-03-29,2022-03-29 19:00:00+00:00,1259.788092,0,,0.0,0.0,0.0,10.0,9.0
ETHUSD,2022-03-29,2022-03-29 19:00:00+00:00,3431.904269,0,,0.0,0.0,0.0,10.0,9.0
CRM,2022-03-29,2022-03-29 19:00:00+00:00,221.52941,0,,0.0,0.0,0.0,10.0,9.0
V,2022-03-29,2022-03-29 19:00:00+00:00,228.161457,0,,0.0,0.0,0.0,10.0,9.0
UNP,2022-03-29,2022-03-29 19:00:00+00:00,273.513487,0,,0.0,0.0,0.0,10.0,9.0
BTCUSD,2022-03-29,2022-03-29 19:00:00+00:00,47747.3949,0,,0.0,0.0,0.0,10.0,9.0
ABNB,2022-03-29,2022-03-29 19:00:00+00:00,175.387906,0,,0.0,0.0,0.0,10.0,9.0
SKLUSD,2022-03-29,2022-03-29 19:00:00+00:00,0.0,0,,0.0,0.0,0.0,10.0,9.0
WE,2022-03-29,2022-03-29 19:00:00+00:00,7.069069,0,,0.0,0.0,0.0,10.0,9.0
FB,2022-03-29,2022-03-29 19:00:00+00:00,230.269733,0,,0.0,0.0,0.0,10.0,9.0
TLT,2022-03-29,2022-03-29 19:00:00+00:00,130.457704,0.15,,0.0,0.0,0.0,10.0,9.0
PLTR,2022-03-29,2022-03-29 19:00:00+00:00,14.171183,0,,0.0,0.0,0.0,10.0,9.0
GRUB,2022-03-29,2022-03-29 19:00:00+00:00,6.720475,0,,0.0,0.0,0.0,10.0,9.0
UBER,2022-03-29,2022-03-29 19:00:00+00:00,37.266788,0,,0.0,0.0,0.0,10.0,9.0
MSFT,2022-03-29,2022-03-29 19:00:00+00:00,315.092497,0,,0.0,0.0,0.0,10.0,9.0
GLD,2022-03-29,2022-03-29 19:00:00+00:00,179.088157,0.03,,0.0,0.0,0.0,10.0,9.0
FNV,2022-03-29,2022-03-29 19:00:00+00:00,156.822445,0.05,,0.0,0.0,0.0,10.0,9.0
ARKK,2022-03-29,2022-03-29 19:00:00+00:00,71.595366,0,,0.0,0.0,0.0,10.0,9.0
TLT,2022-04-05,2022-04-05 15:00:00+00:00,128.680744,0,,0.0,0.0,0.0,11.0,10.0
GLD,2022-04-05,2022-04-05 15:00:00+00:00,179.808253,0,,0.0,0.0,0.0,11.0,10.0
FB,2022-04-05,2022-04-05 15:00:00+00:00,232.709705,0,,0.0,0.0,0.0,11.0,10.0
BKNG,2022-04-05,2022-04-05 15:00:00+00:00,2308.039794,0,,0.0,0.0,0.0,11.0,10.0
PLTR,2022-04-05,2022-04-05 15:00:00+00:00,14.188978,0,,0.0,0.0,0.0,11.0,10.0
ARKK,2022-04-05,2022-04-05 15:00:00+00:00,67.845461,0,,0.0,0.0,0.0,11.0,10.0
ABNB,2022-04-05,2022-04-05 15:00:00+00:00,173.318076,0,,0.0,0.0,0.0,11.0,10.0
V,2022-04-05,2022-04-05 15:00:00+00:00,226.871682,0,,0.0,0.0,0.0,11.0,10.0
CRM,2022-04-05,2022-04-05 15:00:00+00:00,210.736937,0,,0.0,0.0,0.0,11.0,10.0
UBER,2022-04-05,2022-04-05 15:00:00+00:00,35.097799,0,,0.0,0.0,0.0,11.0,10.0
BTCUSD,2022-04-05,2022-04-05 15:00:00+00:00,45733.900191,0,,0.0,0.0,0.0,11.0,10.0
GRUB,2022-04-05,2022-04-05 15:00:00+00:00,6.720475,0,,0.0,0.0,0.0,11.0,10.0
COIN,2022-04-05,2022-04-05 15:00:00+00:00,180.386956,0,,0.0,0.0,0.0,11.0,10.0
WE,2022-04-05,2022-04-05 15:00:00+00:00,6.895818,0,,0.0,0.0,0.0,11.0,10.0
FNF,2022-04-05,2022-04-05 15:00:00+00:00,46.267838,0,,0.0,0.0,0.0,11.0,10.0
ETHUSD,2022-04-05,2022-04-05 15:00:00+00:00,3456.265413,0,,0.0,0.0,0.0,11.0,10.0
MELI,2022-04-05,2022-04-05 15:00:00+00:00,1229.68773,0.02,,0.0,0.0,0.0,11.0,10.0
SKLUSD,2022-04-05,2022-04-05 15:00:00+00:00,0.0,0,,0.0,0.0,0.0,11.0,10.0
UNP,2022-04-05,2022-04-05 15:00:00+00:00,254.449773,0,,0.0,0.0,0.0,11.0,10.0
FNV,2022-04-05,2022-04-05 15:00:00+00:00,162.292356,0,,0.0,0.0,0.0,11.0,10.0
MSFT,2022-04-05,2022-04-05 15:00:00+00:00,312.296802,0,,0.0,0.0,0.0,11.0,10.0
ARKK,2022-04-11,2022-04-11 20:00:00+00:00,59.841363,0,,0.0,0.0,0.0,12.0,11.0
MELI,2022-04-11,2022-04-11 20:00:00+00:00,1125.690766,0.02,,0.0,0.0,0.0,12.0,11.0
GRUB,2022-04-11,2022-04-11 20:00:00+00:00,6.720475,0,,0.0,0.0,0.0,12.0,11.0
MSFT,2022-04-11,2022-04-11 20:00:00+00:00,285.263303,0,,0.0,0.0,0.0,12.0,11.0
PLTR,2022-04-11,2022-04-11 20:00:00+00:00,12.659753,0,,0.0,0.0,0.0,12.0,11.0
V,2022-04-11,2022-04-11 20:00:00+00:00,214.846753,0,,0.0,0.0,0.0,12.0,11.0
TLT,2022-04-11,2022-04-11 20:00:00+00:00,123.141436,0.15,,0.0,0.0,0.0,12.0,11.0
FNF,2022-04-11,2022-04-11 20:00:00+00:00,43.49,0,,0.0,0.0,0.0,12.0,11.0
GLD,2022-04-11,2022-04-11 20:00:00+00:00,182.362781,0.033,,0.0,0.0,0.0,12.0,11.0
UNP,2022-04-11,2022-04-11 20:00:00+00:00,243.109997,0,,0.0,0.0,0.0,12.0,11.0
BKNG,2022-04-11,2022-04-11 20:00:00+00:00,2169.21,0,,0.0,0.0,0.0,12.0,11.0
ETHUSD,2022-04-11,2022-04-11 20:00:00+00:00,2993.070565,0.162,,0.0,0.0,0.0,12.0,11.0
UBER,2022-04-11,2022-04-11 20:00:00+00:00,32.039884,0,,0.0,0.0,0.0,12.0,11.0
ABNB,2022-04-11,2022-04-11 20:00:00+00:00,160.249216,0.073,,0.0,0.0,0.0,12.0,11.0
SKLUSD,2022-04-11,2022-04-11 20:00:00+00:00,0.0,0,,0.0,0.0,0.0,12.0,11.0
FNV,2022-04-11,2022-04-11 20:00:00+00:00,165.78038,0.057,,0.0,0.0,0.0,12.0,11.0
CRM,2022-04-11,2022-04-11 20:00:00+00:00,195.449615,0,,0.0,0.0,0.0,12.0,11.0
COIN,2022-04-11,2022-04-11 20:00:00+00:00,153.849929,0,,0.0,0.0,0.0,12.0,11.0
BTCUSD,2022-04-11,2022-04-11 20:00:00+00:00,39810.773354,0.10099999999999999,,0.0,0.0,0.0,12.0,11.0
FB,2022-04-11,2022-04-11 20:00:00+00:00,216.458595,0.242,,0.0,0.0,0.0,12.0,11.0
WE,2022-04-11,2022-04-11 20:00:00+00:00,6.25,0,,0.0,0.0,0.0,12.0,11.0
FB,2022-04-18,2022-04-18 14:00:00+00:00,212.093414,0,,0.0,0.0,0.0,13.0,12.0
COIN,2022-04-18,2022-04-18 14:00:00+00:00,144.241952,0,,0.0,0.0,0.0,13.0,12.0
FNV,2022-04-18,2022-04-18 14:00:00+00:00,167.869153,0,,0.0,0.0,0.0,13.0,12.0
GRUB,2022-04-18,2022-04-18 14:00:00+00:00,6.720475,0,,0.0,0.0,0.0,13.0,12.0
ETHUSD,2022-04-18,2022-04-18 14:00:00+00:00,2932.172552,0,,0.0,0.0,0.0,13.0,12.0
MELI,2022-04-18,2022-04-18 14:00:00+00:00,1058.342097,0,,0.0,0.0,0.0,13.0,12.0
SKLUSD,2022-04-18,2022-04-18 14:00:00+00:00,0.0,0,,0.0,0.0,0.0,13.0,12.0
WE,2022-04-18,2022-04-18 14:00:00+00:00,5.94209,0,,0.0,0.0,0.0,13.0,12.0
UBER,2022-04-18,2022-04-18 14:00:00+00:00,32.248982,0,,0.0,0.0,0.0,13.0,12.0
GLD,2022-04-18,2022-04-18 14:00:00+00:00,185.593581,0.03,,0.0,0.0,0.0,13.0,12.0
ARKK,2022-04-18,2022-04-18 14:00:00+00:00,57.837636,0,,0.0,0.0,0.0,13.0,12.0
PLTR,2022-04-18,2022-04-18 14:00:00+00:00,12.203688,0,,0.0,0.0,0.0,13.0,12.0
MSFT,2022-04-18,2022-04-18 14:00:00+00:00,281.192057,0,,0.0,0.0,0.0,13.0,12.0
CRM,2022-04-18,2022-04-18 14:00:00+00:00,188.311529,0,,0.0,0.0,0.0,13.0,12.0
TLT,2022-04-18,2022-04-18 14:00:00+00:00,120.429779,0,,0.0,0.0,0.0,13.0,12.0
BTCUSD,2022-04-18,2022-04-18 14:00:00+00:00,39447.590628,0,,0.0,0.0,0.0,13.0,12.0
BKNG,2022-04-18,2022-04-18 14:00:00+00:00,2215.815329,0,,0.0,0.0,0.0,13.0,12.0
ABNB,2022-04-18,2022-04-18 14:00:00+00:00,167.647627,0,,0.0,0.0,0.0,13.0,12.0
V,2022-04-18,2022-04-18 14:00:00+00:00,214.832204,0,,0.0,0.0,0.0,13.0,12.0
FNF,2022-04-18,2022-04-18 14:00:00+00:00,41.858983,0,,0.0,0.0,0.0,13.0,12.0
UNP,2022-04-18,2022-04-18 14:00:00+00:00,242.109645,0,,0.0,0.0,0.0,13.0,12.0
FNV,2022-04-22,2022-04-22 16:00:00+00:00,159.569293,0,,0.0,0.0,0.0,14.0,13.0
COIN,2022-04-22,2022-04-22 16:00:00+00:00,133.43747,0,,0.0,0.0,0.0,14.0,13.0
MSFT,2022-04-22,2022-04-22 16:00:00+00:00,277.540522,0,,0.0,0.0,0.0,14.0,13.0
FNF,2022-04-22,2022-04-22 16:00:00+00:00,41.596099,0,,0.0,0.0,0.0,14.0,13.0
ARKK,2022-04-22,2022-04-22 16:00:00+00:00,52.563033,0,,0.0,0.0,0.0,14.0,13.0
FB,2022-04-22,2022-04-22 16:00:00+00:00,184.477845,0.22,,0.0,0.0,0.0,14.0,13.0
UNP,2022-04-22,2022-04-22 16:00:00+00:00,237.730738,0,,0.0,0.0,0.0,14.0,13.0
ETHUSD,2022-04-22,2022-04-22 16:00:00+00:00,2950.822158,0,,0.0,0.0,0.0,14.0,13.0
WE,2022-04-22,2022-04-22 16:00:00+00:00,6.515956,0,,0.0,0.0,0.0,14.0,13.0
CRM,2022-04-22,2022-04-22 16:00:00+00:00,172.997136,0,,0.0,0.0,0.0,14.0,13.0
BKNG,2022-04-22,2022-04-22 16:00:00+00:00,2241.210352,0,,0.0,0.0,0.0,14.0,13.0
PLTR,2022-04-22,2022-04-22 16:00:00+00:00,12.079087,0,,0.0,0.0,0.0,14.0,13.0
GRUB,2022-04-22,2022-04-22 16:00:00+00:00,6.720475,0,,0.0,0.0,0.0,14.0,13.0
ABNB,2022-04-22,2022-04-22 16:00:00+00:00,156.588072,0,,0.0,0.0,0.0,14.0,13.0
UBER,2022-04-22,2022-04-22 16:00:00+00:00,31.23384,0,,0.0,0.0,0.0,14.0,13.0
TLT,2022-04-22,2022-04-22 16:00:00+00:00,120.174367,0,,0.0,0.0,0.0,14.0,13.0
V,2022-04-22,2022-04-22 16:00:00+00:00,211.147467,0,,0.0,0.0,0.0,14.0,13.0
BTCUSD,2022-04-22,2022-04-22 16:00:00+00:00,39437.441038,0,,0.0,0.0,0.0,14.0,13.0
GLD,2022-04-22,2022-04-22 16:00:00+00:00,180.779189,0,,0.0,0.0,0.0,14.0,13.0
SKLUSD,2022-04-22,2022-04-22 16:00:00+00:00,0.0,0,,0.0,0.0,0.0,14.0,13.0
MELI,2022-04-22,2022-04-22 16:00:00+00:00,994.293781,0,,0.0,0.0,0.0,14.0,13.0
FB,2022-04-27,2022-04-27 19:00:00+00:00,174.059268,0,,0.0,0.0,0.0,15.0,14.0
ETHUSD,2022-04-27,2022-04-27 19:00:00+00:00,2847.0534,0,,0.0,0.0,0.0,15.0,14.0
BTCUSD,2022-04-27,2022-04-27 19:00:00+00:00,38796.84422,0,,0.0,0.0,0.0,15.0,14.0
ABNB,2022-04-27,2022-04-27 19:00:00+00:00,152.244674,0,,0.0,0.0,0.0,15.0,14.0
WE,2022-04-27,2022-04-27 19:00:00+00:00,6.992075,0,,0.0,0.0,0.0,15.0,14.0
UBER,2022-04-27,2022-04-27 19:00:00+00:00,30.84144,0,,0.0,0.0,0.0,15.0,14.0
FNF,2022-04-27,2022-04-27 19:00:00+00:00,39.657968,0,,0.0,0.0,0.0,15.0,14.0
PLTR,2022-04-27,2022-04-27 19:00:00+00:00,10.59541,0,,0.0,0.0,0.0,15.0,14.0
UNP,2022-04-27,2022-04-27 19:00:00+00:00,236.963512,0,,0.0,0.0,0.0,15.0,14.0
MSFT,2022-04-27,2022-04-27 19:00:00+00:00,284.271278,0,,0.0,0.0,0.0,15.0,14.0
GRUB,2022-04-27,2022-04-27 19:00:00+00:00,6.720475,0,,0.0,0.0,0.0,15.0,14.0
V,2022-04-27,2022-04-27 19:00:00+00:00,214.295667,0,,0.0,0.0,0.0,15.0,14.0
FNV,2022-04-27,2022-04-27 19:00:00+00:00,150.407039,0,,0.0,0.0,0.0,15.0,14.0
SKLUSD,2022-04-27,2022-04-27 19:00:00+00:00,0.0,0,,0.0,0.0,0.0,15.0,14.0
ARKK,2022-04-27,2022-04-27 19:00:00+00:00,49.748777,0,,0.0,0.0,0.0,15.0,14.0
TLT,2022-04-27,2022-04-27 19:00:00+00:00,120.946781,0.15,,0.0,0.0,0.0,15.0,14.0
MELI,2022-04-27,2022-04-27 19:00:00+00:00,1026.007643,0,,0.0,0.0,0.0,15.0,14.0
COIN,2022-04-27,2022-04-27 19:00:00+00:00,122.686355,0,,0.0,0.0,0.0,15.0,14.0
GLD,2022-04-27,2022-04-27 19:00:00+00:00,175.943912,0.025,,0.0,0.0,0.0,15.0,14.0
BKNG,2022-04-27,2022-04-27 19:00:00+00:00,2256.118088,0,,0.0,0.0,0.0,15.0,14.0
CRM,2022-04-27,2022-04-27 19:00:00+00:00,174.949916,0,,0.0,0.0,0.0,15.0,14.0
ABNB,2022-04-28,2022-04-28 20:00:00+00:00,159.687638,0,,0.0,0.0,0.0,16.0,15.0
FNV,2022-04-28,2022-04-28 20:00:00+00:00,153.09,0.01,,0.0,0.0,0.0,16.0,15.0
BTCUSD,2022-04-28,2022-04-28 20:00:00+00:00,39979.486751,0,,0.0,0.0,0.0,16.0,15.0
CRM,2022-04-28,2022-04-28 20:00:00+00:00,185.72682,0,,0.0,0.0,0.0,16.0,15.0
SKLUSD,2022-04-28,2022-04-28 20:00:00+00:00,0.0,0,,0.0,0.0,0.0,16.0,15.0
MSFT,2022-04-28,2022-04-28 20:00:00+00:00,289.604328,0,,0.0,0.0,0.0,16.0,15.0
ARKK,2022-04-28,2022-04-28 20:00:00+00:00,48.754375,0,,0.0,0.0,0.0,16.0,15.0
BKNG,2022-04-28,2022-04-28 20:00:00+00:00,2317.801602,0,,0.0,0.0,0.0,16.0,15.0
FNF,2022-04-28,2022-04-28 20:00:00+00:00,40.77,0,,0.0,0.0,0.0,16.0,15.0
MELI,2022-04-28,2022-04-28 20:00:00+00:00,1038.940142,0,,0.0,0.0,0.0,16.0,15.0
COIN,2022-04-28,2022-04-28 20:00:00+00:00,122.594717,0,,0.0,0.0,0.0,16.0,15.0
PLTR,2022-04-28,2022-04-28 20:00:00+00:00,10.93538,0,,0.0,0.0,0.0,16.0,15.0
UBER,2022-04-28,2022-04-28 20:00:00+00:00,32.794903,0,,0.0,0.0,0.0,16.0,15.0
TLT,2022-04-28,2022-04-28 20:00:00+00:00,121.028753,0,,0.0,0.0,0.0,16.0,15.0
WE,2022-04-28,2022-04-28 20:00:00+00:00,7.179954,0,,0.0,0.0,0.0,16.0,15.0
GLD,2022-04-28,2022-04-28 20:00:00+00:00,176.9254,0,,0.0,0.0,0.0,16.0,15.0
V,2022-04-28,2022-04-28 20:00:00+00:00,220.659436,0,,0.0,0.0,0.0,16.0,15.0
GRUB,2022-04-28,2022-04-28 20:00:00+00:00,6.720475,0,,0.0,0.0,0.0,16.0,15.0
ETHUSD,2022-04-28,2022-04-28 20:00:00+00:00,2939.569541,0,,0.0,0.0,0.0,16.0,15.0
UNP,2022-04-28,2022-04-28 20:00:00+00:00,239.253746,0,,0.0,0.0,0.0,16.0,15.0
FB,2022-04-28,2022-04-28 20:00:00+00:00,205.521102,0,,0.0,0.0,0.0,16.0,15.0
SKLUSD,2022-05-02,2022-05-02 23:00:00+00:00,0.0,0,,0.0,0.0,0.0,17.0,16.0
FB,2022-05-02,2022-05-02 23:00:00+00:00,211.576921,0,,0.0,0.0,0.0,17.0,16.0
V,2022-05-02,2022-05-02 23:00:00+00:00,211.91696,0,,0.0,0.0,0.0,17.0,16.0
ABNB,2022-05-02,2022-05-02 23:00:00+00:00,153.423148,0,,0.0,0.0,0.0,17.0,16.0
GRUB,2022-05-02,2022-05-02 23:00:00+00:00,6.720475,0,,0.0,0.0,0.0,17.0,16.0
ARKK,2022-05-02,2022-05-02 23:00:00+00:00,50.114177,0,,0.0,0.0,0.0,17.0,16.0
FNV,2022-05-02,2022-05-02 23:00:00+00:00,159.569293,0,,0.0,0.0,0.0,17.0,16.0
FNF,2022-05-02,2022-05-02 23:00:00+00:00,41.596099,0,,0.0,0.0,0.0,17.0,16.0
BKNG,2022-05-02,2022-05-02 23:00:00+00:00,2241.210352,0,,0.0,0.0,0.0,17.0,16.0
BTCUSD,2022-05-02,2022-05-02 23:00:00+00:00,38618.847203,0.05,,0.0,0.0,0.0,17.0,16.0
PLTR,2022-05-02,2022-05-02 23:00:00+00:00,10.727783,0,,0.0,0.0,0.0,17.0,16.0
MELI,2022-05-02,2022-05-02 23:00:00+00:00,994.293781,0,,0.0,0.0,0.0,17.0,16.0
MSFT,2022-05-02,2022-05-02 23:00:00+00:00,283.726549,0,,0.0,0.0,0.0,17.0,16.0
CRM,2022-05-02,2022-05-02 23:00:00+00:00,177.601256,0,,0.0,0.0,0.0,17.0,16.0
UNP,2022-05-02,2022-05-02 23:00:00+00:00,237.730738,0,,0.0,0.0,0.0,17.0,16.0
UBER,2022-05-02,2022-05-02 23:00:00+00:00,30.428201,0,,0.0,0.0,0.0,17.0,16.0
ETHUSD,2022-05-02,2022-05-02 23:00:00+00:00,2861.750175,0.075,,0.0,0.0,0.0,17.0,16.0
COIN,2022-05-02,2022-05-02 23:00:00+00:00,121.379376,0,,0.0,0.0,0.0,17.0,16.0
WE,2022-05-02,2022-05-02 23:00:00+00:00,6.63,0,,0.0,0.0,0.0,17.0,16.0
TLT,2022-05-02,2022-05-02 23:00:00+00:00,117.603385,0,,0.0,0.0,0.0,17.0,16.0
GLD,2022-05-02,2022-05-02 23:00:00+00:00,173.810913,0,,0.0,0.0,0.0,17.0,16.0
GLD,2022-05-04,2022-05-04 16:00:00+00:00,174.190846,0,,0.0,0.0,0.0,18.0,17.0
COIN,2022-05-04,2022-05-04 16:00:00+00:00,120.535557,0,,0.0,0.0,0.0,18.0,17.0
FB,2022-05-04,2022-05-04 16:00:00+00:00,211.324841,0,,0.0,0.0,0.0,18.0,17.0
SKLUSD,2022-05-04,2022-05-04 16:00:00+00:00,0.0,0,,0.0,0.0,0.0,18.0,17.0
ABNB,2022-05-04,2022-05-04 16:00:00+00:00,147.714979,0.07,,0.0,0.0,0.0,18.0,17.0
PLTR,2022-05-04,2022-05-04 16:00:00+00:00,10.374908,0.05,,0.0,0.0,0.0,18.0,17.0
UBER,2022-05-04,2022-05-04 16:00:00+00:00,27.127037,0,,0.0,0.0,0.0,18.0,17.0
MELI,2022-05-04,2022-05-04 16:00:00+00:00,941.241553,0.025,,0.0,0.0,0.0,18.0,17.0
ETHUSD,2022-05-04,2022-05-04 16:00:00+00:00,2850.969076,0.05,,0.0,0.0,0.0,18.0,17.0
WE,2022-05-04,2022-05-04 16:00:00+00:00,6.658448,0,,0.0,0.0,0.0,18.0,17.0
UNP,2022-05-04,2022-05-04 16:00:00+00:00,233.915243,0.05,,0.0,0.0,0.0,18.0,17.0
CRM,2022-05-04,2022-05-04 16:00:00+00:00,177.327502,0,,0.0,0.0,0.0,18.0,17.0
MSFT,2022-05-04,2022-05-04 16:00:00+00:00,280.747991,0,,0.0,0.0,0.0,18.0,17.0
BKNG,2022-05-04,2022-05-04 16:00:00+00:00,2020.322292,0,,0.0,0.0,0.0,18.0,17.0
GRUB,2022-05-04,2022-05-04 16:00:00+00:00,6.720475,0,,0.0,0.0,0.0,18.0,17.0
FNV,2022-05-04,2022-05-04 16:00:00+00:00,152.784792,0,,0.0,0.0,0.0,18.0,17.0
ARKK,2022-05-04,2022-05-04 16:00:00+00:00,48.960898,0,,0.0,0.0,0.0,18.0,17.0
BTCUSD,2022-05-04,2022-05-04 16:00:00+00:00,39170.824338,0,,0.0,0.0,0.0,18.0,17.0
TLT,2022-05-04,2022-05-04 16:00:00+00:00,118.078995,0,,0.0,0.0,0.0,18.0,17.0
FNF,2022-05-04,2022-05-04 16:00:00+00:00,41.43245,0.05,,0.0,0.0,0.0,18.0,17.0
V,2022-05-04,2022-05-04 16:00:00+00:00,206.449236,0.05,,0.0,0.0,0.0,18.0,17.0
V,2022-05-09,2022-05-09 20:00:00+00:00,193.000468,0,,0.0,0.0,0.0,19.0,18.0
PLTR,2022-05-09,2022-05-09 20:00:00+00:00,7.420703,0,,0.0,0.0,0.0,19.0,18.0
CRM,2022-05-09,2022-05-09 20:00:00+00:00,163.600041,0,,0.0,0.0,0.0,19.0,18.0
ARKK,2022-05-09,2022-05-09 20:00:00+00:00,41.19983,0,,0.0,0.0,0.0,19.0,18.0
BKNG,2022-05-09,2022-05-09 20:00:00+00:00,2023.570546,0,,0.0,0.0,0.0,19.0,18.0
UNP,2022-05-09,2022-05-09 20:00:00+00:00,225.24992,0,,0.0,0.0,0.0,19.0,18.0
ABNB,2022-05-09,2022-05-09 20:00:00+00:00,119.377506,0,,0.0,0.0,0.0,19.0,18.0
ETHUSD,2022-05-09,2022-05-09 20:00:00+00:00,2300.250181,0.12,,0.0,0.0,0.0,19.0,18.0
FNF,2022-05-09,2022-05-09 20:00:00+00:00,40.370127,0,,0.0,0.0,0.0,19.0,18.0
BTCUSD,2022-05-09,2022-05-09 20:00:00+00:00,31228.833435,0.1,,0.0,0.0,0.0,19.0,18.0
UBER,2022-05-09,2022-05-09 20:00:00+00:00,23.133866,0,,0.0,0.0,0.0,19.0,18.0
GLD,2022-05-09,2022-05-09 20:00:00+00:00,172.859193,0,,0.0,0.0,0.0,19.0,18.0
FB,2022-05-09,2022-05-09 20:00:00+00:00,196.216067,0,,0.0,0.0,0.0,19.0,18.0
GRUB,2022-05-09,2022-05-09 20:00:00+00:00,6.720475,0,,0.0,0.0,0.0,19.0,18.0
WE,2022-05-09,2022-05-09 20:00:00+00:00,6.220202,0,,0.0,0.0,0.0,19.0,18.0
TLT,2022-05-09,2022-05-09 20:00:00+00:00,114.658509,0,,0.0,0.0,0.0,19.0,18.0
MELI,2022-05-09,2022-05-09 20:00:00+00:00,771.166908,0,,0.0,0.0,0.0,19.0,18.0
FNV,2022-05-09,2022-05-09 20:00:00+00:00,141.518568,0,,0.0,0.0,0.0,19.0,18.0
COIN,2022-05-09,2022-05-09 20:00:00+00:00,83.708045,0,,0.0,0.0,0.0,19.0,18.0
MSFT,2022-05-09,2022-05-09 20:00:00+00:00,264.58405,0,,0.0,0.0,0.0,19.0,18.0
SKLUSD,2022-05-09,2022-05-09 20:00:00+00:00,0.0,0,,0.0,0.0,0.0,19.0,18.0
PLTR,2022-05-10,2022-05-10 18:00:00+00:00,7.352727,0,,0.0,0.0,0.0,20.0,19.0
ABNB,2022-05-10,2022-05-10 18:00:00+00:00,116.969249,0,,0.0,0.0,0.0,20.0,19.0
FNF,2022-05-10,2022-05-10 18:00:00+00:00,39.56046,0,,0.0,0.0,0.0,20.0,19.0
BKNG,2022-05-10,2022-05-10 18:00:00+00:00,2067.111992,0,,0.0,0.0,0.0,20.0,19.0
MELI,2022-05-10,2022-05-10 18:00:00+00:00,795.143274,0,,0.0,0.0,0.0,20.0,19.0
TLT,2022-05-10,2022-05-10 18:00:00+00:00,115.891641,0,,0.0,0.0,0.0,20.0,19.0
SKLUSD,2022-05-10,2022-05-10 18:00:00+00:00,0.0,0,,0.0,0.0,0.0,20.0,19.0
BTCUSD,2022-05-10,2022-05-10 18:00:00+00:00,31585.086203,0.05,,0.0,0.0,0.0,20.0,19.0
FNV,2022-05-10,2022-05-10 18:00:00+00:00,141.408351,0,,0.0,0.0,0.0,20.0,19.0
WE,2022-05-10,2022-05-10 18:00:00+00:00,5.696293,0,,0.0,0.0,0.0,20.0,19.0
UNP,2022-05-10,2022-05-10 18:00:00+00:00,222.948005,0,,0.0,0.0,0.0,20.0,19.0
CRM,2022-05-10,2022-05-10 18:00:00+00:00,169.963331,0,,0.0,0.0,0.0,20.0,19.0
ETHUSD,2022-05-10,2022-05-10 18:00:00+00:00,2379.346694,0.05,,0.0,0.0,0.0,20.0,19.0
GLD,2022-05-10,2022-05-10 18:00:00+00:00,172.137966,0,,0.0,0.0,0.0,20.0,19.0
V,2022-05-10,2022-05-10 18:00:00+00:00,194.767711,0,,0.0,0.0,0.0,20.0,19.0
MSFT,2022-05-10,2022-05-10 18:00:00+00:00,272.191999,0,,0.0,0.0,0.0,20.0,19.0
GRUB,2022-05-10,2022-05-10 18:00:00+00:00,6.720475,0,,0.0,0.0,0.0,20.0,19.0
UBER,2022-05-10,2022-05-10 18:00:00+00:00,23.946739,0,,0.0,0.0,0.0,20.0,19.0
COIN,2022-05-10,2022-05-10 18:00:00+00:00,76.606253,0,,0.0,0.0,0.0,20.0,19.0
FB,2022-05-10,2022-05-10 18:00:00+00:00,200.549932,0,,0.0,0.0,0.0,20.0,19.0
ARKK,2022-05-10,2022-05-10 18:00:00+00:00,41.68154,0,,0.0,0.0,0.0,20.0,19.0
PLTR,2022-05-11,2022-05-11 14:00:00+00:00,7.281353,0,,0.0,0.0,0.0,21.0,20.0
V,2022-05-11,2022-05-11 14:00:00+00:00,196.000961,0,,0.0,0.0,0.0,21.0,20.0
MELI,2022-05-11,2022-05-11 14:00:00+00:00,754.593968,0,,0.0,0.0,0.0,21.0,20.0
BTCUSD,2022-05-11,2022-05-11 14:00:00+00:00,31412.574527,0,,0.0,0.0,0.0,21.0,20.0
UBER,2022-05-11,2022-05-11 14:00:00+00:00,23.737057,0,,0.0,0.0,0.0,21.0,20.0
MSFT,2022-05-11,2022-05-11 14:00:00+00:00,266.978556,0,,0.0,0.0,0.0,21.0,20.0
FNV,2022-05-11,2022-05-11 14:00:00+00:00,142.426995,0,,0.0,0.0,0.0,21.0,20.0
WE,2022-05-11,2022-05-11 14:00:00+00:00,5.634673,0,,0.0,0.0,0.0,21.0,20.0
UNP,2022-05-11,2022-05-11 14:00:00+00:00,226.690156,0,,0.0,0.0,0.0,21.0,20.0
CRM,2022-05-11,2022-05-11 14:00:00+00:00,167.205996,0,,0.0,0.0,0.0,21.0,20.0
ETHUSD,2022-05-11,2022-05-11 14:00:00+00:00,2339.562042,0,,0.0,0.0,0.0,21.0,20.0
GLD,2022-05-11,2022-05-11 14:00:00+00:00,172.604185,0,,0.0,0.0,0.0,21.0,20.0
COIN,2022-05-11,2022-05-11 14:00:00+00:00,56.595475,0,,0.0,0.0,0.0,21.0,20.0
SKLUSD,2022-05-11,2022-05-11 14:00:00+00:00,0.0,0,,0.0,0.0,0.0,21.0,20.0
TLT,2022-05-11,2022-05-11 14:00:00+00:00,115.057132,0,,0.0,0.0,0.0,21.0,20.0
FNF,2022-05-11,2022-05-11 14:00:00+00:00,40.454803,0,,0.0,0.0,0.0,21.0,20.0
GRUB,2022-05-11,2022-05-11 14:00:00+00:00,6.720475,0,,0.0,0.0,0.0,21.0,20.0
BKNG,2022-05-11,2022-05-11 14:00:00+00:00,2109.785808,0,,0.0,0.0,0.0,21.0,20.0
FB,2022-05-11,2022-05-11 14:00:00+00:00,196.932448,0,,0.0,0.0,0.0,21.0,20.0
ABNB,2022-05-11,2022-05-11 14:00:00+00:00,120.728824,0,,0.0,0.0,0.0,21.0,20.0
ARKK,2022-05-11,2022-05-11 14:00:00+00:00,40.028289,0,,0.0,0.0,0.0,21.0,20.0
FNF,2022-05-18,2022-05-18 20:00:00+00:00,40.930001,0,,0.0,0.0,0.0,22.0,21.0
UNP,2022-05-18,2022-05-18 20:00:00+00:00,224.990005,0,,0.0,0.0,0.0,22.0,21.0
COIN,2022-05-18,2022-05-18 20:00:00+00:00,63.019094,0,,0.0,0.0,0.0,22.0,21.0
GLD,2022-05-18,2022-05-18 20:00:00+00:00,169.421313,0,,0.0,0.0,0.0,22.0,21.0
PLTR,2022-05-18,2022-05-18 20:00:00+00:00,8.008371,0,,0.0,0.0,0.0,22.0,21.0
WE,2022-05-18,2022-05-18 20:00:00+00:00,6.555854,0,,0.0,0.0,0.0,22.0,21.0
FNV,2022-05-18,2022-05-18 20:00:00+00:00,133.48,0,,0.0,0.0,0.0,22.0,21.0
GRUB,2022-05-18,2022-05-18 20:00:00+00:00,6.720475,0,,0.0,0.0,0.0,22.0,21.0
CRM,2022-05-18,2022-05-18 20:00:00+00:00,157.327138,0,,0.0,0.0,0.0,22.0,21.0
TLT,2022-05-18,2022-05-18 20:00:00+00:00,116.934969,0.16,,0.0,0.0,0.0,22.0,21.0
ETHUSD,2022-05-18,2022-05-18 20:00:00+00:00,1960.183501,0,,0.0,0.0,0.0,22.0,21.0
ABNB,2022-05-18,2022-05-18 20:00:00+00:00,108.101776,0,,0.0,0.0,0.0,22.0,21.0
FB,2022-05-18,2022-05-18 20:00:00+00:00,192.235025,0,,0.0,0.0,0.0,22.0,21.0
UBER,2022-05-18,2022-05-18 20:00:00+00:00,22.459192,0,,0.0,0.0,0.0,22.0,21.0
V,2022-05-18,2022-05-18 20:00:00+00:00,199.98883,0,,0.0,0.0,0.0,22.0,21.0
BKNG,2022-05-18,2022-05-18 20:00:00+00:00,2050.379411,0,,0.0,0.0,0.0,22.0,21.0
ARKK,2022-05-18,2022-05-18 20:00:00+00:00,41.094832,0,,0.0,0.0,0.0,22.0,21.0
SKLUSD,2022-05-18,2022-05-18 20:00:00+00:00,0.0,0,,0.0,0.0,0.0,22.0,21.0
BTCUSD,2022-05-18,2022-05-18 20:00:00+00:00,29163.370909,0,,0.0,0.0,0.0,22.0,21.0
MSFT,2022-05-18,2022-05-18 20:00:00+00:00,254.073526,0,,0.0,0.0,0.0,22.0,21.0
MELI,2022-05-18,2022-05-18 20:00:00+00:00,749.304543,0,,0.0,0.0,0.0,22.0,21.0
SKLUSD,2022-05-26,2022-05-26 20:00:00+00:00,0.0,0,,0.0,0.0,0.0,23.0,22.0
PLTR,2022-05-26,2022-05-26 20:00:00+00:00,8.35861,0,,0.0,0.0,0.0,23.0,22.0
GLD,2022-05-26,2022-05-26 20:00:00+00:00,172.749963,0,,0.0,0.0,0.0,23.0,22.0
BTCUSD,2022-05-26,2022-05-26 20:00:00+00:00,29445.068562,0,,0.0,0.0,0.0,23.0,22.0
FNF,2022-05-26,2022-05-26 20:00:00+00:00,41.609826,0,,0.0,0.0,0.0,23.0,22.0
ABNB,2022-05-26,2022-05-26 20:00:00+00:00,114.299643,0,,0.0,0.0,0.0,23.0,22.0
CRM,2022-05-26,2022-05-26 20:00:00+00:00,162.383079,0,,0.0,0.0,0.0,23.0,22.0
TLT,2022-05-26,2022-05-26 20:00:00+00:00,118.793469,0,,0.0,0.0,0.0,23.0,22.0
ETHUSD,2022-05-26,2022-05-26 20:00:00+00:00,1824.610994,0.05,,0.0,0.0,0.0,23.0,22.0
COIN,2022-05-26,2022-05-26 20:00:00+00:00,69.866463,0,,0.0,0.0,0.0,23.0,22.0
UNP,2022-05-26,2022-05-26 20:00:00+00:00,221.289939,0,,0.0,0.0,0.0,23.0,22.0
V,2022-05-26,2022-05-26 20:00:00+00:00,208.549971,0,,0.0,0.0,0.0,23.0,22.0
GRUB,2022-05-26,2022-05-26 20:00:00+00:00,6.720475,0,,0.0,0.0,0.0,23.0,22.0
FNV,2022-05-26,2022-05-26 20:00:00+00:00,140.908705,0,,0.0,0.0,0.0,23.0,22.0
BKNG,2022-05-26,2022-05-26 20:00:00+00:00,2221.51,0,,0.0,0.0,0.0,23.0,22.0
ARKK,2022-05-26,2022-05-26 20:00:00+00:00,42.615965,0,,0.0,0.0,0.0,23.0,22.0
UBER,2022-05-26,2022-05-26 20:00:00+00:00,23.099182,0,,0.0,0.0,0.0,23.0,22.0
WE,2022-05-26,2022-05-26 20:00:00+00:00,7.0,0,,0.0,0.0,0.0,23.0,22.0
MSFT,2022-05-26,2022-05-26 20:00:00+00:00,265.881663,0,,0.0,0.0,0.0,23.0,22.0
FB,2022-05-26,2022-05-26 20:00:00+00:00,191.627328,0,,0.0,0.0,0.0,23.0,22.0
MELI,2022-05-26,2022-05-26 20:00:00+00:00,783.440308,0,,0.0,0.0,0.0,23.0,22.0
FNF,2022-06-01,2022-06-01 16:00:00+00:00,41.664022,0,,0.0,0.0,0.0,24.0,23.0
FB,2022-06-01,2022-06-01 16:00:00+00:00,191.688127,0.25,,0.0,0.0,0.0,24.0,23.0
CRM,2022-06-01,2022-06-01 16:00:00+00:00,175.765903,0,,0.0,0.0,0.0,24.0,23.0
GRUB,2022-06-01,2022-06-01 16:00:00+00:00,6.720475,0,,0.0,0.0,0.0,24.0,23.0
SKLUSD,2022-06-01,2022-06-01 16:00:00+00:00,0.0,0,,0.0,0.0,0.0,24.0,23.0
GLD,2022-06-01,2022-06-01 16:00:00+00:00,172.299663,0,,0.0,0.0,0.0,24.0,23.0
WE,2022-06-01,2022-06-01 16:00:00+00:00,6.945005,0,,0.0,0.0,0.0,24.0,23.0
UBER,2022-06-01,2022-06-01 16:00:00+00:00,22.693824,0,,0.0,0.0,0.0,24.0,23.0
TLT,2022-06-01,2022-06-01 16:00:00+00:00,116.05736,0,,0.0,0.0,0.0,24.0,23.0
MELI,2022-06-01,2022-06-01 16:00:00+00:00,746.497226,0,,0.0,0.0,0.0,24.0,23.0
FNV,2022-06-01,2022-06-01 16:00:00+00:00,142.232215,0,,0.0,0.0,0.0,24.0,23.0
ABNB,2022-06-01,2022-06-01 16:00:00+00:00,115.188376,0,,0.0,0.0,0.0,24.0,23.0
COIN,2022-06-01,2022-06-01 16:00:00+00:00,68.887368,0,,0.0,0.0,0.0,24.0,23.0
BTCUSD,2022-06-01,2022-06-01 16:00:00+00:00,30458.561698,0,,0.0,0.0,0.0,24.0,23.0
V,2022-06-01,2022-06-01 16:00:00+00:00,209.437117,0,,0.0,0.0,0.0,24.0,23.0
BKNG,2022-06-01,2022-06-01 16:00:00+00:00,2205.011877,0,,0.0,0.0,0.0,24.0,23.0
ARKK,2022-06-01,2022-06-01 16:00:00+00:00,42.154064,0,,0.0,0.0,0.0,24.0,23.0
ETHUSD,2022-06-01,2022-06-01 16:00:00+00:00,1861.367978,0,,0.0,0.0,0.0,24.0,23.0
UNP,2022-06-01,2022-06-01 16:00:00+00:00,220.222574,0,,0.0,0.0,0.0,24.0,23.0
PLTR,2022-06-01,2022-06-01 16:00:00+00:00,8.452254,0,,0.0,0.0,0.0,24.0,23.0
MSFT,2022-06-01,2022-06-01 16:00:00+00:00,270.823767,0,,0.0,0.0,0.0,24.0,23.0
COIN,2022-06-24,2022-06-24 14:00:00+00:00,68.887368,0,,0.0,0.0,0.0,25.0,24.0
BKNG,2022-06-24,2022-06-24 14:00:00+00:00,2205.011877,0,,0.0,0.0,0.0,25.0,24.0
MELI,2022-06-24,2022-06-24 14:00:00+00:00,746.497226,0,,0.0,0.0,0.0,25.0,24.0
WE,2022-06-24,2022-06-24 14:00:00+00:00,6.945005,0,,0.0,0.0,0.0,25.0,24.0
GLD,2022-06-24,2022-06-24 14:00:00+00:00,172.299663,0,,0.0,0.0,0.0,25.0,24.0
FNV,2022-06-24,2022-06-24 14:00:00+00:00,142.232215,0,,0.0,0.0,0.0,25.0,24.0
UNP,2022-06-24,2022-06-24 14:00:00+00:00,220.222574,0,,0.0,0.0,0.0,25.0,24.0
SKLUSD,2022-06-24,2022-06-24 14:00:00+00:00,0.0,0,,0.0,0.0,0.0,25.0,24.0
FB,2022-06-24,2022-06-24 14:00:00+00:00,191.688127,0,,0.0,0.0,0.0,25.0,24.0
GRUB,2022-06-24,2022-06-24 14:00:00+00:00,6.720475,0,,0.0,0.0,0.0,25.0,24.0
UBER,2022-06-24,2022-06-24 14:00:00+00:00,22.693824,0,,0.0,0.0,0.0,25.0,24.0
CRM,2022-06-24,2022-06-24 14:00:00+00:00,175.765903,0,,0.0,0.0,0.0,25.0,24.0
TLT,2022-06-24,2022-06-24 14:00:00+00:00,116.05736,0,,0.0,0.0,0.0,25.0,24.0
FNF,2022-06-24,2022-06-24 14:00:00+00:00,41.664022,0,,0.0,0.0,0.0,25.0,24.0
ABNB,2022-06-24,2022-06-24 14:00:00+00:00,115.188376,0.06,,0.0,0.0,0.0,25.0,24.0
PLTR,2022-06-24,2022-06-24 14:00:00+00:00,8.452254,0.06,,0.0,0.0,0.0,25.0,24.0
BTCUSD,2022-06-24,2022-06-24 14:00:00+00:00,30458.561698,0,,0.0,0.0,0.0,25.0,24.0
V,2022-06-24,2022-06-24 14:00:00+00:00,209.437117,0,,0.0,0.0,0.0,25.0,24.0
ETHUSD,2022-06-24,2022-06-24 14:00:00+00:00,1861.367978,0,,0.0,0.0,0.0,25.0,24.0
MSFT,2022-06-24,2022-06-24 14:00:00+00:00,270.823767,0,,0.0,0.0,0.0,25.0,24.0
ARKK,2022-06-24,2022-06-24 14:00:00+00:00,42.154064,0.03,,0.0,0.0,0.0,25.0,24.0
