symbol,market_entry_date,market_entry_date_time,timestamp,vwap
CASH,12/30/2021,2021-12-30 15:00:00+00:00,,
CASH,12/31/2021,2021-12-31 15:00:00+00:00,,
CASH,1/18/2022,2022-01-18 23:00:00+00:00,,
CASH,2/9/2022,2022-02-09 15:00:00+00:00,,
CASH,3/1/2022,2022-03-01 15:00:00+00:00,,
CASH,3/2/2022,2022-03-02 21:00:00+00:00,,
CASH,3/4/2022,2022-03-04 16:00:00+00:00,,
CASH,3/11/2022,2022-03-11 21:00:00+00:00,,
CASH,3/22/2022,2022-03-22 14:00:00+00:00,,
CASH,3/23/2022,2022-03-23 18:00:00+00:00,,
CASH,3/29/2022,2022-03-29 19:00:00+00:00,,
CASH,4/5/2022,2022-04-05 15:00:00+00:00,,
CASH,4/11/2022,2022-04-11 20:00:00+00:00,,
CASH,4/18/2022,2022-04-18 14:00:00+00:00,,
CASH,4/27/2022,2022-04-27 19:00:00+00:00,,
CASH,4/28/2022,2022-04-28 20:00:00+00:00,,
CASH,4/22/2022,2022-04-22 16:00:00+00:00,,
CASH,5/2/2022,2022-05-02 23:00:00+00:00,,
CASH,5/4/2022,2022-05-04 16:00:00+00:00,,
CASH,5/9/2022,2022-05-09 20:00:00+00:00,,
CASH,5/10/2022,2022-05-10 18:00:00+00:00,,
CASH,5/11/2022,2022-05-11 14:00:00+00:00,,
CASH,5/18/2022,2022-05-18 20:00:00+00:00,,
CASH,5/26/2022,2022-05-26 20:00:00+00:00,,
CASH,6/1/2022,2022-06-01 16:00:00+00:00,,
CASH,6/24/2022,2022-06-24 14:00:00+00:00,,
FB,12/30/2021,2021-12-30 15:00:00+00:00,,
FB,12/31/2021,2021-12-31 15:00:00+00:00,2021-12-31 15:00:00+00:00,341.390696
FB,1/18/2022,2022-01-18 23:00:00+00:00,2022-01-18 23:00:00+00:00,318.858302
FB,2/9/2022,2022-02-09 15:00:00+00:00,2022-02-09 15:00:00+00:00,225.323744
FB,3/1/2022,2022-03-01 15:00:00+00:00,2022-03-01 15:00:00+00:00,209.690049
FB,3/2/2022,2022-03-02 21:00:00+00:00,2022-03-02 21:00:00+00:00,208.087121
FB,3/4/2022,2022-03-04 16:00:00+00:00,2022-03-04 16:00:00+00:00,200.071142
FB,3/11/2022,2022-03-11 21:00:00+00:00,2022-03-11 21:00:00+00:00,187.607892
FB,3/22/2022,2022-03-22 14:00:00+00:00,2022-03-22 14:00:00+00:00,217.126867
FB,3/23/2022,2022-03-23 18:00:00+00:00,2022-03-23 18:00:00+00:00,213.773292
FB,3/29/2022,2022-03-29 19:00:00+00:00,2022-03-29 19:00:00+00:00,230.269733
FB,4/5/2022,2022-04-05 15:00:00+00:00,2022-04-05 15:00:00+00:00,232.709705
FB,4/11/2022,2022-04-11 20:00:00+00:00,2022-04-11 20:00:00+00:00,216.458595
FB,4/18/2022,2022-04-18 14:00:00+00:00,2022-04-18 14:00:00+00:00,212.093414
FB,4/27/2022,2022-04-27 19:00:00+00:00,2022-04-27 19:00:00+00:00,174.059268
FB,4/28/2022,2022-04-28 20:00:00+00:00,2022-04-28 20:00:00+00:00,205.521102
FB,4/22/2022,2022-04-22 16:00:00+00:00,2022-04-22 16:00:00+00:00,184.477845
FB,5/2/2022,2022-05-02 23:00:00+00:00,2022-05-02 23:00:00+00:00,211.576921
FB,5/4/2022,2022-05-04 16:00:00+00:00,2022-05-04 16:00:00+00:00,211.324841
FB,5/9/2022,2022-05-09 20:00:00+00:00,2022-05-09 20:00:00+00:00,196.216067
FB,5/10/2022,2022-05-10 18:00:00+00:00,2022-05-10 18:00:00+00:00,200.549932
FB,5/11/2022,2022-05-11 14:00:00+00:00,2022-05-11 14:00:00+00:00,196.932448
FB,5/18/2022,2022-05-18 20:00:00+00:00,2022-05-18 20:00:00+00:00,192.235025
FB,5/26/2022,2022-05-26 20:00:00+00:00,2022-05-26 20:00:00+00:00,191.627328
FB,6/1/2022,2022-06-01 16:00:00+00:00,2022-06-01 16:00:00+00:00,191.688127
FB,6/24/2022,2022-06-24 14:00:00+00:00,,
ETHUSD,12/30/2021,2021-12-30 15:00:00+00:00,,
ETHUSD,12/31/2021,2021-12-31 15:00:00+00:00,2021-12-31 15:00:00+00:00,3791.079163
ETHUSD,1/18/2022,2022-01-18 23:00:00+00:00,2022-01-18 23:00:00+00:00,3167.147131
ETHUSD,2/9/2022,2022-02-09 15:00:00+00:00,2022-02-09 15:00:00+00:00,3180.491623
ETHUSD,3/1/2022,2022-03-01 15:00:00+00:00,2022-03-01 15:00:00+00:00,2952.264758
ETHUSD,3/2/2022,2022-03-02 21:00:00+00:00,2022-03-02 21:00:00+00:00,2965.067967
ETHUSD,3/4/2022,2022-03-04 16:00:00+00:00,2022-03-04 16:00:00+00:00,2676.131361
ETHUSD,3/11/2022,2022-03-11 21:00:00+00:00,2022-03-11 21:00:00+00:00,2565.400515
ETHUSD,3/22/2022,2022-03-22 14:00:00+00:00,2022-03-22 14:00:00+00:00,3017.97854
ETHUSD,3/23/2022,2022-03-23 18:00:00+00:00,2022-03-23 18:00:00+00:00,2963.275919
ETHUSD,3/29/2022,2022-03-29 19:00:00+00:00,2022-03-29 19:00:00+00:00,3431.904269
ETHUSD,4/5/2022,2022-04-05 15:00:00+00:00,2022-04-05 15:00:00+00:00,3456.265413
ETHUSD,4/11/2022,2022-04-11 20:00:00+00:00,2022-04-11 20:00:00+00:00,2993.070565
ETHUSD,4/18/2022,2022-04-18 14:00:00+00:00,2022-04-18 14:00:00+00:00,2932.172552
ETHUSD,4/27/2022,2022-04-27 19:00:00+00:00,2022-04-27 19:00:00+00:00,2847.0534
ETHUSD,4/28/2022,2022-04-28 20:00:00+00:00,2022-04-28 20:00:00+00:00,2939.569541
ETHUSD,4/22/2022,2022-04-22 16:00:00+00:00,2022-04-22 16:00:00+00:00,2950.822158
ETHUSD,5/2/2022,2022-05-02 23:00:00+00:00,2022-05-02 23:00:00+00:00,2861.750175
ETHUSD,5/4/2022,2022-05-04 16:00:00+00:00,2022-05-04 16:00:00+00:00,2850.969076
ETHUSD,5/9/2022,2022-05-09 20:00:00+00:00,2022-05-09 20:00:00+00:00,2300.250181
ETHUSD,5/10/2022,2022-05-10 18:00:00+00:00,2022-05-10 18:00:00+00:00,2379.346694
ETHUSD,5/11/2022,2022-05-11 14:00:00+00:00,2022-05-11 14:00:00+00:00,2339.562042
ETHUSD,5/18/2022,2022-05-18 20:00:00+00:00,2022-05-18 20:00:00+00:00,1960.183501
ETHUSD,5/26/2022,2022-05-26 20:00:00+00:00,2022-05-26 20:00:00+00:00,1824.610994
ETHUSD,6/1/2022,2022-06-01 16:00:00+00:00,2022-06-01 16:00:00+00:00,1861.367978
ETHUSD,6/24/2022,2022-06-24 14:00:00+00:00,,
BTCUSD,12/30/2021,2021-12-30 15:00:00+00:00,,
BTCUSD,12/31/2021,2021-12-31 15:00:00+00:00,2021-12-31 15:00:00+00:00,47938.47509
BTCUSD,1/18/2022,2022-01-18 23:00:00+00:00,2022-01-18 23:00:00+00:00,42453.16419
BTCUSD,2/9/2022,2022-02-09 15:00:00+00:00,2022-02-09 15:00:00+00:00,44030.28874
BTCUSD,3/1/2022,2022-03-01 15:00:00+00:00,2022-03-01 15:00:00+00:00,43694.76316
BTCUSD,3/2/2022,2022-03-02 21:00:00+00:00,2022-03-02 21:00:00+00:00,43874.14353
BTCUSD,3/4/2022,2022-03-04 16:00:00+00:00,2022-03-04 16:00:00+00:00,40599.25875
BTCUSD,3/11/2022,2022-03-11 21:00:00+00:00,2022-03-11 21:00:00+00:00,38878.8889
BTCUSD,3/22/2022,2022-03-22 14:00:00+00:00,2022-03-22 14:00:00+00:00,43014.58401
BTCUSD,3/23/2022,2022-03-23 18:00:00+00:00,2022-03-23 18:00:00+00:00,42148.56433
BTCUSD,3/29/2022,2022-03-29 19:00:00+00:00,2022-03-29 19:00:00+00:00,47747.3949
BTCUSD,4/5/2022,2022-04-05 15:00:00+00:00,2022-04-05 15:00:00+00:00,45733.90019
BTCUSD,4/11/2022,2022-04-11 20:00:00+00:00,2022-04-11 20:00:00+00:00,39810.77335
BTCUSD,4/18/2022,2022-04-18 14:00:00+00:00,2022-04-18 14:00:00+00:00,39447.59063
BTCUSD,4/27/2022,2022-04-27 19:00:00+00:00,2022-04-27 19:00:00+00:00,38796.84422
BTCUSD,4/28/2022,2022-04-28 20:00:00+00:00,2022-04-28 20:00:00+00:00,39979.48675
BTCUSD,4/22/2022,2022-04-22 16:00:00+00:00,2022-04-22 16:00:00+00:00,39437.44104
BTCUSD,5/2/2022,2022-05-02 23:00:00+00:00,2022-05-02 23:00:00+00:00,38618.8472
BTCUSD,5/4/2022,2022-05-04 16:00:00+00:00,2022-05-04 16:00:00+00:00,39170.82434
BTCUSD,5/9/2022,2022-05-09 20:00:00+00:00,2022-05-09 20:00:00+00:00,31228.83344
BTCUSD,5/10/2022,2022-05-10 18:00:00+00:00,2022-05-10 18:00:00+00:00,31585.0862
BTCUSD,5/11/2022,2022-05-11 14:00:00+00:00,2022-05-11 14:00:00+00:00,31412.57453
BTCUSD,5/18/2022,2022-05-18 20:00:00+00:00,2022-05-18 20:00:00+00:00,29163.37091
BTCUSD,5/26/2022,2022-05-26 20:00:00+00:00,2022-05-26 20:00:00+00:00,29445.06856
BTCUSD,6/1/2022,2022-06-01 16:00:00+00:00,2022-06-01 16:00:00+00:00,30458.5617
BTCUSD,6/24/2022,2022-06-24 14:00:00+00:00,,
ABNB,12/30/2021,2021-12-30 15:00:00+00:00,,
ABNB,12/31/2021,2021-12-31 15:00:00+00:00,2021-12-31 15:00:00+00:00,167.858896
ABNB,1/18/2022,2022-01-18 23:00:00+00:00,2022-01-18 23:00:00+00:00,156.667261
ABNB,2/9/2022,2022-02-09 15:00:00+00:00,2022-02-09 15:00:00+00:00,168.495018
ABNB,3/1/2022,2022-03-01 15:00:00+00:00,2022-03-01 15:00:00+00:00,151.670716
ABNB,3/2/2022,2022-03-02 21:00:00+00:00,2022-03-02 21:00:00+00:00,157.513174
ABNB,3/4/2022,2022-03-04 16:00:00+00:00,2022-03-04 16:00:00+00:00,141.787906
ABNB,3/11/2022,2022-03-11 21:00:00+00:00,2022-03-11 21:00:00+00:00,145.15385
ABNB,3/22/2022,2022-03-22 14:00:00+00:00,2022-03-22 14:00:00+00:00,166.877593
ABNB,3/23/2022,2022-03-23 18:00:00+00:00,2022-03-23 18:00:00+00:00,164.012908
ABNB,3/29/2022,2022-03-29 19:00:00+00:00,2022-03-29 19:00:00+00:00,175.387906
ABNB,4/5/2022,2022-04-05 15:00:00+00:00,2022-04-05 15:00:00+00:00,173.318076
ABNB,4/11/2022,2022-04-11 20:00:00+00:00,2022-04-11 20:00:00+00:00,160.249216
ABNB,4/18/2022,2022-04-18 14:00:00+00:00,2022-04-18 14:00:00+00:00,167.647627
ABNB,4/27/2022,2022-04-27 19:00:00+00:00,2022-04-27 19:00:00+00:00,152.244674
ABNB,4/28/2022,2022-04-28 20:00:00+00:00,2022-04-28 20:00:00+00:00,159.687638
ABNB,4/22/2022,2022-04-22 16:00:00+00:00,2022-04-22 16:00:00+00:00,156.588072
ABNB,5/2/2022,2022-05-02 23:00:00+00:00,2022-05-02 23:00:00+00:00,153.423148
ABNB,5/4/2022,2022-05-04 16:00:00+00:00,2022-05-04 16:00:00+00:00,147.714979
ABNB,5/9/2022,2022-05-09 20:00:00+00:00,2022-05-09 20:00:00+00:00,119.377506
ABNB,5/10/2022,2022-05-10 18:00:00+00:00,2022-05-10 18:00:00+00:00,116.969249
ABNB,5/11/2022,2022-05-11 14:00:00+00:00,2022-05-11 14:00:00+00:00,120.728824
ABNB,5/18/2022,2022-05-18 20:00:00+00:00,2022-05-18 20:00:00+00:00,108.101776
ABNB,5/26/2022,2022-05-26 20:00:00+00:00,2022-05-26 20:00:00+00:00,114.299643
ABNB,6/1/2022,2022-06-01 16:00:00+00:00,2022-06-01 16:00:00+00:00,115.188376
ABNB,6/24/2022,2022-06-24 14:00:00+00:00,,
UBER,12/30/2021,2021-12-30 15:00:00+00:00,,
UBER,12/31/2021,2021-12-31 15:00:00+00:00,2021-12-31 15:00:00+00:00,42.739807
UBER,1/18/2022,2022-01-18 23:00:00+00:00,2022-01-18 23:00:00+00:00,38.473381
UBER,2/9/2022,2022-02-09 15:00:00+00:00,2022-02-09 15:00:00+00:00,39.42718
UBER,3/1/2022,2022-03-01 15:00:00+00:00,2022-03-01 15:00:00+00:00,34.84263
UBER,3/2/2022,2022-03-02 21:00:00+00:00,2022-03-02 21:00:00+00:00,34.038274
UBER,3/4/2022,2022-03-04 16:00:00+00:00,2022-03-04 16:00:00+00:00,29.818446
UBER,3/11/2022,2022-03-11 21:00:00+00:00,2022-03-11 21:00:00+00:00,30.75891
UBER,3/22/2022,2022-03-22 14:00:00+00:00,2022-03-22 14:00:00+00:00,32.824404
UBER,3/23/2022,2022-03-23 18:00:00+00:00,2022-03-23 18:00:00+00:00,33.062605
UBER,3/29/2022,2022-03-29 19:00:00+00:00,2022-03-29 19:00:00+00:00,37.266788
UBER,4/5/2022,2022-04-05 15:00:00+00:00,2022-04-05 15:00:00+00:00,35.097799
UBER,4/11/2022,2022-04-11 20:00:00+00:00,2022-04-11 20:00:00+00:00,32.039884
UBER,4/18/2022,2022-04-18 14:00:00+00:00,2022-04-18 14:00:00+00:00,32.248982
UBER,4/27/2022,2022-04-27 19:00:00+00:00,2022-04-27 19:00:00+00:00,30.84144
UBER,4/28/2022,2022-04-28 20:00:00+00:00,2022-04-28 20:00:00+00:00,32.794903
UBER,4/22/2022,2022-04-22 16:00:00+00:00,2022-04-22 16:00:00+00:00,31.23384
UBER,5/2/2022,2022-05-02 23:00:00+00:00,2022-05-02 23:00:00+00:00,30.428201
UBER,5/4/2022,2022-05-04 16:00:00+00:00,2022-05-04 16:00:00+00:00,27.127037
UBER,5/9/2022,2022-05-09 20:00:00+00:00,2022-05-09 20:00:00+00:00,23.133866
UBER,5/10/2022,2022-05-10 18:00:00+00:00,2022-05-10 18:00:00+00:00,23.946739
UBER,5/11/2022,2022-05-11 14:00:00+00:00,2022-05-11 14:00:00+00:00,23.737057
UBER,5/18/2022,2022-05-18 20:00:00+00:00,2022-05-18 20:00:00+00:00,22.459192
UBER,5/26/2022,2022-05-26 20:00:00+00:00,2022-05-26 20:00:00+00:00,23.099182
UBER,6/1/2022,2022-06-01 16:00:00+00:00,2022-06-01 16:00:00+00:00,22.693824
UBER,6/24/2022,2022-06-24 14:00:00+00:00,,
SKLUSD,12/30/2021,2021-12-30 15:00:00+00:00,,
SKLUSD,12/31/2021,2021-12-31 15:00:00+00:00,,
SKLUSD,1/18/2022,2022-01-18 23:00:00+00:00,,
SKLUSD,2/9/2022,2022-02-09 15:00:00+00:00,,
SKLUSD,3/1/2022,2022-03-01 15:00:00+00:00,,
SKLUSD,3/2/2022,2022-03-02 21:00:00+00:00,,
SKLUSD,3/4/2022,2022-03-04 16:00:00+00:00,,
SKLUSD,3/11/2022,2022-03-11 21:00:00+00:00,,
SKLUSD,3/22/2022,2022-03-22 14:00:00+00:00,,
SKLUSD,3/23/2022,2022-03-23 18:00:00+00:00,,
SKLUSD,3/29/2022,2022-03-29 19:00:00+00:00,,
SKLUSD,4/5/2022,2022-04-05 15:00:00+00:00,,
SKLUSD,4/11/2022,2022-04-11 20:00:00+00:00,,
SKLUSD,4/18/2022,2022-04-18 14:00:00+00:00,,
SKLUSD,4/27/2022,2022-04-27 19:00:00+00:00,,
SKLUSD,4/28/2022,2022-04-28 20:00:00+00:00,,
SKLUSD,4/22/2022,2022-04-22 16:00:00+00:00,,
SKLUSD,5/2/2022,2022-05-02 23:00:00+00:00,,
SKLUSD,5/4/2022,2022-05-04 16:00:00+00:00,,
SKLUSD,5/9/2022,2022-05-09 20:00:00+00:00,,
SKLUSD,5/10/2022,2022-05-10 18:00:00+00:00,,
SKLUSD,5/11/2022,2022-05-11 14:00:00+00:00,,
SKLUSD,5/18/2022,2022-05-18 20:00:00+00:00,,
SKLUSD,5/26/2022,2022-05-26 20:00:00+00:00,,
SKLUSD,6/1/2022,2022-06-01 16:00:00+00:00,,
SKLUSD,6/24/2022,2022-06-24 14:00:00+00:00,,
FNV,12/30/2021,2021-12-30 15:00:00+00:00,,
FNV,12/31/2021,2021-12-31 15:00:00+00:00,2021-12-31 15:00:00+00:00,137.915748
FNV,1/18/2022,2022-01-18 23:00:00+00:00,,
FNV,2/9/2022,2022-02-09 15:00:00+00:00,2022-02-09 15:00:00+00:00,138.592361
FNV,3/1/2022,2022-03-01 15:00:00+00:00,2022-03-01 15:00:00+00:00,152.30573
FNV,3/2/2022,2022-03-02 21:00:00+00:00,2022-03-02 21:00:00+00:00,151.238743
FNV,3/4/2022,2022-03-04 16:00:00+00:00,2022-03-04 16:00:00+00:00,153.916167
FNV,3/11/2022,2022-03-11 21:00:00+00:00,2022-03-11 21:00:00+00:00,158.05
FNV,3/22/2022,2022-03-22 14:00:00+00:00,2022-03-22 14:00:00+00:00,155.056347
FNV,3/23/2022,2022-03-23 18:00:00+00:00,2022-03-23 18:00:00+00:00,158.051716
FNV,3/29/2022,2022-03-29 19:00:00+00:00,2022-03-29 19:00:00+00:00,156.822445
FNV,4/5/2022,2022-04-05 15:00:00+00:00,2022-04-05 15:00:00+00:00,162.292356
FNV,4/11/2022,2022-04-11 20:00:00+00:00,2022-04-11 20:00:00+00:00,165.78038
FNV,4/18/2022,2022-04-18 14:00:00+00:00,2022-04-18 14:00:00+00:00,167.869153
FNV,4/27/2022,2022-04-27 19:00:00+00:00,2022-04-27 19:00:00+00:00,150.407039
FNV,4/28/2022,2022-04-28 20:00:00+00:00,2022-04-28 20:00:00+00:00,153.09
FNV,4/22/2022,2022-04-22 16:00:00+00:00,2022-04-22 16:00:00+00:00,159.569293
FNV,5/2/2022,2022-05-02 23:00:00+00:00,,
FNV,5/4/2022,2022-05-04 16:00:00+00:00,2022-05-04 16:00:00+00:00,152.784792
FNV,5/9/2022,2022-05-09 20:00:00+00:00,2022-05-09 20:00:00+00:00,141.518568
FNV,5/10/2022,2022-05-10 18:00:00+00:00,2022-05-10 18:00:00+00:00,141.408351
FNV,5/11/2022,2022-05-11 14:00:00+00:00,2022-05-11 14:00:00+00:00,142.426995
FNV,5/18/2022,2022-05-18 20:00:00+00:00,2022-05-18 20:00:00+00:00,133.48
FNV,5/26/2022,2022-05-26 20:00:00+00:00,2022-05-26 20:00:00+00:00,140.908705
FNV,6/1/2022,2022-06-01 16:00:00+00:00,2022-06-01 16:00:00+00:00,142.232215
FNV,6/24/2022,2022-06-24 14:00:00+00:00,,
WE,12/30/2021,2021-12-30 15:00:00+00:00,,
WE,12/31/2021,2021-12-31 15:00:00+00:00,2021-12-31 15:00:00+00:00,8.917039
WE,1/18/2022,2022-01-18 23:00:00+00:00,,
WE,2/9/2022,2022-02-09 15:00:00+00:00,2022-02-09 15:00:00+00:00,6.973434
WE,3/1/2022,2022-03-01 15:00:00+00:00,2022-03-01 15:00:00+00:00,6.32751
WE,3/2/2022,2022-03-02 21:00:00+00:00,2022-03-02 21:00:00+00:00,6.32
WE,3/4/2022,2022-03-04 16:00:00+00:00,2022-03-04 16:00:00+00:00,5.725187
WE,3/11/2022,2022-03-11 21:00:00+00:00,2022-03-11 21:00:00+00:00,5.06489
WE,3/22/2022,2022-03-22 14:00:00+00:00,2022-03-22 14:00:00+00:00,6.527135
WE,3/23/2022,2022-03-23 18:00:00+00:00,2022-03-23 18:00:00+00:00,6.282717
WE,3/29/2022,2022-03-29 19:00:00+00:00,2022-03-29 19:00:00+00:00,7.069069
WE,4/5/2022,2022-04-05 15:00:00+00:00,2022-04-05 15:00:00+00:00,6.895818
WE,4/11/2022,2022-04-11 20:00:00+00:00,2022-04-11 20:00:00+00:00,6.25
WE,4/18/2022,2022-04-18 14:00:00+00:00,2022-04-18 14:00:00+00:00,5.94209
WE,4/27/2022,2022-04-27 19:00:00+00:00,2022-04-27 19:00:00+00:00,6.992075
WE,4/28/2022,2022-04-28 20:00:00+00:00,2022-04-28 20:00:00+00:00,7.179954
WE,4/22/2022,2022-04-22 16:00:00+00:00,2022-04-22 16:00:00+00:00,6.515956
WE,5/2/2022,2022-05-02 23:00:00+00:00,2022-05-02 23:00:00+00:00,6.63
WE,5/4/2022,2022-05-04 16:00:00+00:00,2022-05-04 16:00:00+00:00,6.658448
WE,5/9/2022,2022-05-09 20:00:00+00:00,2022-05-09 20:00:00+00:00,6.220202
WE,5/10/2022,2022-05-10 18:00:00+00:00,2022-05-10 18:00:00+00:00,5.696293
WE,5/11/2022,2022-05-11 14:00:00+00:00,2022-05-11 14:00:00+00:00,5.634673
WE,5/18/2022,2022-05-18 20:00:00+00:00,2022-05-18 20:00:00+00:00,6.555854
WE,5/26/2022,2022-05-26 20:00:00+00:00,2022-05-26 20:00:00+00:00,7
WE,6/1/2022,2022-06-01 16:00:00+00:00,2022-06-01 16:00:00+00:00,6.945005
WE,6/24/2022,2022-06-24 14:00:00+00:00,,
COIN,12/30/2021,2021-12-30 15:00:00+00:00,,
COIN,12/31/2021,2021-12-31 15:00:00+00:00,2021-12-31 15:00:00+00:00,256.382755
COIN,1/18/2022,2022-01-18 23:00:00+00:00,2022-01-18 23:00:00+00:00,222.362743
COIN,2/9/2022,2022-02-09 15:00:00+00:00,2022-02-09 15:00:00+00:00,213.320894
COIN,3/1/2022,2022-03-01 15:00:00+00:00,2022-03-01 15:00:00+00:00,198.233928
COIN,3/2/2022,2022-03-02 21:00:00+00:00,2022-03-02 21:00:00+00:00,194.459298
COIN,3/4/2022,2022-03-04 16:00:00+00:00,2022-03-04 16:00:00+00:00,167.451998
COIN,3/11/2022,2022-03-11 21:00:00+00:00,2022-03-11 21:00:00+00:00,160.225643
COIN,3/22/2022,2022-03-22 14:00:00+00:00,2022-03-22 14:00:00+00:00,185.392663
COIN,3/23/2022,2022-03-23 18:00:00+00:00,2022-03-23 18:00:00+00:00,183.210925
COIN,3/29/2022,2022-03-29 19:00:00+00:00,2022-03-29 19:00:00+00:00,205.136149
COIN,4/5/2022,2022-04-05 15:00:00+00:00,2022-04-05 15:00:00+00:00,180.386956
COIN,4/11/2022,2022-04-11 20:00:00+00:00,2022-04-11 20:00:00+00:00,153.849929
COIN,4/18/2022,2022-04-18 14:00:00+00:00,2022-04-18 14:00:00+00:00,144.241952
COIN,4/27/2022,2022-04-27 19:00:00+00:00,2022-04-27 19:00:00+00:00,122.686355
COIN,4/28/2022,2022-04-28 20:00:00+00:00,2022-04-28 20:00:00+00:00,122.594717
COIN,4/22/2022,2022-04-22 16:00:00+00:00,2022-04-22 16:00:00+00:00,133.43747
COIN,5/2/2022,2022-05-02 23:00:00+00:00,2022-05-02 23:00:00+00:00,121.379376
COIN,5/4/2022,2022-05-04 16:00:00+00:00,2022-05-04 16:00:00+00:00,120.535557
COIN,5/9/2022,2022-05-09 20:00:00+00:00,2022-05-09 20:00:00+00:00,83.708045
COIN,5/10/2022,2022-05-10 18:00:00+00:00,2022-05-10 18:00:00+00:00,76.606253
COIN,5/11/2022,2022-05-11 14:00:00+00:00,2022-05-11 14:00:00+00:00,56.595475
COIN,5/18/2022,2022-05-18 20:00:00+00:00,2022-05-18 20:00:00+00:00,63.019094
COIN,5/26/2022,2022-05-26 20:00:00+00:00,2022-05-26 20:00:00+00:00,69.866463
COIN,6/1/2022,2022-06-01 16:00:00+00:00,2022-06-01 16:00:00+00:00,68.887368
COIN,6/24/2022,2022-06-24 14:00:00+00:00,,
CRM,12/30/2021,2021-12-30 15:00:00+00:00,,
CRM,12/31/2021,2021-12-31 15:00:00+00:00,2021-12-31 15:00:00+00:00,255.34476
CRM,1/18/2022,2022-01-18 23:00:00+00:00,2022-01-18 23:00:00+00:00,226.279719
CRM,2/9/2022,2022-02-09 15:00:00+00:00,2022-02-09 15:00:00+00:00,218.596151
CRM,3/1/2022,2022-03-01 15:00:00+00:00,2022-03-01 15:00:00+00:00,211.548115
CRM,3/2/2022,2022-03-02 21:00:00+00:00,2022-03-02 21:00:00+00:00,210.354315
CRM,3/4/2022,2022-03-04 16:00:00+00:00,2022-03-04 16:00:00+00:00,200.156994
CRM,3/11/2022,2022-03-11 21:00:00+00:00,2022-03-11 21:00:00+00:00,197.900099
CRM,3/22/2022,2022-03-22 14:00:00+00:00,2022-03-22 14:00:00+00:00,216.516237
CRM,3/23/2022,2022-03-23 18:00:00+00:00,2022-03-23 18:00:00+00:00,209.88991
CRM,3/29/2022,2022-03-29 19:00:00+00:00,2022-03-29 19:00:00+00:00,221.52941
CRM,4/5/2022,2022-04-05 15:00:00+00:00,2022-04-05 15:00:00+00:00,210.736937
CRM,4/11/2022,2022-04-11 20:00:00+00:00,2022-04-11 20:00:00+00:00,195.449615
CRM,4/18/2022,2022-04-18 14:00:00+00:00,2022-04-18 14:00:00+00:00,188.311529
CRM,4/27/2022,2022-04-27 19:00:00+00:00,2022-04-27 19:00:00+00:00,174.949916
CRM,4/28/2022,2022-04-28 20:00:00+00:00,2022-04-28 20:00:00+00:00,185.72682
CRM,4/22/2022,2022-04-22 16:00:00+00:00,2022-04-22 16:00:00+00:00,172.997136
CRM,5/2/2022,2022-05-02 23:00:00+00:00,2022-05-02 23:00:00+00:00,177.601256
CRM,5/4/2022,2022-05-04 16:00:00+00:00,2022-05-04 16:00:00+00:00,177.327502
CRM,5/9/2022,2022-05-09 20:00:00+00:00,2022-05-09 20:00:00+00:00,163.600041
CRM,5/10/2022,2022-05-10 18:00:00+00:00,2022-05-10 18:00:00+00:00,169.963331
CRM,5/11/2022,2022-05-11 14:00:00+00:00,2022-05-11 14:00:00+00:00,167.205996
CRM,5/18/2022,2022-05-18 20:00:00+00:00,2022-05-18 20:00:00+00:00,157.327138
CRM,5/26/2022,2022-05-26 20:00:00+00:00,2022-05-26 20:00:00+00:00,162.383079
CRM,6/1/2022,2022-06-01 16:00:00+00:00,2022-06-01 16:00:00+00:00,175.765903
CRM,6/24/2022,2022-06-24 14:00:00+00:00,,
BKNG,12/30/2021,2021-12-30 15:00:00+00:00,,
BKNG,12/31/2021,2021-12-31 15:00:00+00:00,2021-12-31 15:00:00+00:00,2389.214088
BKNG,1/18/2022,2022-01-18 23:00:00+00:00,2022-01-18 23:00:00+00:00,2380.19
BKNG,2/9/2022,2022-02-09 15:00:00+00:00,2022-02-09 15:00:00+00:00,2605.964965
BKNG,3/1/2022,2022-03-01 15:00:00+00:00,2022-03-01 15:00:00+00:00,2118.426675
BKNG,3/2/2022,2022-03-02 21:00:00+00:00,2022-03-02 21:00:00+00:00,2163.52078
BKNG,3/4/2022,2022-03-04 16:00:00+00:00,2022-03-04 16:00:00+00:00,1986.13034
BKNG,3/11/2022,2022-03-11 21:00:00+00:00,2022-03-11 21:00:00+00:00,2017.413578
BKNG,3/22/2022,2022-03-22 14:00:00+00:00,2022-03-22 14:00:00+00:00,2185.994686
BKNG,3/23/2022,2022-03-23 18:00:00+00:00,2022-03-23 18:00:00+00:00,2159.338613
BKNG,3/29/2022,2022-03-29 19:00:00+00:00,2022-03-29 19:00:00+00:00,2371.180099
BKNG,4/5/2022,2022-04-05 15:00:00+00:00,2022-04-05 15:00:00+00:00,2308.039794
BKNG,4/11/2022,2022-04-11 20:00:00+00:00,2022-04-11 20:00:00+00:00,2169.21
BKNG,4/18/2022,2022-04-18 14:00:00+00:00,2022-04-18 14:00:00+00:00,2215.815329
BKNG,4/27/2022,2022-04-27 19:00:00+00:00,2022-04-27 19:00:00+00:00,2256.118088
BKNG,4/28/2022,2022-04-28 20:00:00+00:00,2022-04-28 20:00:00+00:00,2317.801602
BKNG,4/22/2022,2022-04-22 16:00:00+00:00,2022-04-22 16:00:00+00:00,2241.210352
BKNG,5/2/2022,2022-05-02 23:00:00+00:00,,
BKNG,5/4/2022,2022-05-04 16:00:00+00:00,2022-05-04 16:00:00+00:00,2020.322292
BKNG,5/9/2022,2022-05-09 20:00:00+00:00,2022-05-09 20:00:00+00:00,2023.570546
BKNG,5/10/2022,2022-05-10 18:00:00+00:00,2022-05-10 18:00:00+00:00,2067.111992
BKNG,5/11/2022,2022-05-11 14:00:00+00:00,2022-05-11 14:00:00+00:00,2109.785808
BKNG,5/18/2022,2022-05-18 20:00:00+00:00,2022-05-18 20:00:00+00:00,2050.379411
BKNG,5/26/2022,2022-05-26 20:00:00+00:00,2022-05-26 20:00:00+00:00,2221.51
BKNG,6/1/2022,2022-06-01 16:00:00+00:00,2022-06-01 16:00:00+00:00,2205.011877
BKNG,6/24/2022,2022-06-24 14:00:00+00:00,,
MELI,12/30/2021,2021-12-30 15:00:00+00:00,,
MELI,12/31/2021,2021-12-31 15:00:00+00:00,2021-12-31 15:00:00+00:00,1351.570836
MELI,1/18/2022,2022-01-18 23:00:00+00:00,,
MELI,2/9/2022,2022-02-09 15:00:00+00:00,2022-02-09 15:00:00+00:00,1079.866009
MELI,3/1/2022,2022-03-01 15:00:00+00:00,2022-03-01 15:00:00+00:00,1158.842166
MELI,3/2/2022,2022-03-02 21:00:00+00:00,2022-03-02 21:00:00+00:00,1140.899969
MELI,3/4/2022,2022-03-04 16:00:00+00:00,2022-03-04 16:00:00+00:00,1067.847245
MELI,3/11/2022,2022-03-11 21:00:00+00:00,2022-03-11 21:00:00+00:00,891.701388
MELI,3/22/2022,2022-03-22 14:00:00+00:00,2022-03-22 14:00:00+00:00,1198.346865
MELI,3/23/2022,2022-03-23 18:00:00+00:00,2022-03-23 18:00:00+00:00,1222.046558
MELI,3/29/2022,2022-03-29 19:00:00+00:00,2022-03-29 19:00:00+00:00,1259.788092
MELI,4/5/2022,2022-04-05 15:00:00+00:00,2022-04-05 15:00:00+00:00,1229.68773
MELI,4/11/2022,2022-04-11 20:00:00+00:00,2022-04-11 20:00:00+00:00,1125.690766
MELI,4/18/2022,2022-04-18 14:00:00+00:00,2022-04-18 14:00:00+00:00,1058.342097
MELI,4/27/2022,2022-04-27 19:00:00+00:00,2022-04-27 19:00:00+00:00,1026.007643
MELI,4/28/2022,2022-04-28 20:00:00+00:00,2022-04-28 20:00:00+00:00,1038.940142
MELI,4/22/2022,2022-04-22 16:00:00+00:00,2022-04-22 16:00:00+00:00,994.293781
MELI,5/2/2022,2022-05-02 23:00:00+00:00,,
MELI,5/4/2022,2022-05-04 16:00:00+00:00,2022-05-04 16:00:00+00:00,941.241553
MELI,5/9/2022,2022-05-09 20:00:00+00:00,2022-05-09 20:00:00+00:00,771.166908
MELI,5/10/2022,2022-05-10 18:00:00+00:00,2022-05-10 18:00:00+00:00,795.143274
MELI,5/11/2022,2022-05-11 14:00:00+00:00,2022-05-11 14:00:00+00:00,754.593968
MELI,5/18/2022,2022-05-18 20:00:00+00:00,2022-05-18 20:00:00+00:00,749.304543
MELI,5/26/2022,2022-05-26 20:00:00+00:00,2022-05-26 20:00:00+00:00,783.440308
MELI,6/1/2022,2022-06-01 16:00:00+00:00,2022-06-01 16:00:00+00:00,746.497226
MELI,6/24/2022,2022-06-24 14:00:00+00:00,,
GLD,12/30/2021,2021-12-30 15:00:00+00:00,,
GLD,12/31/2021,2021-12-31 15:00:00+00:00,2021-12-31 15:00:00+00:00,170.203592
GLD,1/18/2022,2022-01-18 23:00:00+00:00,2022-01-18 23:00:00+00:00,169.455479
GLD,2/9/2022,2022-02-09 15:00:00+00:00,2022-02-09 15:00:00+00:00,170.783284
GLD,3/1/2022,2022-03-01 15:00:00+00:00,2022-03-01 15:00:00+00:00,179.520479
GLD,3/2/2022,2022-03-02 21:00:00+00:00,2022-03-02 21:00:00+00:00,179.738337
GLD,3/4/2022,2022-03-04 16:00:00+00:00,2022-03-04 16:00:00+00:00,183.113105
GLD,3/11/2022,2022-03-11 21:00:00+00:00,2022-03-11 21:00:00+00:00,185.109976
GLD,3/22/2022,2022-03-22 14:00:00+00:00,2022-03-22 14:00:00+00:00,178.722766
GLD,3/23/2022,2022-03-23 18:00:00+00:00,2022-03-23 18:00:00+00:00,180.95645
GLD,3/29/2022,2022-03-29 19:00:00+00:00,2022-03-29 19:00:00+00:00,179.088157
GLD,4/5/2022,2022-04-05 15:00:00+00:00,2022-04-05 15:00:00+00:00,179.808253
GLD,4/11/2022,2022-04-11 20:00:00+00:00,2022-04-11 20:00:00+00:00,182.362781
GLD,4/18/2022,2022-04-18 14:00:00+00:00,2022-04-18 14:00:00+00:00,185.593581
GLD,4/27/2022,2022-04-27 19:00:00+00:00,2022-04-27 19:00:00+00:00,175.943912
GLD,4/28/2022,2022-04-28 20:00:00+00:00,2022-04-28 20:00:00+00:00,176.9254
GLD,4/22/2022,2022-04-22 16:00:00+00:00,2022-04-22 16:00:00+00:00,180.779189
GLD,5/2/2022,2022-05-02 23:00:00+00:00,2022-05-02 23:00:00+00:00,173.810913
GLD,5/4/2022,2022-05-04 16:00:00+00:00,2022-05-04 16:00:00+00:00,174.190846
GLD,5/9/2022,2022-05-09 20:00:00+00:00,2022-05-09 20:00:00+00:00,172.859193
GLD,5/10/2022,2022-05-10 18:00:00+00:00,2022-05-10 18:00:00+00:00,172.137966
GLD,5/11/2022,2022-05-11 14:00:00+00:00,2022-05-11 14:00:00+00:00,172.604185
GLD,5/18/2022,2022-05-18 20:00:00+00:00,2022-05-18 20:00:00+00:00,169.421313
GLD,5/26/2022,2022-05-26 20:00:00+00:00,2022-05-26 20:00:00+00:00,172.749963
GLD,6/1/2022,2022-06-01 16:00:00+00:00,2022-06-01 16:00:00+00:00,172.299663
GLD,6/24/2022,2022-06-24 14:00:00+00:00,,
MSFT,12/30/2021,2021-12-30 15:00:00+00:00,,
MSFT,12/31/2021,2021-12-31 15:00:00+00:00,2021-12-31 15:00:00+00:00,337.141874
MSFT,1/18/2022,2022-01-18 23:00:00+00:00,2022-01-18 23:00:00+00:00,302.750795
MSFT,2/9/2022,2022-02-09 15:00:00+00:00,2022-02-09 15:00:00+00:00,308.541614
MSFT,3/1/2022,2022-03-01 15:00:00+00:00,2022-03-01 15:00:00+00:00,298.578554
MSFT,3/2/2022,2022-03-02 21:00:00+00:00,2022-03-02 21:00:00+00:00,300.153369
MSFT,3/4/2022,2022-03-04 16:00:00+00:00,2022-03-04 16:00:00+00:00,288.497962
MSFT,3/11/2022,2022-03-11 21:00:00+00:00,2022-03-11 21:00:00+00:00,280.067157
MSFT,3/22/2022,2022-03-22 14:00:00+00:00,2022-03-22 14:00:00+00:00,302.739035
MSFT,3/23/2022,2022-03-23 18:00:00+00:00,2022-03-23 18:00:00+00:00,301.003536
MSFT,3/29/2022,2022-03-29 19:00:00+00:00,2022-03-29 19:00:00+00:00,315.092497
MSFT,4/5/2022,2022-04-05 15:00:00+00:00,2022-04-05 15:00:00+00:00,312.296802
MSFT,4/11/2022,2022-04-11 20:00:00+00:00,2022-04-11 20:00:00+00:00,285.263303
MSFT,4/18/2022,2022-04-18 14:00:00+00:00,2022-04-18 14:00:00+00:00,281.192057
MSFT,4/27/2022,2022-04-27 19:00:00+00:00,2022-04-27 19:00:00+00:00,284.271278
MSFT,4/28/2022,2022-04-28 20:00:00+00:00,2022-04-28 20:00:00+00:00,289.604328
MSFT,4/22/2022,2022-04-22 16:00:00+00:00,2022-04-22 16:00:00+00:00,277.540522
MSFT,5/2/2022,2022-05-02 23:00:00+00:00,2022-05-02 23:00:00+00:00,283.726549
MSFT,5/4/2022,2022-05-04 16:00:00+00:00,2022-05-04 16:00:00+00:00,280.747991
MSFT,5/9/2022,2022-05-09 20:00:00+00:00,2022-05-09 20:00:00+00:00,264.58405
MSFT,5/10/2022,2022-05-10 18:00:00+00:00,2022-05-10 18:00:00+00:00,272.191999
MSFT,5/11/2022,2022-05-11 14:00:00+00:00,2022-05-11 14:00:00+00:00,266.978556
MSFT,5/18/2022,2022-05-18 20:00:00+00:00,2022-05-18 20:00:00+00:00,254.073526
MSFT,5/26/2022,2022-05-26 20:00:00+00:00,2022-05-26 20:00:00+00:00,265.881663
MSFT,6/1/2022,2022-06-01 16:00:00+00:00,2022-06-01 16:00:00+00:00,270.823767
MSFT,6/24/2022,2022-06-24 14:00:00+00:00,,
GRUB,12/30/2021,2021-12-30 15:00:00+00:00,,
GRUB,12/31/2021,2021-12-31 15:00:00+00:00,2021-12-31 15:00:00+00:00,10.696562
GRUB,1/18/2022,2022-01-18 23:00:00+00:00,,
GRUB,2/9/2022,2022-02-09 15:00:00+00:00,2022-02-09 15:00:00+00:00,9.952474
GRUB,3/1/2022,2022-03-01 15:00:00+00:00,2022-03-01 15:00:00+00:00,7.856413
GRUB,3/2/2022,2022-03-02 21:00:00+00:00,2022-03-02 21:00:00+00:00,7.78
GRUB,3/4/2022,2022-03-04 16:00:00+00:00,2022-03-04 16:00:00+00:00,6.074902
GRUB,3/11/2022,2022-03-11 21:00:00+00:00,2022-03-11 21:00:00+00:00,6.720475
GRUB,3/22/2022,2022-03-22 14:00:00+00:00,,
GRUB,3/23/2022,2022-03-23 18:00:00+00:00,,
GRUB,3/29/2022,2022-03-29 19:00:00+00:00,,
GRUB,4/5/2022,2022-04-05 15:00:00+00:00,,
GRUB,4/11/2022,2022-04-11 20:00:00+00:00,,
GRUB,4/18/2022,2022-04-18 14:00:00+00:00,,
GRUB,4/27/2022,2022-04-27 19:00:00+00:00,,
GRUB,4/28/2022,2022-04-28 20:00:00+00:00,,
GRUB,4/22/2022,2022-04-22 16:00:00+00:00,,
GRUB,5/2/2022,2022-05-02 23:00:00+00:00,,
GRUB,5/4/2022,2022-05-04 16:00:00+00:00,,
GRUB,5/9/2022,2022-05-09 20:00:00+00:00,,
GRUB,5/10/2022,2022-05-10 18:00:00+00:00,,
GRUB,5/11/2022,2022-05-11 14:00:00+00:00,,
GRUB,5/18/2022,2022-05-18 20:00:00+00:00,,
GRUB,5/26/2022,2022-05-26 20:00:00+00:00,,
GRUB,6/1/2022,2022-06-01 16:00:00+00:00,,
GRUB,6/24/2022,2022-06-24 14:00:00+00:00,,
TLT,12/30/2021,2021-12-30 15:00:00+00:00,,
TLT,12/31/2021,2021-12-31 15:00:00+00:00,2021-12-31 15:00:00+00:00,147.848263
TLT,1/18/2022,2022-01-18 23:00:00+00:00,2022-01-18 23:00:00+00:00,140.096285
TLT,2/9/2022,2022-02-09 15:00:00+00:00,2022-02-09 15:00:00+00:00,138.813167
TLT,3/1/2022,2022-03-01 15:00:00+00:00,2022-03-01 15:00:00+00:00,141.22451
TLT,3/2/2022,2022-03-02 21:00:00+00:00,2022-03-02 21:00:00+00:00,136.532031
TLT,3/4/2022,2022-03-04 16:00:00+00:00,2022-03-04 16:00:00+00:00,140.637127
TLT,3/11/2022,2022-03-11 21:00:00+00:00,2022-03-11 21:00:00+00:00,134.910099
TLT,3/22/2022,2022-03-22 14:00:00+00:00,2022-03-22 14:00:00+00:00,128.930462
TLT,3/23/2022,2022-03-23 18:00:00+00:00,2022-03-23 18:00:00+00:00,130.692977
TLT,3/29/2022,2022-03-29 19:00:00+00:00,2022-03-29 19:00:00+00:00,130.457704
TLT,4/5/2022,2022-04-05 15:00:00+00:00,2022-04-05 15:00:00+00:00,128.680744
TLT,4/11/2022,2022-04-11 20:00:00+00:00,2022-04-11 20:00:00+00:00,123.141436
TLT,4/18/2022,2022-04-18 14:00:00+00:00,2022-04-18 14:00:00+00:00,120.429779
TLT,4/27/2022,2022-04-27 19:00:00+00:00,2022-04-27 19:00:00+00:00,120.946781
TLT,4/28/2022,2022-04-28 20:00:00+00:00,2022-04-28 20:00:00+00:00,121.028753
TLT,4/22/2022,2022-04-22 16:00:00+00:00,2022-04-22 16:00:00+00:00,120.174367
TLT,5/2/2022,2022-05-02 23:00:00+00:00,2022-05-02 23:00:00+00:00,117.603385
TLT,5/4/2022,2022-05-04 16:00:00+00:00,2022-05-04 16:00:00+00:00,118.078995
TLT,5/9/2022,2022-05-09 20:00:00+00:00,2022-05-09 20:00:00+00:00,114.658509
TLT,5/10/2022,2022-05-10 18:00:00+00:00,2022-05-10 18:00:00+00:00,115.891641
TLT,5/11/2022,2022-05-11 14:00:00+00:00,2022-05-11 14:00:00+00:00,115.057132
TLT,5/18/2022,2022-05-18 20:00:00+00:00,2022-05-18 20:00:00+00:00,116.934969
TLT,5/26/2022,2022-05-26 20:00:00+00:00,2022-05-26 20:00:00+00:00,118.793469
TLT,6/1/2022,2022-06-01 16:00:00+00:00,2022-06-01 16:00:00+00:00,116.05736
TLT,6/24/2022,2022-06-24 14:00:00+00:00,,
PLTR,12/30/2021,2021-12-30 15:00:00+00:00,,
PLTR,12/31/2021,2021-12-31 15:00:00+00:00,2021-12-31 15:00:00+00:00,18.630987
PLTR,1/18/2022,2022-01-18 23:00:00+00:00,2022-01-18 23:00:00+00:00,15.003249
PLTR,2/9/2022,2022-02-09 15:00:00+00:00,2022-02-09 15:00:00+00:00,13.500101
PLTR,3/1/2022,2022-03-01 15:00:00+00:00,2022-03-01 15:00:00+00:00,12.191519
PLTR,3/2/2022,2022-03-02 21:00:00+00:00,2022-03-02 21:00:00+00:00,12.052031
PLTR,3/4/2022,2022-03-04 16:00:00+00:00,2022-03-04 16:00:00+00:00,10.848841
PLTR,3/11/2022,2022-03-11 21:00:00+00:00,2022-03-11 21:00:00+00:00,11.392136
PLTR,3/22/2022,2022-03-22 14:00:00+00:00,2022-03-22 14:00:00+00:00,13.098068
PLTR,3/23/2022,2022-03-23 18:00:00+00:00,2022-03-23 18:00:00+00:00,13.165334
PLTR,3/29/2022,2022-03-29 19:00:00+00:00,2022-03-29 19:00:00+00:00,14.171183
PLTR,4/5/2022,2022-04-05 15:00:00+00:00,2022-04-05 15:00:00+00:00,14.188978
PLTR,4/11/2022,2022-04-11 20:00:00+00:00,2022-04-11 20:00:00+00:00,12.659753
PLTR,4/18/2022,2022-04-18 14:00:00+00:00,2022-04-18 14:00:00+00:00,12.203688
PLTR,4/27/2022,2022-04-27 19:00:00+00:00,2022-04-27 19:00:00+00:00,10.59541
PLTR,4/28/2022,2022-04-28 20:00:00+00:00,2022-04-28 20:00:00+00:00,10.93538
PLTR,4/22/2022,2022-04-22 16:00:00+00:00,2022-04-22 16:00:00+00:00,12.079087
PLTR,5/2/2022,2022-05-02 23:00:00+00:00,2022-05-02 23:00:00+00:00,10.727783
PLTR,5/4/2022,2022-05-04 16:00:00+00:00,2022-05-04 16:00:00+00:00,10.374908
PLTR,5/9/2022,2022-05-09 20:00:00+00:00,2022-05-09 20:00:00+00:00,7.420703
PLTR,5/10/2022,2022-05-10 18:00:00+00:00,2022-05-10 18:00:00+00:00,7.352727
PLTR,5/11/2022,2022-05-11 14:00:00+00:00,2022-05-11 14:00:00+00:00,7.281353
PLTR,5/18/2022,2022-05-18 20:00:00+00:00,2022-05-18 20:00:00+00:00,8.008371
PLTR,5/26/2022,2022-05-26 20:00:00+00:00,2022-05-26 20:00:00+00:00,8.35861
PLTR,6/1/2022,2022-06-01 16:00:00+00:00,2022-06-01 16:00:00+00:00,8.452254
PLTR,6/24/2022,2022-06-24 14:00:00+00:00,,
V,12/30/2021,2021-12-30 15:00:00+00:00,,
V,12/31/2021,2021-12-31 15:00:00+00:00,2021-12-31 15:00:00+00:00,217.076622
V,1/18/2022,2022-01-18 23:00:00+00:00,2022-01-18 23:00:00+00:00,215.562683
V,2/9/2022,2022-02-09 15:00:00+00:00,2022-02-09 15:00:00+00:00,232.293663
V,3/1/2022,2022-03-01 15:00:00+00:00,2022-03-01 15:00:00+00:00,211.979332
V,3/2/2022,2022-03-02 21:00:00+00:00,2022-03-02 21:00:00+00:00,208.49596
V,3/4/2022,2022-03-04 16:00:00+00:00,2022-03-04 16:00:00+00:00,197.774239
V,3/11/2022,2022-03-11 21:00:00+00:00,2022-03-11 21:00:00+00:00,196.709938
V,3/22/2022,2022-03-22 14:00:00+00:00,2022-03-22 14:00:00+00:00,218.88381
V,3/23/2022,2022-03-23 18:00:00+00:00,2022-03-23 18:00:00+00:00,214.8112
V,3/29/2022,2022-03-29 19:00:00+00:00,2022-03-29 19:00:00+00:00,228.161457
V,4/5/2022,2022-04-05 15:00:00+00:00,2022-04-05 15:00:00+00:00,226.871682
V,4/11/2022,2022-04-11 20:00:00+00:00,2022-04-11 20:00:00+00:00,214.846753
V,4/18/2022,2022-04-18 14:00:00+00:00,2022-04-18 14:00:00+00:00,214.832204
V,4/27/2022,2022-04-27 19:00:00+00:00,2022-04-27 19:00:00+00:00,214.295667
V,4/28/2022,2022-04-28 20:00:00+00:00,2022-04-28 20:00:00+00:00,220.659436
V,4/22/2022,2022-04-22 16:00:00+00:00,2022-04-22 16:00:00+00:00,211.147467
V,5/2/2022,2022-05-02 23:00:00+00:00,2022-05-02 23:00:00+00:00,211.91696
V,5/4/2022,2022-05-04 16:00:00+00:00,2022-05-04 16:00:00+00:00,206.449236
V,5/9/2022,2022-05-09 20:00:00+00:00,2022-05-09 20:00:00+00:00,193.000468
V,5/10/2022,2022-05-10 18:00:00+00:00,2022-05-10 18:00:00+00:00,194.767711
V,5/11/2022,2022-05-11 14:00:00+00:00,2022-05-11 14:00:00+00:00,196.000961
V,5/18/2022,2022-05-18 20:00:00+00:00,2022-05-18 20:00:00+00:00,199.98883
V,5/26/2022,2022-05-26 20:00:00+00:00,2022-05-26 20:00:00+00:00,208.549971
V,6/1/2022,2022-06-01 16:00:00+00:00,2022-06-01 16:00:00+00:00,209.437117
V,6/24/2022,2022-06-24 14:00:00+00:00,,
UNP,12/30/2021,2021-12-30 15:00:00+00:00,,
UNP,12/31/2021,2021-12-31 15:00:00+00:00,2021-12-31 15:00:00+00:00,250.292971
UNP,1/18/2022,2022-01-18 23:00:00+00:00,,
UNP,2/9/2022,2022-02-09 15:00:00+00:00,2022-02-09 15:00:00+00:00,245.099781
UNP,3/1/2022,2022-03-01 15:00:00+00:00,2022-03-01 15:00:00+00:00,244.24323
UNP,3/2/2022,2022-03-02 21:00:00+00:00,2022-03-02 21:00:00+00:00,252.370006
UNP,3/4/2022,2022-03-04 16:00:00+00:00,2022-03-04 16:00:00+00:00,259.291977
UNP,3/11/2022,2022-03-11 21:00:00+00:00,2022-03-11 21:00:00+00:00,261.557098
UNP,3/22/2022,2022-03-22 14:00:00+00:00,2022-03-22 14:00:00+00:00,265.647814
UNP,3/23/2022,2022-03-23 18:00:00+00:00,2022-03-23 18:00:00+00:00,269.348895
UNP,3/29/2022,2022-03-29 19:00:00+00:00,2022-03-29 19:00:00+00:00,273.513487
UNP,4/5/2022,2022-04-05 15:00:00+00:00,2022-04-05 15:00:00+00:00,254.449773
UNP,4/11/2022,2022-04-11 20:00:00+00:00,2022-04-11 20:00:00+00:00,243.109997
UNP,4/18/2022,2022-04-18 14:00:00+00:00,2022-04-18 14:00:00+00:00,242.109645
UNP,4/27/2022,2022-04-27 19:00:00+00:00,2022-04-27 19:00:00+00:00,236.963512
UNP,4/28/2022,2022-04-28 20:00:00+00:00,2022-04-28 20:00:00+00:00,239.253746
UNP,4/22/2022,2022-04-22 16:00:00+00:00,2022-04-22 16:00:00+00:00,237.730738
UNP,5/2/2022,2022-05-02 23:00:00+00:00,,
UNP,5/4/2022,2022-05-04 16:00:00+00:00,2022-05-04 16:00:00+00:00,233.915243
UNP,5/9/2022,2022-05-09 20:00:00+00:00,2022-05-09 20:00:00+00:00,225.24992
UNP,5/10/2022,2022-05-10 18:00:00+00:00,2022-05-10 18:00:00+00:00,222.948005
UNP,5/11/2022,2022-05-11 14:00:00+00:00,2022-05-11 14:00:00+00:00,226.690156
UNP,5/18/2022,2022-05-18 20:00:00+00:00,2022-05-18 20:00:00+00:00,224.990005
UNP,5/26/2022,2022-05-26 20:00:00+00:00,2022-05-26 20:00:00+00:00,221.289939
UNP,6/1/2022,2022-06-01 16:00:00+00:00,2022-06-01 16:00:00+00:00,220.222574
UNP,6/24/2022,2022-06-24 14:00:00+00:00,,
FNF,12/30/2021,2021-12-30 15:00:00+00:00,,
FNF,12/31/2021,2021-12-31 15:00:00+00:00,2021-12-31 15:00:00+00:00,52.364494
FNF,1/18/2022,2022-01-18 23:00:00+00:00,,
FNF,2/9/2022,2022-02-09 15:00:00+00:00,2022-02-09 15:00:00+00:00,51.222735
FNF,3/1/2022,2022-03-01 15:00:00+00:00,2022-03-01 15:00:00+00:00,46.461845
FNF,3/2/2022,2022-03-02 21:00:00+00:00,2022-03-02 21:00:00+00:00,47.67
FNF,3/4/2022,2022-03-04 16:00:00+00:00,2022-03-04 16:00:00+00:00,47.001216
FNF,3/11/2022,2022-03-11 21:00:00+00:00,2022-03-11 21:00:00+00:00,46.98
FNF,3/22/2022,2022-03-22 14:00:00+00:00,2022-03-22 14:00:00+00:00,49.946478
FNF,3/23/2022,2022-03-23 18:00:00+00:00,2022-03-23 18:00:00+00:00,49.272423
FNF,3/29/2022,2022-03-29 19:00:00+00:00,2022-03-29 19:00:00+00:00,50.299717
FNF,4/5/2022,2022-04-05 15:00:00+00:00,2022-04-05 15:00:00+00:00,46.267838
FNF,4/11/2022,2022-04-11 20:00:00+00:00,2022-04-11 20:00:00+00:00,43.49
FNF,4/18/2022,2022-04-18 14:00:00+00:00,2022-04-18 14:00:00+00:00,41.858983
FNF,4/27/2022,2022-04-27 19:00:00+00:00,2022-04-27 19:00:00+00:00,39.657968
FNF,4/28/2022,2022-04-28 20:00:00+00:00,2022-04-28 20:00:00+00:00,40.77
FNF,4/22/2022,2022-04-22 16:00:00+00:00,2022-04-22 16:00:00+00:00,41.596099
FNF,5/2/2022,2022-05-02 23:00:00+00:00,,
FNF,5/4/2022,2022-05-04 16:00:00+00:00,2022-05-04 16:00:00+00:00,41.43245
FNF,5/9/2022,2022-05-09 20:00:00+00:00,2022-05-09 20:00:00+00:00,40.370127
FNF,5/10/2022,2022-05-10 18:00:00+00:00,2022-05-10 18:00:00+00:00,39.56046
FNF,5/11/2022,2022-05-11 14:00:00+00:00,2022-05-11 14:00:00+00:00,40.454803
FNF,5/18/2022,2022-05-18 20:00:00+00:00,2022-05-18 20:00:00+00:00,40.930001
FNF,5/26/2022,2022-05-26 20:00:00+00:00,2022-05-26 20:00:00+00:00,41.609826
FNF,6/1/2022,2022-06-01 16:00:00+00:00,2022-06-01 16:00:00+00:00,41.664022
FNF,6/24/2022,2022-06-24 14:00:00+00:00,,
ARKK,12/30/2021,2021-12-30 15:00:00+00:00,,
ARKK,12/31/2021,2021-12-31 15:00:00+00:00,2021-12-31 15:00:00+00:00,96.68416
ARKK,1/18/2022,2022-01-18 23:00:00+00:00,2022-01-18 23:00:00+00:00,77.323596
ARKK,2/9/2022,2022-02-09 15:00:00+00:00,2022-02-09 15:00:00+00:00,74.759665
ARKK,3/1/2022,2022-03-01 15:00:00+00:00,2022-03-01 15:00:00+00:00,69.879694
ARKK,3/2/2022,2022-03-02 21:00:00+00:00,2022-03-02 21:00:00+00:00,67.517591
ARKK,3/4/2022,2022-03-04 16:00:00+00:00,2022-03-04 16:00:00+00:00,60.853381
ARKK,3/11/2022,2022-03-11 21:00:00+00:00,2022-03-11 21:00:00+00:00,55.738874
ARKK,3/22/2022,2022-03-22 14:00:00+00:00,2022-03-22 14:00:00+00:00,66.072585
ARKK,3/23/2022,2022-03-23 18:00:00+00:00,2022-03-23 18:00:00+00:00,66.092096
ARKK,3/29/2022,2022-03-29 19:00:00+00:00,2022-03-29 19:00:00+00:00,71.595366
ARKK,4/5/2022,2022-04-05 15:00:00+00:00,2022-04-05 15:00:00+00:00,67.845461
ARKK,4/11/2022,2022-04-11 20:00:00+00:00,2022-04-11 20:00:00+00:00,59.841363
ARKK,4/18/2022,2022-04-18 14:00:00+00:00,2022-04-18 14:00:00+00:00,57.837636
ARKK,4/27/2022,2022-04-27 19:00:00+00:00,2022-04-27 19:00:00+00:00,49.748777
ARKK,4/28/2022,2022-04-28 20:00:00+00:00,2022-04-28 20:00:00+00:00,48.754375
ARKK,4/22/2022,2022-04-22 16:00:00+00:00,2022-04-22 16:00:00+00:00,52.563033
ARKK,5/2/2022,2022-05-02 23:00:00+00:00,2022-05-02 23:00:00+00:00,50.114177
ARKK,5/4/2022,2022-05-04 16:00:00+00:00,2022-05-04 16:00:00+00:00,48.960898
ARKK,5/9/2022,2022-05-09 20:00:00+00:00,2022-05-09 20:00:00+00:00,41.19983
ARKK,5/10/2022,2022-05-10 18:00:00+00:00,2022-05-10 18:00:00+00:00,41.68154
ARKK,5/11/2022,2022-05-11 14:00:00+00:00,2022-05-11 14:00:00+00:00,40.028289
ARKK,5/18/2022,2022-05-18 20:00:00+00:00,2022-05-18 20:00:00+00:00,41.094832
ARKK,5/26/2022,2022-05-26 20:00:00+00:00,2022-05-26 20:00:00+00:00,42.615965
ARKK,6/1/2022,2022-06-01 16:00:00+00:00,2022-06-01 16:00:00+00:00,42.154064
ARKK,6/24/2022,2022-06-24 14:00:00+00:00,,
