,user_id,cash,usd_value,positions_usd,inception_return,gross_exposure_usd,long_exposure_usd,short_exposure_usd,net_exposure_usd,gross_exposure_percent,long_exposure_percent,short_exposure_percent,net_exposure_percent,gross_traded_usd,net_traded_usd,gross_traded_percent,net_traded_percent,unrealized_long_pnl,unrealized_short_pnl,unrealized_pnl,realized_long_pnl,realized_short_pnl,realized_pnl,total_long_pnl,total_short_pnl,total_pnl,marker
2021-12-30 00:00:00,0x594F56D21ad544F6B567F3A49DB0F9a7B501FF37,10000.0,10000.0,0.0,1.0,0.0,0.0,0.0,0.0,0.0,0.0,0.0,0.0,0.0,0.0,0.0,0.0,0.0,0.0,0.0,0.0,0.0,0.0,0.0,0.0,0.0,FIRST
2021-12-31 23:00:00,0x594F56D21ad544F6B567F3A49DB0F9a7B501FF37,1115.56,9892.524767311968,8776.964767311969,0.9892524767311969,8776.964767311969,8776.964767311969,0.0,8776.964767311969,0.8776964767311969,0.8776964767311969,0.0,0.8776964767311969,8880.0,8880.0,0.888,0.888,-103.03523268803167,0.0,-103.03523268803167,0.0,0.0,0.0,-103.03523268803167,0.0,-103.03523268803167,
2022-01-01 23:00:00,0x594F56D21ad544F6B567F3A49DB0F9a7B501FF37,1115.56,9968.270401351077,8852.710401351078,0.9968270401351078,8852.710401351078,8852.710401351078,0.0,8852.710401351078,0.8948888791871651,0.8948888791871651,0.0,0.8948888791871651,,,,,-27.289598648921828,0.0,-27.289598648921828,0.0,0.0,0.0,-27.289598648921828,0.0,-27.289598648921828,
2022-01-02 23:00:00,0x594F56D21ad544F6B567F3A49DB0F9a7B501FF37,1115.56,10012.072871242655,8896.512871242656,1.0012072871242657,8896.512871242656,8896.512871242656,0.0,8896.512871242656,0.8924831001812352,0.8924831001812352,0.0,0.8924831001812352,,,,,16.512871242657344,0.0,16.512871242657344,0.0,0.0,0.0,16.512871242657344,0.0,16.512871242657344,
2022-01-03 23:00:00,0x594F56D21ad544F6B567F3A49DB0F9a7B501FF37,1115.56,9949.532741236859,8833.97274123686,0.994953274123686,8833.97274123686,8833.97274123686,0.0,8833.97274123686,0.882332046005217,0.882332046005217,0.0,0.882332046005217,,,,,-46.02725876313981,0.0,-46.02725876313981,0.0,0.0,0.0,-46.02725876313981,0.0,-46.02725876313981,
2022-01-04 23:00:00,0x594F56D21ad544F6B567F3A49DB0F9a7B501FF37,1115.56,9962.510322220105,8846.950322220106,0.9962510322220106,8846.950322220106,8846.950322220106,0.0,8846.950322220106,0.8891824925157553,0.8891824925157553,0.0,0.8891824925157553,,,,,-33.049677779893884,0.0,-33.049677779893884,0.0,0.0,0.0,-33.049677779893884,0.0,-33.049677779893884,
2022-01-05 23:00:00,0x594F56D21ad544F6B567F3A49DB0F9a7B501FF37,1115.56,9746.757792322713,8631.197792322713,0.9746757792322713,8631.197792322713,8631.197792322713,0.0,8631.197792322713,0.8663677640636347,0.8663677640636347,0.0,0.8663677640636347,,,,,-248.80220767728605,0.0,-248.80220767728605,0.0,0.0,0.0,-248.80220767728605,0.0,-248.80220767728605,
2022-01-06 23:00:00,0x594F56D21ad544F6B567F3A49DB0F9a7B501FF37,1115.56,9644.827787676668,8529.267787676668,0.9644827787676669,8529.267787676668,8529.267787676668,0.0,8529.267787676668,0.875087692688431,0.875087692688431,0.0,0.875087692688431,,,,,-350.73221232333185,0.0,-350.73221232333185,0.0,0.0,0.0,-350.73221232333185,0.0,-350.73221232333185,
2022-01-07 23:00:00,0x594F56D21ad544F6B567F3A49DB0F9a7B501FF37,1115.56,9465.180129306178,8349.620129306179,0.9465180129306179,8349.620129306179,8349.620129306179,0.0,8349.620129306179,0.8657096127703395,0.8657096127703395,0.0,0.8657096127703395,,,,,-530.3798706938231,0.0,-530.3798706938231,0.0,0.0,0.0,-530.3798706938231,0.0,-530.3798706938231,
2022-01-08 23:00:00,0x594F56D21ad544F6B567F3A49DB0F9a7B501FF37,1115.56,9412.74158495293,8297.18158495293,0.9412741584952931,8297.18158495293,8297.18158495293,0.0,8297.18158495293,0.8766004948245116,0.8766004948245116,0.0,0.8766004948245116,,,,,-582.8184150470705,0.0,-582.8184150470705,0.0,0.0,0.0,-582.8184150470705,0.0,-582.8184150470705,
2022-01-09 23:00:00,0x594F56D21ad544F6B567F3A49DB0F9a7B501FF37,1115.56,9452.952095470595,8337.392095470595,0.9452952095470596,8337.392095470595,8337.392095470595,0.0,8337.392095470595,0.8857559745184791,0.8857559745184791,0.0,0.8857559745184791,,,,,-542.6079045294041,0.0,-542.6079045294041,0.0,0.0,0.0,-542.6079045294041,0.0,-542.6079045294041,
2022-01-10 23:00:00,0x594F56D21ad544F6B567F3A49DB0F9a7B501FF37,1115.56,9397.03776782682,8281.47776782682,0.9397037767826821,8281.47776782682,8281.47776782682,0.0,8281.47776782682,0.8760731763144034,0.8760731763144034,0.0,0.8760731763144034,,,,,-598.5222321731804,0.0,-598.5222321731804,0.0,0.0,0.0,-598.5222321731804,0.0,-598.5222321731804,
2022-01-11 23:00:00,0x594F56D21ad544F6B567F3A49DB0F9a7B501FF37,1115.56,9529.93391340441,8414.37391340441,0.9529933913404411,8414.37391340441,8414.37391340441,0.0,8414.37391340441,0.8954283383017984,0.8954283383017984,0.0,0.8954283383017984,,,,,-465.6260865955897,0.0,-465.6260865955897,0.0,0.0,0.0,-465.6260865955897,0.0,-465.6260865955897,
2022-01-12 23:00:00,0x594F56D21ad544F6B567F3A49DB0F9a7B501FF37,1115.56,9639.941697204848,8524.381697204848,0.963994169720485,8524.381697204848,8524.381697204848,0.0,8524.381697204848,0.8944848699543243,0.8944848699543243,0.0,0.8944848699543243,,,,,-355.6183027951527,0.0,-355.6183027951527,0.0,0.0,0.0,-355.6183027951527,0.0,-355.6183027951527,
2022-01-13 23:00:00,0x594F56D21ad544F6B567F3A49DB0F9a7B501FF37,1115.56,9531.619782301776,8416.059782301776,0.9531619782301779,8416.059782301776,8416.059782301776,0.0,8416.059782301776,0.8730405272826554,0.8730405272826554,0.0,0.8730405272826554,,,,,-463.94021769822376,0.0,-463.94021769822376,0.0,0.0,0.0,-463.94021769822376,0.0,-463.94021769822376,
2022-01-14 23:00:00,0x594F56D21ad544F6B567F3A49DB0F9a7B501FF37,1115.56,9572.864483942876,8457.304483942877,0.9572864483942879,8457.304483942877,8457.304483942877,0.0,8457.304483942877,0.8872893251204084,0.8872893251204084,0.0,0.8872893251204084,,,,,-422.695516057124,0.0,-422.695516057124,0.0,0.0,0.0,-422.695516057124,0.0,-422.695516057124,
2022-01-15 23:00:00,0x594F56D21ad544F6B567F3A49DB0F9a7B501FF37,1115.56,9598.165920371104,8482.605920371105,0.9598165920371108,8482.605920371105,8482.605920371105,0.0,8482.605920371105,0.8861094748180625,0.8861094748180625,0.0,0.8861094748180625,,,,,-397.394079628894,0.0,-397.394079628894,0.0,0.0,0.0,-397.394079628894,0.0,-397.394079628894,
2022-01-16 23:00:00,0x594F56D21ad544F6B567F3A49DB0F9a7B501FF37,1115.56,9609.26347819573,8493.70347819573,0.9609263478195732,8493.70347819573,8493.70347819573,0.0,8493.70347819573,0.8849298447913608,0.8849298447913608,0.0,0.8849298447913608,,,,,-386.2965218042697,0.0,-386.2965218042697,0.0,0.0,0.0,-386.2965218042697,0.0,-386.2965218042697,
2022-01-17 23:00:00,0x594F56D21ad544F6B567F3A49DB0F9a7B501FF37,1115.56,9492.09388176427,8376.53388176427,0.9492093881764272,8376.53388176427,8376.53388176427,0.0,8376.53388176427,0.8717144556158094,0.8717144556158094,0.0,0.8717144556158094,,,,,-503.466118235729,0.0,-503.466118235729,0.0,0.0,0.0,-503.466118235729,0.0,-503.466118235729,
2022-01-18 23:00:00,0x594F56D21ad544F6B567F3A49DB0F9a7B501FF37,1115.56,9471.115032951277,8355.555032951277,0.9471115032951279,8355.555032951277,8355.555032951277,0.0,8355.555032951277,0.8802646852243579,0.8802646852243579,0.0,0.8802646852243579,,,,,-524.4449670487218,0.0,-524.4449670487218,0.0,0.0,0.0,-524.4449670487218,0.0,-524.4449670487218,
2022-01-19 23:00:00,0x594F56D21ad544F6B567F3A49DB0F9a7B501FF37,1336.6052547930324,9413.98671758397,8077.381462790938,0.9413986717583972,8077.381462790938,8077.381462790938,0.0,8077.381462790938,0.8528437712654368,0.8528437712654368,0.0,0.8528437712654368,221.15583270938714,-221.15583270938714,0.023350559246715558,-0.023350559246715558,-156.84154379931783,0.0,-156.84154379931783,-424.6211607003574,0.0,-424.6211607003574,-581.4627044996753,0.0,-581.4627044996753,
2022-01-20 23:00:00,0x594F56D21ad544F6B567F3A49DB0F9a7B501FF37,1336.6052547930324,9353.091664091435,8016.486409298403,0.9353091664091436,8016.486409298403,8016.486409298403,0.0,8016.486409298403,0.8515506394676298,0.8515506394676298,0.0,0.8515506394676298,,,,,-217.73659729185303,0.0,-217.73659729185303,-424.6211607003574,0.0,-424.6211607003574,-642.3577579922104,0.0,-642.3577579922104,
2022-01-21 23:00:00,0x594F56D21ad544F6B567F3A49DB0F9a7B501FF37,1336.6052547930324,8989.661449368385,7653.056194575352,0.8989661449368386,7653.056194575352,7653.056194575352,0.0,7653.056194575352,0.8182381258976761,0.8182381258976761,0.0,0.8182381258976761,,,,,-581.1668120149042,0.0,-581.1668120149042,-424.6211607003574,0.0,-424.6211607003574,-1005.7879727152615,0.0,-1005.7879727152615,
2022-01-22 23:00:00,0x594F56D21ad544F6B567F3A49DB0F9a7B501FF37,1336.6052547930324,8859.499112915102,7522.89385812207,0.8859499112915104,7522.89385812207,7522.89385812207,0.0,7522.89385812207,0.8368383949153758,0.8368383949153758,0.0,0.8368383949153758,,,,,-711.3291484681858,0.0,-711.3291484681858,-424.6211607003574,0.0,-424.6211607003574,-1135.9503091685433,0.0,-1135.9503091685433,
2022-01-23 23:00:00,0x594F56D21ad544F6B567F3A49DB0F9a7B501FF37,1336.6052547930324,8956.517372040938,7619.912117247905,0.8956517372040941,7619.912117247905,7619.912117247905,0.0,7619.912117247905,0.8600838512574412,0.8600838512574412,0.0,0.8600838512574412,,,,,-614.3108893423503,0.0,-614.3108893423503,-424.6211607003574,0.0,-424.6211607003574,-1038.9320500427077,0.0,-1038.9320500427077,
2022-01-24 23:00:00,0x594F56D21ad544F6B567F3A49DB0F9a7B501FF37,1336.6052547930324,8917.577187723622,7580.97193293059,0.8917577187723624,7580.97193293059,7580.97193293059,0.0,7580.97193293059,0.8464196090989214,0.8464196090989214,0.0,0.8464196090989214,,,,,-653.2510736596655,0.0,-653.2510736596655,-424.6211607003574,0.0,-424.6211607003574,-1077.872234360023,0.0,-1077.872234360023,
2022-01-25 23:00:00,0x594F56D21ad544F6B567F3A49DB0F9a7B501FF37,1336.6052547930324,8934.145963086074,7597.5407082930415,0.8934145963086076,7597.5407082930415,7597.5407082930415,0.0,7597.5407082930415,0.8519736413105784,0.8519736413105784,0.0,0.8519736413105784,,,,,-636.6822982972142,0.0,-636.6822982972142,-424.6211607003574,0.0,-424.6211607003574,-1061.3034589975716,0.0,-1061.3034589975716,
2022-01-26 23:00:00,0x594F56D21ad544F6B567F3A49DB0F9a7B501FF37,1336.6052547930324,8934.213271354643,7597.60801656161,0.8934213271354646,7597.60801656161,7597.60801656161,0.0,7597.60801656161,0.8504011517108917,0.8504011517108917,0.0,0.8504011517108917,,,,,-636.614990028645,0.0,-636.614990028645,-424.6211607003574,0.0,-424.6211607003574,-1061.2361507290025,0.0,-1061.2361507290025,
2022-01-27 23:00:00,0x594F56D21ad544F6B567F3A49DB0F9a7B501FF37,1336.6052547930324,8910.692698165838,7574.087443372805,0.8910692698165841,7574.087443372805,7574.087443372805,0.0,7574.087443372805,0.8477621043206179,0.8477621043206179,0.0,0.8477621043206179,,,,,-660.1355632174505,0.0,-660.1355632174505,-424.6211607003574,0.0,-424.6211607003574,-1084.756723917808,0.0,-1084.756723917808,
2022-01-28 23:00:00,0x594F56D21ad544F6B567F3A49DB0F9a7B501FF37,1336.6052547930324,9009.4126493955,7672.807394602467,0.9009412649395502,7672.807394602467,7672.807394602467,0.0,7672.807394602467,0.8610786674510529,0.8610786674510529,0.0,0.8610786674510529,,,,,-561.415611987788,0.0,-561.415611987788,-424.6211607003574,0.0,-424.6211607003574,-986.0367726881454,0.0,-986.0367726881454,
2022-01-29 23:00:00,0x594F56D21ad544F6B567F3A49DB0F9a7B501FF37,1336.6052547930324,9039.690426563151,7703.085171770119,0.9039690426563155,7703.085171770119,7703.085171770119,0.0,7703.085171770119,0.8550041463898281,0.8550041463898281,0.0,0.8550041463898281,,,,,-531.1378348201366,0.0,-531.1378348201366,-424.6211607003574,0.0,-424.6211607003574,-955.758995520494,0.0,-955.758995520494,
2022-01-30 23:00:00,0x594F56D21ad544F6B567F3A49DB0F9a7B501FF37,1336.6052547930324,9052.476249130676,7715.8709943376425,0.9052476249130679,7715.8709943376425,7715.8709943376425,0.0,7715.8709943376425,0.8535547823257905,0.8535547823257905,0.0,0.8535547823257905,,,,,-518.3520122526129,0.0,-518.3520122526129,-424.6211607003574,0.0,-424.6211607003574,-942.9731729529703,0.0,-942.9731729529703,
2022-01-31 23:00:00,0x594F56D21ad544F6B567F3A49DB0F9a7B501FF37,1336.6052547930324,9103.91755568946,7767.3123008964285,0.9103917555689465,7767.3123008964285,7767.3123008964285,0.0,7767.3123008964285,0.858031779055188,0.858031779055188,0.0,0.858031779055188,,,,,-466.91070569382657,0.0,-466.91070569382657,-424.6211607003574,0.0,-424.6211607003574,-891.5318663941839,0.0,-891.5318663941839,
2022-02-01 23:00:00,0x594F56D21ad544F6B567F3A49DB0F9a7B501FF37,1336.6052547930324,9180.319174286036,7843.713919493004,0.918031917428604,7843.713919493004,7843.713919493004,0.0,7843.713919493004,0.8615756756926147,0.8615756756926147,0.0,0.8615756756926147,,,,,-390.5090870972511,0.0,-390.5090870972511,-424.6211607003574,0.0,-424.6211607003574,-815.1302477976085,0.0,-815.1302477976085,
2022-02-02 23:00:00,0x594F56D21ad544F6B567F3A49DB0F9a7B501FF37,1336.6052547930324,9080.162045863119,7743.556791070087,0.9080162045863123,7743.556791070087,7743.556791070087,0.0,7743.556791070087,0.8434953778905309,0.8434953778905309,0.0,0.8434953778905309,,,,,-490.66621552016943,0.0,-490.66621552016943,-424.6211607003574,0.0,-424.6211607003574,-915.2873762205268,0.0,-915.2873762205268,
2022-02-03 23:00:00,0x594F56D21ad544F6B567F3A49DB0F9a7B501FF37,1336.6052547930324,9072.622351753205,7736.017096960173,0.9072622351753209,7736.017096960173,7736.017096960173,0.0,7736.017096960173,0.8519690571474623,0.8519690571474623,0.0,0.8519690571474623,,,,,-498.2059096300826,0.0,-498.2059096300826,-424.6211607003574,0.0,-424.6211607003574,-922.8270703304399,0.0,-922.8270703304399,
2022-02-04 23:00:00,0x594F56D21ad544F6B567F3A49DB0F9a7B501FF37,1336.6052547930324,9327.495612209268,7990.890357416235,0.9327495612209272,7990.890357416235,7990.890357416235,0.0,7990.890357416235,0.8807696438364444,0.8807696438364444,0.0,0.8807696438364444,,,,,-243.3326491740207,0.0,-243.3326491740207,-424.6211607003574,0.0,-424.6211607003574,-667.9538098743781,0.0,-667.9538098743781,
2022-02-05 23:00:00,0x594F56D21ad544F6B567F3A49DB0F9a7B501FF37,1336.6052547930324,9363.114906026098,8026.509651233066,0.9363114906026103,8026.509651233066,8026.509651233066,0.0,8026.509651233066,0.8605214073461186,0.8605214073461186,0.0,0.8605214073461186,,,,,-207.71335535718973,0.0,-207.71335535718973,-424.6211607003574,0.0,-424.6211607003574,-632.3345160575471,0.0,-632.3345160575471,
2022-02-06 23:00:00,0x594F56D21ad544F6B567F3A49DB0F9a7B501FF37,1336.6052547930324,9389.58580548055,8052.980550687517,0.9389585805480555,8052.980550687517,8052.980550687517,0.0,8052.980550687517,0.8600749463733081,0.8600749463733081,0.0,0.8600749463733081,,,,,-181.24245590273804,0.0,-181.24245590273804,-424.6211607003574,0.0,-424.6211607003574,-605.8636166030955,0.0,-605.8636166030955,
2022-02-07 23:00:00,0x594F56D21ad544F6B567F3A49DB0F9a7B501FF37,1336.6052547930324,9485.705673388467,8149.100418595435,0.9485705673388473,8149.100418595435,8149.100418595435,0.0,8149.100418595435,0.867887102521491,0.867887102521491,0.0,0.867887102521491,,,,,-85.12258799482014,0.0,-85.12258799482014,-424.6211607003574,0.0,-424.6211607003574,-509.74374869517754,0.0,-509.74374869517754,
2022-02-08 23:00:00,0x594F56D21ad544F6B567F3A49DB0F9a7B501FF37,1336.6052547930324,9480.790386954415,8144.185132161382,0.9480790386954421,8144.185132161382,8144.185132161382,0.0,8144.185132161382,0.8585745133342442,0.8585745133342442,0.0,0.8585745133342442,,,,,-90.03787442887297,0.0,-90.03787442887297,-424.6211607003574,0.0,-424.6211607003574,-514.6590351292303,0.0,-514.6590351292303,
2022-02-09 23:00:00,0x594F56D21ad544F6B567F3A49DB0F9a7B501FF37,1585.4729297250574,9548.837415662803,7963.364485937746,0.954883741566281,7963.364485937746,7963.364485937746,0.0,7963.364485937746,0.8399473209422866,0.8399473209422866,0.0,0.8399473209422866,248.9921710175338,-248.9921710175338,0.026262807303507888,-0.026262807303507888,-35.77383177927528,0.0,-35.77383177927528,-410.7136785560564,0.0,-410.7136785560564,-446.48751033533165,0.0,-446.48751033533165,
2022-02-10 23:00:00,0x594F56D21ad544F6B567F3A49DB0F9a7B501FF37,1585.4729297250574,9446.196092754699,7860.723163029642,0.9446196092754705,7860.723163029642,7860.723163029642,0.0,7860.723163029642,0.8232125881770512,0.8232125881770512,0.0,0.8232125881770512,,,,,-138.41515468738083,0.0,-138.41515468738083,-410.7136785560564,0.0,-410.7136785560564,-549.1288332434372,0.0,-549.1288332434372,
2022-02-11 23:00:00,0x594F56D21ad544F6B567F3A49DB0F9a7B501FF37,1585.4729297250574,9339.54454588243,7754.071616157373,0.9339544545882437,7754.071616157373,7754.071616157373,0.0,7754.071616157373,0.8208671024842267,0.8208671024842267,0.0,0.8208671024842267,,,,,-245.0667015596501,0.0,-245.0667015596501,-410.7136785560564,0.0,-410.7136785560564,-655.7803801157065,0.0,-655.7803801157065,
2022-02-12 23:00:00,0x594F56D21ad544F6B567F3A49DB0F9a7B501FF37,1585.4729297250574,9332.894819812916,7747.421890087859,0.9332894819812922,7747.421890087859,7747.421890087859,0.0,7747.421890087859,0.8295288760631804,0.8295288760631804,0.0,0.8295288760631804,,,,,-251.71642762916363,0.0,-251.71642762916363,-410.7136785560564,0.0,-410.7136785560564,-662.43010618522,0.0,-662.43010618522,
2022-02-13 23:00:00,0x594F56D21ad544F6B567F3A49DB0F9a7B501FF37,1585.4729297250574,9315.379256264623,7729.906326539566,0.9315379256264629,7729.906326539566,7729.906326539566,0.0,7729.906326539566,0.8282431631105125,0.8282431631105125,0.0,0.8282431631105125,,,,,-269.2319911774555,0.0,-269.2319911774555,-410.7136785560564,0.0,-410.7136785560564,-679.9456697335119,0.0,-679.9456697335119,
2022-02-14 23:00:00,0x594F56D21ad544F6B567F3A49DB0F9a7B501FF37,1585.4729297250574,9356.424976032424,7770.952046307367,0.9356424976032428,7770.952046307367,7770.952046307367,0.0,7770.952046307367,0.8342067276628996,0.8342067276628996,0.0,0.8342067276628996,,,,,-228.18627140965572,0.0,-228.18627140965572,-410.7136785560564,0.0,-410.7136785560564,-638.899949965712,0.0,-638.899949965712,
2022-02-15 23:00:00,0x594F56D21ad544F6B567F3A49DB0F9a7B501FF37,1585.4729297250574,9518.09873000217,7932.625800277113,0.9518098730002174,7932.625800277113,7932.625800277113,0.0,7932.625800277113,0.8478265812634057,0.8478265812634057,0.0,0.8478265812634057,,,,,-66.51251743990944,0.0,-66.51251743990944,-410.7136785560564,0.0,-410.7136785560564,-477.22619599596584,0.0,-477.22619599596584,
2022-02-16 23:00:00,0x594F56D21ad544F6B567F3A49DB0F9a7B501FF37,1585.4729297250574,9488.780891443752,7903.307961718695,0.9488780891443755,7903.307961718695,7903.307961718695,0.0,7903.307961718695,0.8303452386773985,0.8303452386773985,0.0,0.8303452386773985,,,,,-95.83035599832762,0.0,-95.83035599832762,-410.7136785560564,0.0,-410.7136785560564,-506.544034554384,0.0,-506.544034554384,
2022-02-17 23:00:00,0x594F56D21ad544F6B567F3A49DB0F9a7B501FF37,1585.4729297250574,9291.73744493716,7706.264515212102,0.9291737444937164,7706.264515212102,7706.264515212102,0.0,7706.264515212102,0.812144848044812,0.812144848044812,0.0,0.812144848044812,,,,,-292.8738025049207,0.0,-292.8738025049207,-410.7136785560564,0.0,-410.7136785560564,-703.5874810609771,0.0,-703.5874810609771,
2022-02-18 23:00:00,0x594F56D21ad544F6B567F3A49DB0F9a7B501FF37,1585.4729297250574,9226.733396047068,7641.260466322011,0.9226733396047072,7641.260466322011,7641.260466322011,0.0,7641.260466322011,0.8223715437079582,0.8223715437079582,0.0,0.8223715437079582,,,,,-357.8778513950116,0.0,-357.8778513950116,-410.7136785560564,0.0,-410.7136785560564,-768.591529951068,0.0,-768.591529951068,
2022-02-19 23:00:00,0x594F56D21ad544F6B567F3A49DB0F9a7B501FF37,1585.4729297250574,9211.17341338958,7625.700483664523,0.9211173413389585,7625.700483664523,7625.700483664523,0.0,7625.700483664523,0.8264789017239338,0.8264789017239338,0.0,0.8264789017239338,,,,,-373.43783405249974,0.0,-373.43783405249974,-410.7136785560564,0.0,-410.7136785560564,-784.1515126085561,0.0,-784.1515126085561,
2022-02-20 23:00:00,0x594F56D21ad544F6B567F3A49DB0F9a7B501FF37,1585.4729297250574,9126.332804104484,7540.859874379426,0.9126332804104489,7540.859874379426,7540.859874379426,0.0,7540.859874379426,0.8186644128768494,0.8186644128768494,0.0,0.8186644128768494,,,,,-458.27844333759595,0.0,-458.27844333759595,-410.7136785560564,0.0,-410.7136785560564,-868.9921218936523,0.0,-868.9921218936523,
2022-02-21 23:00:00,0x594F56D21ad544F6B567F3A49DB0F9a7B501FF37,1585.4729297250574,9063.157817663148,7477.6848879380905,0.9063157817663153,7477.6848879380905,7477.6848879380905,0.0,7477.6848879380905,0.8193526412465553,0.8193526412465553,0.0,0.8193526412465553,,,,,-521.4534297789324,0.0,-521.4534297789324,-410.7136785560564,0.0,-410.7136785560564,-932.1671083349888,0.0,-932.1671083349888,
2022-02-22 23:00:00,0x594F56D21ad544F6B567F3A49DB0F9a7B501FF37,1585.4729297250574,9113.084134558236,7527.611204833178,0.9113084134558241,7527.611204833178,7527.611204833178,0.0,7527.611204833178,0.8305726719403087,0.8305726719403087,0.0,0.8305726719403087,,,,,-471.527112883845,0.0,-471.527112883845,-410.7136785560564,0.0,-410.7136785560564,-882.2407914399014,0.0,-882.2407914399014,
2022-02-23 23:00:00,0x594F56D21ad544F6B567F3A49DB0F9a7B501FF37,1585.4729297250574,9071.212614414826,7485.739684689769,0.9071212614414831,7485.739684689769,7485.739684689769,0.0,7485.739684689769,0.8214276938695954,0.8214276938695954,0.0,0.8214276938695954,,,,,-513.3986330272531,0.0,-513.3986330272531,-410.7136785560564,0.0,-410.7136785560564,-924.1123115833095,0.0,-924.1123115833095,
2022-02-24 23:00:00,0x594F56D21ad544F6B567F3A49DB0F9a7B501FF37,1585.4729297250574,9085.039648422433,7499.566718697376,0.9085039648422437,7499.566718697376,7499.566718697376,0.0,7499.566718697376,0.8267435719431834,0.8267435719431834,0.0,0.8267435719431834,,,,,-499.57159901964593,0.0,-499.57159901964593,-410.7136785560564,0.0,-410.7136785560564,-910.2852775757024,0.0,-910.2852775757024,
2022-02-25 23:00:00,0x594F56D21ad544F6B567F3A49DB0F9a7B501FF37,1585.4729297250574,9218.019999316819,7632.547069591761,0.9218019999316823,7632.547069591761,7632.547069591761,0.0,7632.547069591761,0.8401225932918313,0.8401225932918313,0.0,0.8401225932918313,,,,,-366.59124812526125,0.0,-366.59124812526125,-410.7136785560564,0.0,-410.7136785560564,-777.3049266813176,0.0,-777.3049266813176,
2022-02-26 23:00:00,0x594F56D21ad544F6B567F3A49DB0F9a7B501FF37,1585.4729297250574,9203.089975092567,7617.61704536751,0.9203089975092572,7617.61704536751,7617.61704536751,0.0,7617.61704536751,0.8263832195994454,0.8263832195994454,0.0,0.8263832195994454,,,,,-381.5212723495123,0.0,-381.5212723495123,-410.7136785560564,0.0,-410.7136785560564,-792.2349509055687,0.0,-792.2349509055687,
2022-02-27 23:00:00,0x594F56D21ad544F6B567F3A49DB0F9a7B501FF37,1585.4729297250574,9083.04112950169,7497.568199776632,0.9083041129501693,7497.568199776632,7497.568199776632,0.0,7497.568199776632,0.8146794413689539,0.8146794413689539,0.0,0.8146794413689539,,,,,-501.5701179403896,0.0,-501.5701179403896,-410.7136785560564,0.0,-410.7136785560564,-912.283796496446,0.0,-912.283796496446,
2022-02-28 23:00:00,0x594F56D21ad544F6B567F3A49DB0F9a7B501FF37,1585.4729297250574,9351.965718037882,7766.492788312824,0.9351965718037885,7766.492788312824,7766.492788312824,0.0,7766.492788312824,0.8550542354242214,0.8550542354242214,0.0,0.8550542354242214,,,,,-232.645529404199,0.0,-232.645529404199,-410.7136785560564,0.0,-410.7136785560564,-643.3592079602554,0.0,-643.3592079602554,
2022-03-01 23:00:00,0x594F56D21ad544F6B567F3A49DB0F9a7B501FF37,1647.9123828390923,9405.736699782567,7757.824316943474,0.9405736699782569,7757.824316943474,7757.824316943474,0.0,7757.824316943474,0.8295394306226272,0.8295394306226272,0.0,0.8295394306226272,62.47068845826402,-62.47068845826402,0.006679952679656623,-0.006679952679656623,-59.78626650651176,0.0,-59.78626650651176,-529.7707243648294,0.0,-529.7707243648294,-589.5569908713412,0.0,-589.5569908713412,
2022-03-02 23:00:00,0x594F56D21ad544F6B567F3A49DB0F9a7B501FF37,1071.5476841522486,8259.855953357986,7188.308269205738,0.8259855953357989,7188.308269205738,7188.308269205738,0.0,7188.308269205738,0.7642472353464785,0.7642472353464785,0.0,0.7642472353464785,576.0766603566653,576.0766603566653,0.06124737261356493,0.06124737261356493,-70.736489189889,0.0,-70.736489189889,-1664.4132097758531,0.0,-1664.4132097758531,-1735.1496989657421,0.0,-1735.1496989657421,
2022-03-03 23:00:00,0x594F56D21ad544F6B567F3A49DB0F9a7B501FF37,-2278.744835793608,4365.601189403669,6644.346025197277,0.43656011894036706,6644.346025197277,6644.346025197277,0.0,6644.346025197277,0.804414273410672,0.804414273410672,0.0,0.804414273410672,4250.900407347164,3348.1670697421832,0.5146458281296045,0.4053541718703956,-163.03142752504453,0.0,-163.03142752504453,-1664.7138466466677,0.0,-1664.7138466466677,-1827.7452741717123,0.0,-1827.7452741717123,
2022-03-04 23:00:00,0x594F56D21ad544F6B567F3A49DB0F9a7B501FF37,-2278.869698524337,4187.410864673855,6466.280563198192,0.4187410864673856,6466.280563198192,6466.280563198192,0.0,6466.280563198192,1.4811890236087897,1.4811890236087897,0.0,1.4811890236087897,,,,,-341.0968895241309,0.0,-341.0968895241309,-1664.838709377396,0.0,-1664.838709377396,-2005.935598901527,0.0,-2005.935598901527,
2022-03-05 23:00:00,0x594F56D21ad544F6B567F3A49DB0F9a7B501FF37,-2278.9945680968585,4216.700667345161,6495.695235442019,0.4216700667345161,6495.695235442019,6495.695235442019,0.0,6495.695235442019,1.5512438223441323,1.5512438223441323,0.0,1.5512438223441323,,,,,-311.6822172803028,0.0,-311.6822172803028,-1664.963578949918,0.0,-1664.963578949918,-1976.6457962302206,0.0,-1976.6457962302206,
2022-03-06 23:00:00,0x594F56D21ad544F6B567F3A49DB0F9a7B501FF37,-2279.119444511549,4148.983936680626,6428.103381192175,0.41489839366806275,6428.103381192175,6428.103381192175,0.0,6428.103381192175,1.524439102583802,1.524439102583802,0.0,1.524439102583802,,,,,-379.2740715301479,0.0,-379.2740715301479,-1665.0884553646083,0.0,-1665.0884553646083,-2044.3625268947562,0.0,-2044.3625268947562,
2022-03-07 23:00:00,0x594F56D21ad544F6B567F3A49DB0F9a7B501FF37,-2279.2443277687826,4114.029965621779,6393.274293390562,0.41140299656217805,6393.274293390562,6393.274293390562,0.0,6393.274293390562,1.5409252942313074,1.5409252942313074,0.0,1.5409252942313074,,,,,-414.1031593317598,0.0,-414.1031593317598,-1665.2133386218418,0.0,-1665.2133386218418,-2079.3164979536014,0.0,-2079.3164979536014,
2022-03-08 23:00:00,0x594F56D21ad544F6B567F3A49DB0F9a7B501FF37,-2279.3692178689344,4160.7264233232645,6440.095641192199,0.41607264233232655,6440.095641192199,6440.095641192199,0.0,6440.095641192199,1.5653983308356545,1.5653983308356545,0.0,1.5653983308356545,,,,,-367.2818115301237,0.0,-367.2818115301237,-1665.3382287219936,0.0,-1665.3382287219936,-2032.6200402521172,0.0,-2032.6200402521172,
2022-03-09 23:00:00,0x594F56D21ad544F6B567F3A49DB0F9a7B501FF37,-2279.4941148123794,4295.07137965059,6574.565494462969,0.42950713796505907,6574.565494462969,6574.565494462969,0.0,6574.565494462969,1.5801484706153108,1.5801484706153108,0.0,1.5801484706153108,,,,,-232.8119582593538,0.0,-232.8119582593538,-1665.4631256654384,0.0,-1665.4631256654384,-1898.2750839247922,0.0,-1898.2750839247922,
2022-03-10 23:00:00,0x594F56D21ad544F6B567F3A49DB0F9a7B501FF37,-2279.416733342007,4191.868394967549,6471.285128309555,0.41918683949675495,6471.285128309555,6471.285128309555,0.0,6471.285128309555,1.5066769690882305,1.5066769690882305,0.0,1.5066769690882305,,,,,-336.09232441276697,0.0,-336.09232441276697,-1665.3857441950659,0.0,-1665.3857441950659,-2001.478068607833,0.0,-2001.478068607833,
2022-03-11 23:00:00,0x594F56D21ad544F6B567F3A49DB0F9a7B501FF37,-2279.541632889039,4159.046787560372,6438.588420449411,0.41590467875603726,6438.588420449411,6438.588420449411,0.0,6438.588420449411,1.5359710310035284,1.5359710310035284,0.0,1.5359710310035284,,,,,-368.78903227290994,0.0,-368.78903227290994,-1665.5106437420982,0.0,-1665.5106437420982,-2034.2996760150081,0.0,-2034.2996760150081,
2022-03-12 23:00:00,0x594F56D21ad544F6B567F3A49DB0F9a7B501FF37,-2279.6665392798823,4168.34159171967,6448.008130999552,0.41683415917196703,6448.008130999552,6448.008130999552,0.0,6448.008130999552,1.5503571997038887,1.5503571997038887,0.0,1.5503571997038887,,,,,-359.3693217227698,0.0,-359.3693217227698,-1665.6355501329415,0.0,-1665.6355501329415,-2025.0048718557114,0.0,-2025.0048718557114,
2022-03-13 23:00:00,0x594F56D21ad544F6B567F3A49DB0F9a7B501FF37,-2279.7914525149113,4107.925463035077,6387.716915549989,0.41079254630350776,6387.716915549989,6387.716915549989,0.0,6387.716915549989,1.5324360480050543,1.5324360480050543,0.0,1.5324360480050543,,,,,-419.6605371723341,0.0,-419.6605371723341,-1665.7604633679705,0.0,-1665.7604633679705,-2085.4210005403047,0.0,-2085.4210005403047,
2022-03-14 23:00:00,0x594F56D21ad544F6B567F3A49DB0F9a7B501FF37,-1609.2036922746067,4179.801513064699,5789.005205339306,0.4179801513064699,5789.005205339306,5789.005205339306,0.0,5789.005205339306,1.409228394582941,1.409228394582941,0.0,1.409228394582941,671.0482044221056,-671.0482044221056,0.16335452297284675,-0.16335452297284675,-156.9504833882929,0.0,-156.9504833882929,-1856.2589430201788,0.0,-1856.2589430201788,-2013.2094264084717,0.0,-2013.2094264084717,
2022-03-15 23:00:00,0x594F56D21ad544F6B567F3A49DB0F9a7B501FF37,-1609.291867819389,4185.83242315412,5795.124290973509,0.41858324231541205,5795.124290973509,5795.124290973509,0.0,5795.124290973509,1.386459206940769,1.386459206940769,0.0,1.386459206940769,,,,,-150.83139775408907,0.0,-150.83139775408907,-1856.347118564961,0.0,-1856.347118564961,-2007.17851631905,0.0,-2007.17851631905,
2022-03-16 23:00:00,0x594F56D21ad544F6B567F3A49DB0F9a7B501FF37,-1609.3800481957078,4249.48014381609,5858.860192011798,0.4249480143816091,5858.860192011798,5858.860192011798,0.0,5858.860192011798,1.3996881861785124,1.3996881861785124,0.0,1.3996881861785124,,,,,-87.09549671580008,0.0,-87.09549671580008,-1856.4352989412798,0.0,-1856.4352989412798,-1943.5307956570798,0.0,-1943.5307956570798,
2022-03-17 23:00:00,0x594F56D21ad544F6B567F3A49DB0F9a7B501FF37,-1609.4682334038282,4259.023119139756,5868.491352543584,0.4259023119139757,5868.491352543584,5868.491352543584,0.0,5868.491352543584,1.3809904162238538,1.3809904162238538,0.0,1.3809904162238538,,,,,-77.4643361840144,0.0,-77.4643361840144,-1856.5234841494002,0.0,-1856.5234841494002,-1933.9878203334147,0.0,-1933.9878203334147,
2022-03-18 23:00:00,0x594F56D21ad544F6B567F3A49DB0F9a7B501FF37,-1609.5564234440146,4306.582576853822,5916.139000297836,0.43065825768538224,5916.139000297836,5916.139000297836,0.0,5916.139000297836,1.3890835609018217,1.3890835609018217,0.0,1.3890835609018217,,,,,-29.81668842976241,0.0,-29.81668842976241,-1856.6116741895867,0.0,-1856.6116741895867,-1886.4283626193492,0.0,-1886.4283626193492,
2022-03-19 23:00:00,0x594F56D21ad544F6B567F3A49DB0F9a7B501FF37,-1609.6446183165322,4313.488991716773,5923.133610033306,0.4313488991716774,5923.133610033306,5923.133610033306,0.0,5923.133610033306,1.375367476260134,1.375367476260134,0.0,1.375367476260134,,,,,-22.822078694293214,0.0,-22.822078694293214,-1856.6998690621042,0.0,-1856.6998690621042,-1879.5219477563974,0.0,-1879.5219477563974,
2022-03-20 23:00:00,0x594F56D21ad544F6B567F3A49DB0F9a7B501FF37,-1609.7328180216455,4280.051207737775,5889.784025759421,0.4280051207737776,5889.784025759421,5889.784025759421,0.0,5889.784025759421,1.3654338835846387,1.3654338835846387,0.0,1.3654338835846387,,,,,-56.17166296817714,0.0,-56.17166296817714,-1856.7880687672175,0.0,-1856.7880687672175,-1912.9597317353946,0.0,-1912.9597317353946,
2022-03-21 23:00:00,0x594F56D21ad544F6B567F3A49DB0F9a7B501FF37,-1609.8210225596192,4280.2676010996975,5890.088623659317,0.4280267601099698,5890.088623659317,5890.088623659317,0.0,5890.088623659317,1.3761724656496641,1.3761724656496641,0.0,1.3761724656496641,,,,,-55.86706506828157,0.0,-55.86706506828157,-1856.8762733051913,0.0,-1856.8762733051913,-1912.7433383734729,0.0,-1912.7433383734729,
2022-03-22 23:00:00,0x594F56D21ad544F6B567F3A49DB0F9a7B501FF37,-589.9430514848136,4067.402997867878,4657.346049352692,0.4067402997867879,4657.346049352692,4657.346049352692,0.0,4657.346049352692,1.088096933041316,1.088096933041316,0.0,1.088096933041316,1020.4764186552324,-1020.4764186552324,0.2384141632623738,-0.2384141632623738,-8.609639374906322,0.0,-8.609639374906322,-2116.488064021058,0.0,-2116.488064021058,-2125.0977033959643,0.0,-2125.0977033959643,
2022-03-23 23:00:00,0x594F56D21ad544F6B567F3A49DB0F9a7B501FF37,-996.9190470681516,4081.308673481739,5078.22772054989,0.408130867348174,5078.22772054989,5078.22772054989,0.0,5078.22772054989,1.2485184583902513,1.2485184583902513,0.0,1.2485184583902513,406.74029978678783,406.74029978678783,0.1,0.1,5.531732035504646,0.0,5.531732035504646,-2116.520389667715,0.0,-2116.520389667715,-2110.98865763221,0.0,-2110.98865763221,
2022-03-24 23:00:00,0x594F56D21ad544F6B567F3A49DB0F9a7B501FF37,-996.9736727693609,4127.474838240274,5124.448511009635,0.41274748382402754,5124.448511009635,5124.448511009635,0.0,5124.448511009635,1.255589547613903,1.255589547613903,0.0,1.255589547613903,,,,,51.75252249524914,0.0,51.75252249524914,-2116.575015368924,0.0,-2116.575015368924,-2064.822492873675,0.0,-2064.822492873675,
2022-03-25 23:00:00,0x594F56D21ad544F6B567F3A49DB0F9a7B501FF37,-997.0283014637591,4131.791568824207,5128.819870287966,0.41317915688242085,5128.819870287966,5128.819870287966,0.0,5128.819870287966,1.2426047574585846,1.2426047574585846,0.0,1.2426047574585846,,,,,56.12388177358042,0.0,56.12388177358042,-2116.6296440633223,0.0,-2116.6296440633223,-2060.505762289742,0.0,-2060.505762289742,
2022-03-26 23:00:00,0x594F56D21ad544F6B567F3A49DB0F9a7B501FF37,-997.0829331515106,4145.982872680947,5143.065805832458,0.4145982872680949,5143.065805832458,5143.065805832458,0.0,5143.065805832458,1.244754417100481,1.244754417100481,0.0,1.244754417100481,,,,,70.36981731807172,0.0,70.36981731807172,-2116.6842757510735,0.0,-2116.6842757510735,-2046.3144584330018,0.0,-2046.3144584330018,
2022-03-27 23:00:00,0x594F56D21ad544F6B567F3A49DB0F9a7B501FF37,-997.1375678327792,4223.626956694193,5220.764524526972,0.4223626956694195,5220.764524526972,5220.764524526972,0.0,5220.764524526972,1.259234464987317,1.259234464987317,0.0,1.259234464987317,,,,,148.06853601258663,0.0,148.06853601258663,-2116.738910432342,0.0,-2116.738910432342,-1968.6703744197553,0.0,-1968.6703744197553,
2022-03-28 23:00:00,0x594F56D21ad544F6B567F3A49DB0F9a7B501FF37,-997.1922055077289,4246.242240016714,5243.434445524444,0.42462422400167166,5243.434445524444,5243.434445524444,0.0,5243.434445524444,1.241453021132446,1.241453021132446,0.0,1.241453021132446,,,,,170.7384570100573,0.0,170.7384570100573,-2116.793548107292,0.0,-2116.793548107292,-1946.0550910972345,0.0,-1946.0550910972345,
2022-03-29 23:00:00,0x594F56D21ad544F6B567F3A49DB0F9a7B501FF37,-1133.7213954352744,4305.288880554249,5439.0102759895235,0.43052888805542516,5439.0102759895235,5439.0102759895235,0.0,5439.0102759895235,1.2808996681188198,1.2808996681188198,0.0,1.2808996681188198,348.67581562274813,136.3002113509393,0.0821139718164962,0.03209901923786684,186.41887205808092,0.0,186.41887205808092,-2073.2529847099695,0.0,-2073.2529847099695,-1886.8341126518885,0.0,-1886.8341126518885,
2022-03-30 23:00:00,0x594F56D21ad544F6B567F3A49DB0F9a7B501FF37,-1133.7835171555723,4299.221863635531,5433.005380791104,0.4299221863635534,5433.005380791104,5433.005380791104,0.0,5433.005380791104,1.2619374753992527,1.2619374753992527,0.0,1.2619374753992527,,,,,180.4139768596607,0.0,180.4139768596607,-2073.3151064302674,0.0,-2073.3151064302674,-1892.9011295706068,0.0,-1892.9011295706068,
2022-03-31 23:00:00,0x594F56D21ad544F6B567F3A49DB0F9a7B501FF37,-1133.4125197339636,4238.686131894234,5372.098651628197,0.42386861318942365,5372.098651628197,5372.098651628197,0.0,5372.098651628197,1.2495513890705363,1.2495513890705363,0.0,1.2495513890705363,,,,,119.50724769675472,0.0,119.50724769675472,-2072.9441090086584,0.0,-2072.9441090086584,-1953.4368613119036,0.0,-1953.4368613119036,
2022-04-01 23:00:00,0x594F56D21ad544F6B567F3A49DB0F9a7B501FF37,-1133.4746245295655,4297.242284321489,5430.7169088510545,0.4297242284321492,5430.7169088510545,5430.7169088510545,0.0,5430.7169088510545,1.2812264791175072,1.2812264791175072,0.0,1.2812264791175072,,,,,178.12550491961156,0.0,178.12550491961156,-2073.0062138042604,0.0,-2073.0062138042604,-1894.8807088846488,0.0,-1894.8807088846488,
2022-04-02 23:00:00,0x594F56D21ad544F6B567F3A49DB0F9a7B501FF37,-1133.53673272817,4293.2690887760955,5426.805821504266,0.4293269088776099,5426.805821504266,5426.805821504266,0.0,5426.805821504266,1.2628577730662278,1.2628577730662278,0.0,1.2628577730662278,,,,,174.2144175728224,0.0,174.2144175728224,-2073.0683220028645,0.0,-2073.0683220028645,-1898.8539044300421,0.0,-1898.8539044300421,
2022-04-03 23:00:00,0x594F56D21ad544F6B567F3A49DB0F9a7B501FF37,-1133.5988443299632,4319.024928982991,5452.623773312954,0.4319024928982994,5452.623773312954,5452.623773312954,0.0,5452.623773312954,1.2700400698311136,1.2700400698311136,0.0,1.2700400698311136,,,,,200.03236938151068,0.0,200.03236938151068,-2073.130433604658,0.0,-2073.130433604658,-1873.098064223147,0.0,-1873.098064223147,
2022-04-04 23:00:00,0x594F56D21ad544F6B567F3A49DB0F9a7B501FF37,-1133.660959335132,4323.977949373286,5457.638908708418,0.43239779493732894,5457.638908708418,5457.638908708418,0.0,5457.638908708418,1.2636275544706195,1.2636275544706195,0.0,1.2636275544706195,,,,,205.04750477697536,0.0,205.04750477697536,-2073.1925486098266,0.0,-2073.1925486098266,-1868.1450438328513,0.0,-1868.1450438328513,
2022-04-05 23:00:00,0x594F56D21ad544F6B567F3A49DB0F9a7B501FF37,-1074.6064718722837,4260.214838848848,5334.821310721131,0.4260214838848851,5334.821310721131,5334.821310721131,0.0,5334.821310721131,1.2337762526042382,1.2337762526042382,0.0,1.2337762526042382,59.14617896105939,-59.14617896105939,0.013678649533731317,-0.013678649533731317,155.7503478022236,0.0,155.7503478022236,-2087.6289290700324,0.0,-2087.6289290700324,-1931.8785812678088,0.0,-1931.8785812678088,
2022-04-06 23:00:00,0x594F56D21ad544F6B567F3A49DB0F9a7B501FF37,-1074.6653544186877,4163.623807822964,5238.289162241652,0.41636238078229676,5238.289162241652,5238.289162241652,0.0,5238.289162241652,1.229583333327173,1.229583333327173,0.0,1.229583333327173,,,,,59.218199322743246,0.0,59.218199322743246,-2087.687811616436,0.0,-2087.687811616436,-2028.469612293693,0.0,-2028.469612293693,
2022-04-07 23:00:00,0x594F56D21ad544F6B567F3A49DB0F9a7B501FF37,-1074.7242401915325,4179.143469650889,5253.867709842421,0.4179143469650892,5253.867709842421,5253.867709842421,0.0,5253.867709842421,1.2618497617318394,1.2618497617318394,0.0,1.2618497617318394,,,,,74.79674692351314,0.0,74.79674692351314,-2087.746697389281,0.0,-2087.746697389281,-2012.9499504657679,0.0,-2012.9499504657679,
2022-04-08 23:00:00,0x594F56D21ad544F6B567F3A49DB0F9a7B501FF37,-1074.7831291909952,4140.984786941976,5215.767916132972,0.414098478694198,5215.767916132972,5215.767916132972,0.0,5215.767916132972,1.248047106783984,1.248047106783984,0.0,1.248047106783984,,,,,36.696953214062646,0.0,36.696953214062646,-2087.8055863887434,0.0,-2087.8055863887434,-2051.108633174681,0.0,-2051.108633174681,
2022-04-09 23:00:00,0x594F56D21ad544F6B567F3A49DB0F9a7B501FF37,-1074.8420214172522,4166.722968604817,5241.564990022069,0.41667229686048207,5241.564990022069,5241.564990022069,0.0,5241.564990022069,1.2657774079611739,1.2657774079611739,0.0,1.2657774079611739,,,,,62.49402710315984,0.0,62.49402710315984,-2087.8644786150003,0.0,-2087.8644786150003,-2025.3704515118404,0.0,-2025.3704515118404,
2022-04-10 23:00:00,0x594F56D21ad544F6B567F3A49DB0F9a7B501FF37,-1074.9009168704806,4146.148477122434,5221.049393992915,0.41461484771224383,5221.049393992915,5221.049393992915,0.0,5221.049393992915,1.2530349229675637,1.2530349229675637,0.0,1.2530349229675637,,,,,41.978431074006295,0.0,41.978431074006295,-2087.9233740682284,0.0,-2087.9233740682284,-2045.9449429942222,0.0,-2045.9449429942222,
2022-04-11 23:00:00,0x594F56D21ad544F6B567F3A49DB0F9a7B501FF37,-714.9529211209732,2823.951915543887,3538.9048366648603,0.282395191554389,3538.9048366648603,3538.9048366648603,0.0,3538.9048366648603,0.8535403052234586,0.8535403052234586,0.0,0.8535403052234586,2936.107141808613,-361.47494800078806,0.7081529178246819,-0.08718331000332719,-5.567587163739188,0.0,-5.567587163739188,-2117.2613207013947,0.0,-2117.2613207013947,-2122.8289078651337,0.0,-2122.8289078651337,
2022-04-12 23:00:00,0x594F56D21ad544F6B567F3A49DB0F9a7B501FF37,-714.9920966235004,2840.2469743979336,3555.239071021434,0.2840246974397937,3555.239071021434,3555.239071021434,0.0,3555.239071021434,1.2589587844794101,1.2589587844794101,0.0,1.2589587844794101,,,,,10.766647192834881,0.0,10.766647192834881,-2117.3004962039217,0.0,-2117.3004962039217,-2106.5338490110867,0.0,-2106.5338490110867,
2022-04-13 23:00:00,0x594F56D21ad544F6B567F3A49DB0F9a7B501FF37,-715.0312742726304,2872.4099328139177,3587.4412070865483,0.2872409932813921,3587.4412070865483,3587.4412070865483,0.0,3587.4412070865483,1.2630736831774998,1.2630736831774998,0.0,1.2630736831774998,,,,,42.96878325794865,0.0,42.96878325794865,-2117.339673853052,0.0,-2117.339673853052,-2074.370890595103,0.0,-2074.370890595103,
2022-04-14 23:00:00,0x594F56D21ad544F6B567F3A49DB0F9a7B501FF37,-715.070454068481,2836.086229582419,3551.1566836509,0.2836086229582422,3551.1566836509,3551.1566836509,0.0,3551.1566836509,1.2362987062128898,1.2362987062128898,0.0,1.2362987062128898,,,,,6.684259822299847,0.0,6.684259822299847,-2117.3788536489023,0.0,-2117.3788536489023,-2110.6945938266026,0.0,-2110.6945938266026,
2022-04-15 23:00:00,0x594F56D21ad544F6B567F3A49DB0F9a7B501FF37,-715.1096360111696,2847.1926911941873,3562.302327205357,0.284719269119419,3562.302327205357,3562.302327205357,0.0,3562.302327205357,1.256062770605485,1.256062770605485,0.0,1.256062770605485,,,,,17.82990337675745,0.0,17.82990337675745,-2117.418035591591,0.0,-2117.418035591591,-2099.5881322148334,0.0,-2099.5881322148334,
2022-04-16 23:00:00,0x594F56D21ad544F6B567F3A49DB0F9a7B501FF37,-715.1488201008141,2851.7435037645255,3566.8923238653397,0.28517435037645283,3566.8923238653397,3566.8923238653397,0.0,3566.8923238653397,1.252775175665856,1.252775175665856,0.0,1.252775175665856,,,,,22.419900036739953,0.0,22.419900036739953,-2117.4572196812355,0.0,-2117.4572196812355,-2095.0373196444957,0.0,-2095.0373196444957,
2022-04-17 23:00:00,0x594F56D21ad544F6B567F3A49DB0F9a7B501FF37,-715.1880063375319,2831.9596929828203,3547.1476993203523,0.28319596929828234,3547.1476993203523,3547.1476993203523,0.0,3547.1476993203523,1.2438522940923118,1.2438522940923118,0.0,1.2438522940923118,,,,,2.675275491752984,0.0,2.675275491752984,-2117.4964059179533,0.0,-2117.4964059179533,-2114.8211304262004,0.0,-2114.8211304262004,
2022-04-18 23:00:00,0x594F56D21ad544F6B567F3A49DB0F9a7B501FF37,-660.794777135438,2857.8579575706044,3518.6527347060423,0.2857857957570607,3518.6527347060423,3518.6527347060423,0.0,3518.6527347060423,1.2424798076839676,1.2424798076839676,0.0,1.2424798076839676,54.459647409707586,-54.459647409707586,0.019230375186712785,-0.019230375186712785,26.04441983299803,0.0,26.04441983299803,-2114.9400558477105,0.0,-2114.9400558477105,-2088.8956360147126,0.0,-2088.8956360147126,
2022-04-19 23:00:00,0x594F56D21ad544F6B567F3A49DB0F9a7B501FF37,-660.8309850684318,2874.198809639477,3535.029794707909,0.287419880963948,3535.029794707909,3535.029794707909,0.0,3535.029794707909,1.236950837722163,1.236950837722163,0.0,1.236950837722163,,,,,42.42147983486484,0.0,42.42147983486484,-2114.9762637807044,0.0,-2114.9762637807044,-2072.5547839458395,0.0,-2072.5547839458395,
2022-04-20 23:00:00,0x594F56D21ad544F6B567F3A49DB0F9a7B501FF37,-660.8671949854219,2867.6140039750367,3528.4811989604586,0.286761400397504,3528.4811989604586,3528.4811989604586,0.0,3528.4811989604586,1.2276399207760618,1.2276399207760618,0.0,1.2276399207760618,,,,,35.872884087414505,0.0,35.872884087414505,-2115.0124736976945,0.0,-2115.0124736976945,-2079.13958961028,0.0,-2079.13958961028,
2022-04-21 23:00:00,0x594F56D21ad544F6B567F3A49DB0F9a7B501FF37,-660.9034068865169,2835.881288662207,3496.7846955487244,0.28358812886622103,3496.7846955487244,3496.7846955487244,0.0,3496.7846955487244,1.219405642008144,1.219405642008144,0.0,1.219405642008144,,,,,4.176380675680485,0.0,4.176380675680485,-2115.0486855987897,0.0,-2115.0486855987897,-2110.8723049231094,0.0,-2110.8723049231094,
2022-04-22 23:00:00,0x594F56D21ad544F6B567F3A49DB0F9a7B501FF37,-433.1447816342323,2672.5944825300676,3105.7392641643,0.26725944825300707,3105.7392641643,3105.7392641643,0.0,3105.7392641643,1.0951584174489177,1.0951584174489177,0.0,1.0951584174489177,227.9087935343606,-227.9087935343606,0.08036612620053424,-0.08036612620053424,-7.395002750800642,0.0,-7.395002750800642,-2266.650153907681,0.0,-2266.650153907681,-2274.045156658482,0.0,-2274.045156658482,
2022-04-23 23:00:00,0x594F56D21ad544F6B567F3A49DB0F9a7B501FF37,-433.1685155948698,2664.9383452340508,3098.1068608289206,0.2664938345234054,3098.1068608289206,3098.1068608289206,0.0,3098.1068608289206,1.1592132218637348,1.1592132218637348,0.0,1.1592132218637348,,,,,-15.027406086180553,0.0,-15.027406086180553,-2266.6738878683186,0.0,-2266.6738878683186,-2281.7012939544993,0.0,-2281.7012939544993,
2022-04-24 23:00:00,0x594F56D21ad544F6B567F3A49DB0F9a7B501FF37,-433.1922508559983,2661.5380553261857,3094.730306182184,0.2661538055326189,3094.730306182184,3094.730306182184,0.0,3094.730306182184,1.161276511975134,1.161276511975134,0.0,1.161276511975134,,,,,-18.403960732916712,0.0,-18.403960732916712,-2266.697623129447,0.0,-2266.697623129447,-2285.101583862364,0.0,-2285.101583862364,
2022-04-25 23:00:00,0x594F56D21ad544F6B567F3A49DB0F9a7B501FF37,-433.215987417689,2691.7676832426,3124.983670660289,0.26917676832426035,3124.983670660289,3124.983670660289,0.0,3124.983670660289,1.1741269918747435,1.1741269918747435,0.0,1.1741269918747435,,,,,11.849403745188749,0.0,11.849403745188749,-2266.721359691138,0.0,-2266.721359691138,-2254.871955945949,0.0,-2254.871955945949,
2022-04-26 23:00:00,0x594F56D21ad544F6B567F3A49DB0F9a7B501FF37,-433.23972528001326,2616.7507280358072,3049.9904533158206,0.26167507280358104,3049.9904533158206,3049.9904533158206,0.0,3049.9904533158206,1.1330808644086596,1.1330808644086596,0.0,1.1330808644086596,,,,,-63.14381359927992,0.0,-63.14381359927992,-2266.745097553462,0.0,-2266.745097553462,-2329.888911152742,0.0,-2329.888911152742,
2022-04-27 23:00:00,0x594F56D21ad544F6B567F3A49DB0F9a7B501FF37,-200.17453330562458,2633.9435804012583,2834.118113706883,0.2633943580401261,2834.118113706883,2834.118113706883,0.0,2834.118113706883,1.0830676698938904,1.0830676698938904,0.0,1.0830676698938904,233.20553390436993,-233.20553390436993,0.08912027095504788,-0.08912027095504788,-30.066468256633804,0.0,-30.066468256633804,-2282.5129877637046,0.0,-2282.5129877637046,-2312.5794560203385,0.0,-2312.5794560203385,
2022-04-28 23:00:00,0x594F56D21ad544F6B567F3A49DB0F9a7B501FF37,57.742221114270166,2633.1123720183477,2575.3701509040775,0.2633112372018351,2575.3701509040775,2575.3701509040775,0.0,2575.3701509040775,0.9777620789097321,0.9777620789097321,0.0,0.9777620789097321,258.0567512631047,-258.0567512631047,0.09797353033043782,-0.09797353033043782,-13.404635466578673,0.0,-13.404635466578673,-2299.8770005610395,0.0,-2299.8770005610395,-2313.2816360276183,0.0,-2313.2816360276183,
2022-04-29 23:00:00,0x594F56D21ad544F6B567F3A49DB0F9a7B501FF37,57.742221114270166,2594.56633802094,2536.8241169066696,0.25945663380209427,2536.8241169066696,2536.8241169066696,0.0,2536.8241169066696,0.9634317714143469,0.9634317714143469,0.0,0.9634317714143469,,,,,-51.950669463986536,0.0,-51.950669463986536,-2299.8770005610395,0.0,-2299.8770005610395,-2351.8276700250262,0.0,-2351.8276700250262,
2022-04-30 23:00:00,0x594F56D21ad544F6B567F3A49DB0F9a7B501FF37,57.742221114270166,2567.2364968524053,2509.494275738135,0.2567236496852408,2509.494275738135,2509.494275738135,0.0,2509.494275738135,0.9672114522430383,0.9672114522430383,0.0,0.9672114522430383,,,,,-79.28051063252114,0.0,-79.28051063252114,-2299.8770005610395,0.0,-2299.8770005610395,-2379.157511193561,0.0,-2379.157511193561,
2022-05-01 23:00:00,0x594F56D21ad544F6B567F3A49DB0F9a7B501FF37,57.742221114270166,2596.089208755401,2538.346987641131,0.25960892087554044,2538.346987641131,2538.346987641131,0.0,2538.346987641131,0.9887468453932099,0.9887468453932099,0.0,0.9887468453932099,,,,,-50.42779872952477,0.0,-50.42779872952477,-2299.8770005610395,0.0,-2299.8770005610395,-2350.3047992905645,0.0,-2350.3047992905645,
2022-05-02 23:00:00,0x594F56D21ad544F6B567F3A49DB0F9a7B501FF37,57.742221114270166,2604.5097352036646,2546.7675140893944,0.2604509735203668,2546.7675140893944,2546.7675140893944,0.0,2546.7675140893944,0.9810015408947937,0.9810015408947937,0.0,0.9810015408947937,,,,,-42.007272281261336,0.0,-42.007272281261336,-2299.8770005610395,0.0,-2299.8770005610395,-2341.884272842301,0.0,-2341.884272842301,
2022-05-03 23:00:00,0x594F56D21ad544F6B567F3A49DB0F9a7B501FF37,769.8140591373023,2588.2447335441684,1818.430674406866,0.25882447335441716,1818.430674406866,1818.430674406866,0.0,1818.430674406866,0.6981854012016854,0.6981854012016854,0.0,0.6981854012016854,712.4280520490566,-712.4280520490566,0.2735363367698631,-0.2735363367698631,-5.470779381047667,0.0,-5.470779381047667,-2352.322281094725,0.0,-2352.322281094725,-2357.7930604757726,0.0,-2357.7930604757726,
2022-05-04 23:00:00,0x594F56D21ad544F6B567F3A49DB0F9a7B501FF37,446.9986412737585,2565.1311571423025,2118.132515868544,0.2565131157142306,2118.132515868544,2118.132515868544,0.0,2118.132515868544,0.818366396506916,0.818366396506916,0.0,0.818366396506916,712.8388950016243,322.45899841604296,0.2754140231652324,0.12458597683476758,8.556103324566305,0.0,8.556103324566305,-2389.1063207547036,0.0,-2389.1063207547036,-2380.5502174301373,0.0,-2380.5502174301373,
2022-05-05 23:00:00,0x594F56D21ad544F6B567F3A49DB0F9a7B501FF37,446.9986412737585,2545.670474701542,2098.6718334277834,0.2545670474701545,2098.6718334277834,2098.6718334277834,0.0,2098.6718334277834,0.8181538115835837,0.8181538115835837,0.0,0.8181538115835837,,,,,-10.90457911619483,0.0,-10.90457911619483,-2389.1063207547036,0.0,-2389.1063207547036,-2400.0108998708984,0.0,-2400.0108998708984,
2022-05-06 23:00:00,0x594F56D21ad544F6B567F3A49DB0F9a7B501FF37,447.65794283532426,2542.91116493619,2095.2532221008655,0.2542911164936193,2095.2532221008655,2095.2532221008655,0.0,2095.2532221008655,0.8230653742985002,0.8230653742985002,0.0,0.8230653742985002,,,,,-14.323190443112727,0.0,-14.323190443112727,-2388.4470191931377,0.0,-2388.4470191931377,-2402.7702096362505,0.0,-2402.7702096362505,
2022-05-07 23:00:00,0x594F56D21ad544F6B567F3A49DB0F9a7B501FF37,447.65794283532426,2537.3362205049275,2089.678277669603,0.25373362205049305,2089.678277669603,2089.678277669603,0.0,2089.678277669603,0.8217661342180784,0.8217661342180784,0.0,0.8217661342180784,,,,,-19.898134874374744,0.0,-19.898134874374744,-2388.4470191931377,0.0,-2388.4470191931377,-2408.3451540675123,0.0,-2408.3451540675123,
2022-05-08 23:00:00,0x594F56D21ad544F6B567F3A49DB0F9a7B501FF37,447.65794283532426,2528.091530339787,2080.4335875044626,0.252809153033979,2080.4335875044626,2080.4335875044626,0.0,2080.4335875044626,0.8199282265755298,0.8199282265755298,0.0,0.8199282265755298,,,,,-29.1428250395155,0.0,-29.1428250395155,-2388.4470191931377,0.0,-2388.4470191931377,-2417.5898442326534,0.0,-2417.5898442326534,
2022-05-09 23:00:00,0x594F56D21ad544F6B567F3A49DB0F9a7B501FF37,447.65794283532426,2503.8814790323086,2056.2235361969842,0.25038814790323116,2056.2235361969842,2056.2235361969842,0.0,2056.2235361969842,0.8133501147091057,0.8133501147091057,0.0,0.8133501147091057,,,,,-53.35287634699368,0.0,-53.35287634699368,-2388.4470191931377,0.0,-2388.4470191931377,-2441.7998955401313,0.0,-2441.7998955401313,
2022-05-10 23:00:00,0x594F56D21ad544F6B567F3A49DB0F9a7B501FF37,406.6085764670112,2502.7031165592007,2096.0945400921896,0.2502703116559204,2096.0945400921896,2096.0945400921896,0.0,2096.0945400921896,0.8371380824711723,0.8371380824711723,0.0,0.8371380824711723,622.9711585486781,40.737880789038755,0.2488021752489027,0.016269891818035648,-4.232296917627641,0.0,-4.232296917627641,-2438.4344755163374,0.0,-2438.4344755163374,-2442.666772433965,0.0,-2442.666772433965,
2022-05-11 23:00:00,0x594F56D21ad544F6B567F3A49DB0F9a7B501FF37,529.6477512064997,2493.8326643824826,1964.184913175983,0.2493832664382486,1964.184913175983,1964.184913175983,0.0,1964.184913175983,0.7848253754829736,0.7848253754829736,0.0,0.7848253754829736,123.10072510203949,-123.10072510203949,0.04918710664782423,-0.04918710664782423,-10.947849882219003,0.0,-10.947849882219003,-2440.5278243659136,0.0,-2440.5278243659136,-2451.4756742481327,0.0,-2451.4756742481327,
2022-05-12 23:00:00,0x594F56D21ad544F6B567F3A49DB0F9a7B501FF37,529.6477512064997,2494.579953067578,1964.9322018610783,0.24945799530675816,1964.9322018610783,1964.9322018610783,0.0,1964.9322018610783,0.787916619236211,0.787916619236211,0.0,0.787916619236211,,,,,-10.200561197123678,0.0,-10.200561197123678,-2440.5278243659136,0.0,-2440.5278243659136,-2450.728385563037,0.0,-2450.728385563037,
2022-05-13 23:00:00,0x594F56D21ad544F6B567F3A49DB0F9a7B501FF37,529.6477512064997,2495.8954166627927,1966.247665456293,0.24958954166627964,1966.247665456293,1966.247665456293,0.0,1966.247665456293,0.7882079157408459,0.7882079157408459,0.0,0.7882079157408459,,,,,-8.88509760190897,0.0,-8.88509760190897,-2440.5278243659136,0.0,-2440.5278243659136,-2449.4129219678225,0.0,-2449.4129219678225,
2022-05-14 23:00:00,0x594F56D21ad544F6B567F3A49DB0F9a7B501FF37,529.6477512064997,2498.4430011152826,1968.795249908783,0.2498443001115286,1968.795249908783,1968.795249908783,0.0,1968.795249908783,0.7888131997698911,0.7888131997698911,0.0,0.7888131997698911,,,,,-6.337513149418979,0.0,-6.337513149418979,-2440.5278243659136,0.0,-2440.5278243659136,-2446.8653375153326,0.0,-2446.8653375153326,
2022-05-15 23:00:00,0x594F56D21ad544F6B567F3A49DB0F9a7B501FF37,529.6477512064997,2503.1777757130353,1973.5300245065355,0.2503177775713039,1973.5300245065355,1973.5300245065355,0.0,1973.5300245065355,0.7899039616375356,0.7899039616375356,0.0,0.7899039616375356,,,,,-1.6027385516664692,0.0,-1.6027385516664692,-2440.5278243659136,0.0,-2440.5278243659136,-2442.13056291758,0.0,-2442.13056291758,
2022-05-16 23:00:00,0x594F56D21ad544F6B567F3A49DB0F9a7B501FF37,529.6477512064997,2498.1269843613327,1968.479233154833,0.24981269843613366,1968.479233154833,1968.479233154833,0.0,1968.479233154833,0.7863921021726504,0.7863921021726504,0.0,0.7863921021726504,,,,,-6.6535299033688435,0.0,-6.6535299033688435,-2440.5278243659136,0.0,-2440.5278243659136,-2447.1813542692826,0.0,-2447.1813542692826,
2022-05-17 23:00:00,0x594F56D21ad544F6B567F3A49DB0F9a7B501FF37,529.6477512064997,2500.2926081431715,1970.6448569366717,0.25002926081431753,1970.6448569366717,1970.6448569366717,0.0,1970.6448569366717,0.7888489533451334,0.7888489533451334,0.0,0.7888489533451334,,,,,-4.487906121530309,0.0,-4.487906121530309,-2440.5278243659136,0.0,-2440.5278243659136,-2445.0157304874438,0.0,-2445.0157304874438,
2022-05-18 23:00:00,0x594F56D21ad544F6B567F3A49DB0F9a7B501FF37,529.6477512064997,2493.58429794948,1963.9365467429802,0.2493584297949484,1963.9365467429802,1963.9365467429802,0.0,1963.9365467429802,0.7854826832454169,0.7854826832454169,0.0,0.7854826832454169,,,,,-11.196216315221665,0.0,-11.196216315221665,-2440.5278243659136,0.0,-2440.5278243659136,-2451.724040681135,0.0,-2451.724040681135,
2022-05-19 23:00:00,0x594F56D21ad544F6B567F3A49DB0F9a7B501FF37,514.4660214048411,2490.907725819537,1976.441704414696,0.2490907725819541,1976.441704414696,1976.441704414696,0.0,1976.441704414696,0.7926107435148514,0.7926107435148514,0.0,0.7926107435148514,15.17414273029351,15.17414273029351,0.00608527361307636,0.00608527361307636,-5.15193711005161,0.0,-5.15193711005161,-2449.241088629661,0.0,-2449.241088629661,-2454.393025739713,0.0,-2454.393025739713,
2022-05-20 23:00:00,0x594F56D21ad544F6B567F3A49DB0F9a7B501FF37,514.4660214048411,2486.801997389625,1972.3359759847838,0.24868019973896288,1972.3359759847838,1972.3359759847838,0.0,1972.3359759847838,0.7918141469234324,0.7918141469234324,0.0,0.7918141469234324,,,,,-9.257665539963885,0.0,-9.257665539963885,-2449.241088629661,0.0,-2449.241088629661,-2458.498754169625,0.0,-2458.498754169625,
2022-05-21 23:00:00,0x594F56D21ad544F6B567F3A49DB0F9a7B501FF37,514.4660214048411,2487.525207175948,1973.0591857711067,0.2487525207175952,1973.0591857711067,1973.0591857711067,0.0,1973.0591857711067,0.7934122571246969,0.7934122571246969,0.0,0.7934122571246969,,,,,-8.534455753640923,0.0,-8.534455753640923,-2449.241088629661,0.0,-2449.241088629661,-2457.775544383302,0.0,-2457.775544383302,
2022-05-22 23:00:00,0x594F56D21ad544F6B567F3A49DB0F9a7B501FF37,514.4660214048411,2491.222914903592,1976.7568934987512,0.2491222914903596,1976.7568934987512,1976.7568934987512,0.0,1976.7568934987512,0.7946680852906554,0.7946680852906554,0.0,0.7946680852906554,,,,,-4.836748025996393,0.0,-4.836748025996393,-2449.241088629661,0.0,-2449.241088629661,-2454.0778366556574,0.0,-2454.0778366556574,
2022-05-23 23:00:00,0x594F56D21ad544F6B567F3A49DB0F9a7B501FF37,514.4660214048411,2485.84397991509,1971.3779585102493,0.24858439799150941,1971.3779585102493,1971.3779585102493,0.0,1971.3779585102493,0.7913294096311488,0.7913294096311488,0.0,0.7913294096311488,,,,,-10.215683014498266,0.0,-10.215683014498266,-2449.241088629661,0.0,-2449.241088629661,-2459.4567716441593,0.0,-2459.4567716441593,
2022-05-24 23:00:00,0x594F56D21ad544F6B567F3A49DB0F9a7B501FF37,514.4660214048411,2488.618010045948,1974.1519886411068,0.2488618010045952,1974.1519886411068,1974.1519886411068,0.0,1974.1519886411068,0.7941576400577395,0.7941576400577395,0.0,0.7941576400577395,,,,,-7.441652883640866,0.0,-7.441652883640866,-2449.241088629661,0.0,-2449.241088629661,-2456.682741513302,0.0,-2456.682741513302,
2022-05-25 23:00:00,0x594F56D21ad544F6B567F3A49DB0F9a7B501FF37,514.4660214048411,2488.4545525547974,1973.9885311499565,0.24884545525548019,1973.9885311499565,1973.9885311499565,0.0,1973.9885311499565,0.7932067208311775,0.7932067208311775,0.0,0.7932067208311775,,,,,-7.60511037479108,0.0,-7.60511037479108,-2449.241088629661,0.0,-2449.241088629661,-2456.846199004452,0.0,-2456.846199004452,
2022-05-26 23:00:00,0x594F56D21ad544F6B567F3A49DB0F9a7B501FF37,514.4660214048411,2487.4199574929335,1972.9539360880924,0.2487419957492938,1972.9539360880924,1972.9539360880924,0.0,1972.9539360880924,0.7928430656137718,0.7928430656137718,0.0,0.7928430656137718,,,,,-8.639705436655259,0.0,-8.639705436655259,-2449.241088629661,0.0,-2449.241088629661,-2457.8807940663164,0.0,-2457.8807940663164,
2022-05-27 23:00:00,0x594F56D21ad544F6B567F3A49DB0F9a7B501FF37,390.0328380312571,2478.30513066044,2088.272292629183,0.24783051306604445,2088.272292629183,2088.272292629183,0.0,2088.272292629183,0.8395334637155317,0.8395334637155317,0.0,0.8395334637155317,124.37099787464668,124.37099787464668,0.05,0.05,-17.692346770211024,0.0,-17.692346770211024,-2449.241088629661,0.0,-2449.241088629661,-2466.933435399872,0.0,-2466.933435399872,
2022-05-28 23:00:00,0x594F56D21ad544F6B567F3A49DB0F9a7B501FF37,390.0328380312571,2485.034909603342,2095.002071572085,0.24850349096033464,2095.002071572085,2095.002071572085,0.0,2095.002071572085,0.8453366155981731,0.8453366155981731,0.0,0.8453366155981731,,,,,-10.962567827309128,0.0,-10.962567827309128,-2449.241088629661,0.0,-2449.241088629661,-2460.2036564569703,0.0,-2460.2036564569703,
2022-05-29 23:00:00,0x594F56D21ad544F6B567F3A49DB0F9a7B501FF37,390.0328380312571,2487.8280617009195,2097.7952236696624,0.2487828061700924,2097.7952236696624,2097.7952236696624,0.0,2097.7952236696624,0.8441713295707824,0.8441713295707824,0.0,0.8441713295707824,,,,,-8.169415729731698,0.0,-8.169415729731698,-2449.241088629661,0.0,-2449.241088629661,-2457.4105043593927,0.0,-2457.4105043593927,
2022-05-30 23:00:00,0x594F56D21ad544F6B567F3A49DB0F9a7B501FF37,390.0328380312571,2509.8822828591547,2119.8494448278975,0.25098822828591594,2119.8494448278975,2119.8494448278975,0.0,2119.8494448278975,0.8520884049272134,0.8520884049272134,0.0,0.8520884049272134,,,,,13.884805428503565,0.0,13.884805428503565,-2449.241088629661,0.0,-2449.241088629661,-2435.3562832011576,0.0,-2435.3562832011576,
2022-05-31 23:00:00,0x594F56D21ad544F6B567F3A49DB0F9a7B501FF37,390.0328380312571,2506.532838950579,2116.500000919322,0.25065328389505837,2116.500000919322,2116.500000919322,0.0,2116.500000919322,0.8432666405805662,0.8432666405805662,0.0,0.8432666405805662,,,,,10.535361519927747,0.0,10.535361519927747,-2449.241088629661,0.0,-2449.241088629661,-2438.7057271097333,0.0,-2438.7057271097333,
2022-06-01 23:00:00,0x594F56D21ad544F6B567F3A49DB0F9a7B501FF37,412.15502768409044,2515.976874719893,2103.821847035803,0.2515976874719898,2103.821847035803,2103.821847035803,0.0,2103.821847035803,0.8393354415083663,0.8393354415083663,0.0,0.8393354415083663,21.89797369957148,-21.89797369957148,0.008736360186184355,-0.008736360186184355,-4.882118595550432,0.0,-4.882118595550432,-2424.3686237580187,0.0,-2424.3686237580187,-2429.250742353569,0.0,-2429.250742353569,
2022-06-02 23:00:00,0x594F56D21ad544F6B567F3A49DB0F9a7B501FF37,412.15502768409044,2518.8128910474584,2106.657863363368,0.25188128910474633,2106.657863363368,2106.657863363368,0.0,2106.657863363368,0.8373120931796739,0.8373120931796739,0.0,0.8373120931796739,,,,,-2.0461022679853875,0.0,-2.0461022679853875,-2424.3686237580187,0.0,-2424.3686237580187,-2426.4147260260042,0.0,-2426.4147260260042,
2022-06-03 23:00:00,0x594F56D21ad544F6B567F3A49DB0F9a7B501FF37,412.15502768409044,2510.593551099493,2098.438523415403,0.2510593551099498,2098.438523415403,2098.438523415403,0.0,2098.438523415403,0.8331061552344045,0.8331061552344045,0.0,0.8331061552344045,,,,,-10.265442215950683,0.0,-10.265442215950683,-2424.3686237580187,0.0,-2424.3686237580187,-2434.6340659739694,0.0,-2434.6340659739694,
2022-06-04 23:00:00,0x594F56D21ad544F6B567F3A49DB0F9a7B501FF37,412.15502768409044,2513.0756985268454,2100.920670842755,0.25130756985268504,2100.920670842755,2100.920670842755,0.0,2100.920670842755,0.8368223004168376,0.8368223004168376,0.0,0.8368223004168376,,,,,-7.783294788598135,0.0,-7.783294788598135,-2424.3686237580187,0.0,-2424.3686237580187,-2432.151918546617,0.0,-2432.151918546617,
2022-06-05 23:00:00,0x594F56D21ad544F6B567F3A49DB0F9a7B501FF37,412.15502768409044,2514.5174305540268,2102.3624028699364,0.2514517430554032,2102.3624028699364,2102.3624028699364,0.0,2102.3624028699364,0.8365694690782027,0.8365694690782027,0.0,0.8365694690782027,,,,,-6.34156276141679,0.0,-6.34156276141679,-2424.3686237580187,0.0,-2424.3686237580187,-2430.7101865194354,0.0,-2430.7101865194354,
2022-06-06 23:00:00,0x594F56D21ad544F6B567F3A49DB0F9a7B501FF37,412.15502768409044,2523.357738312866,2111.2027106287755,0.2523357738312871,2111.2027106287755,2111.2027106287755,0.0,2111.2027106287755,0.83960551832946,0.83960551832946,0.0,0.83960551832946,,,,,2.498744997422156,0.0,2.498744997422156,-2424.3686237580187,0.0,-2424.3686237580187,-2421.8698787605963,0.0,-2421.8698787605963,
2022-06-07 23:00:00,0x594F56D21ad544F6B567F3A49DB0F9a7B501FF37,412.15502768409044,2519.059281133089,2106.9042534489986,0.25190592811330936,2106.9042534489986,2106.9042534489986,0.0,2106.9042534489986,0.834960585040823,0.834960585040823,0.0,0.834960585040823,,,,,-1.7997121823545474,0.0,-1.7997121823545474,-2424.3686237580187,0.0,-2424.3686237580187,-2426.1683359403733,0.0,-2426.1683359403733,
2022-06-08 23:00:00,0x594F56D21ad544F6B567F3A49DB0F9a7B501FF37,412.15502768409044,2514.6637941199538,2102.5087664358634,0.25146637941199584,2102.5087664358634,2102.5087664358634,0.0,2102.5087664358634,0.8346404477984899,0.8346404477984899,0.0,0.8346404477984899,,,,,-6.1951991954898125,0.0,-6.1951991954898125,-2424.3686237580187,0.0,-2424.3686237580187,-2430.5638229535084,0.0,-2430.5638229535084,
2022-06-09 23:00:00,0x594F56D21ad544F6B567F3A49DB0F9a7B501FF37,412.15502768409044,2513.041205451178,2100.8861777670877,0.25130412054511825,2100.8861777670877,2100.8861777670877,0.0,2100.8861777670877,0.8354541003372286,0.8354541003372286,0.0,0.8354541003372286,,,,,-7.817787864265151,0.0,-7.817787864265151,-2424.3686237580187,0.0,-2424.3686237580187,-2432.1864116222837,0.0,-2432.1864116222837,
2022-06-10 23:00:00,0x594F56D21ad544F6B567F3A49DB0F9a7B501FF37,412.15502768409044,2501.4064470359426,2089.2514193518523,0.2501406447035947,2089.2514193518523,2089.2514193518523,0.0,2089.2514193518523,0.831363773431148,0.831363773431148,0.0,0.831363773431148,,,,,-19.452546279500574,0.0,-19.452546279500574,-2424.3686237580187,0.0,-2424.3686237580187,-2443.821170037519,0.0,-2443.821170037519,
2022-06-11 23:00:00,0x594F56D21ad544F6B567F3A49DB0F9a7B501FF37,412.15502768409044,2489.1741294583417,2077.0191017742513,0.2489174129458346,2077.0191017742513,2077.0191017742513,0.0,2077.0191017742513,0.8303405087307696,0.8303405087307696,0.0,0.8303405087307696,,,,,-31.68486385710184,0.0,-31.68486385710184,-2424.3686237580187,0.0,-2424.3686237580187,-2456.0534876151205,0.0,-2456.0534876151205,
2022-06-12 23:00:00,0x594F56D21ad544F6B567F3A49DB0F9a7B501FF37,412.15502768409044,2477.3710132616498,2065.2159855775594,0.24773710132616542,2065.2159855775594,2065.2159855775594,0.0,2065.2159855775594,0.8296791940493782,0.8296791940493782,0.0,0.8296791940493782,,,,,-43.48798005379371,0.0,-43.48798005379371,-2424.3686237580187,0.0,-2424.3686237580187,-2467.8566038118124,0.0,-2467.8566038118124,
2022-06-13 23:00:00,0x594F56D21ad544F6B567F3A49DB0F9a7B501FF37,412.15502768409044,2441.0465926186635,2028.8915649345731,0.24410465926186678,2028.8915649345731,2028.8915649345731,0.0,2028.8915649345731,0.8189696069235028,0.8189696069235028,0.0,0.8189696069235028,,,,,-79.81240069678005,0.0,-79.81240069678005,-2424.3686237580187,0.0,-2424.3686237580187,-2504.1810244547987,0.0,-2504.1810244547987,
2022-06-14 23:00:00,0x594F56D21ad544F6B567F3A49DB0F9a7B501FF37,412.15502768409044,2441.1893965495037,2029.0343688654132,0.2441189396549508,2029.0343688654132,2029.0343688654132,0.0,2029.0343688654132,0.8312149284658844,0.8312149284658844,0.0,0.8312149284658844,,,,,-79.66959676594037,0.0,-79.66959676594037,-2424.3686237580187,0.0,-2424.3686237580187,-2504.038220523959,0.0,-2504.038220523959,
2022-06-15 23:00:00,0x594F56D21ad544F6B567F3A49DB0F9a7B501FF37,412.15502768409044,2445.0592325428097,2032.9042048587194,0.2445059232542814,2032.9042048587194,2032.9042048587194,0.0,2032.9042048587194,0.8327515299436109,0.8327515299436109,0.0,0.8327515299436109,,,,,-75.79976077263412,0.0,-75.79976077263412,-2424.3686237580187,0.0,-2424.3686237580187,-2500.168384530653,0.0,-2500.168384530653,
2022-06-16 23:00:00,0x594F56D21ad544F6B567F3A49DB0F9a7B501FF37,412.15502768409044,2424.8831592294277,2012.7281315453372,0.24248831592294318,2012.7281315453372,2012.7281315453372,0.0,2012.7281315453372,0.8231817474017358,0.8231817474017358,0.0,0.8231817474017358,,,,,-95.97583408601626,0.0,-95.97583408601626,-2424.3686237580187,0.0,-2424.3686237580187,-2520.344457844035,0.0,-2520.344457844035,
2022-06-17 23:00:00,0x594F56D21ad544F6B567F3A49DB0F9a7B501FF37,412.15502768409044,2427.210304713648,2015.0552770295574,0.2427210304713652,2015.0552770295574,2015.0552770295574,0.0,2015.0552770295574,0.8309906682967338,0.8309906682967338,0.0,0.8309906682967338,,,,,-93.64868860179595,0.0,-93.64868860179595,-2424.3686237580187,0.0,-2424.3686237580187,-2518.0173123598147,0.0,-2518.0173123598147,
2022-06-18 23:00:00,0x594F56D21ad544F6B567F3A49DB0F9a7B501FF37,412.15502768409044,2415.2481027403132,2003.0930750562227,0.24152481027403172,2003.0930750562227,2003.0930750562227,0.0,2003.0930750562227,0.8252655615239485,0.8252655615239485,0.0,0.8252655615239485,,,,,-105.6108905751307,0.0,-105.6108905751307,-2424.3686237580187,0.0,-2424.3686237580187,-2529.9795143331494,0.0,-2529.9795143331494,
2022-06-19 23:00:00,0x594F56D21ad544F6B567F3A49DB0F9a7B501FF37,412.15502768409044,2430.204275925486,2018.0492482413956,0.243020427592549,2018.0492482413956,2018.0492482413956,0.0,2018.0492482413956,0.8355453197341257,0.8355453197341257,0.0,0.8355453197341257,,,,,-90.65471738995804,0.0,-90.65471738995804,-2424.3686237580187,0.0,-2424.3686237580187,-2515.0233411479767,0.0,-2515.0233411479767,
2022-06-20 23:00:00,0x594F56D21ad544F6B567F3A49DB0F9a7B501FF37,412.15502768409044,2430.355809045569,2018.2007813614784,0.24303558090455732,2018.2007813614784,2018.2007813614784,0.0,2018.2007813614784,0.8304654885823927,0.8304654885823927,0.0,0.8304654885823927,,,,,-90.50318426987515,0.0,-90.50318426987515,-2424.3686237580187,0.0,-2424.3686237580187,-2514.8718080278936,0.0,-2514.8718080278936,
2022-06-21 23:00:00,0x594F56D21ad544F6B567F3A49DB0F9a7B501FF37,412.15502768409044,2430.7946048816293,2018.6395771975388,0.24307946048816334,2018.6395771975388,2018.6395771975388,0.0,2018.6395771975388,0.8305942568920737,0.8305942568920737,0.0,0.8305942568920737,,,,,-90.06438843381487,0.0,-90.06438843381487,-2424.3686237580187,0.0,-2424.3686237580187,-2514.4330121918333,0.0,-2514.4330121918333,
2022-06-22 23:00:00,0x594F56D21ad544F6B567F3A49DB0F9a7B501FF37,412.15502768409044,2423.309082568875,2011.1540548847847,0.2423309082568879,2011.1540548847847,2011.1540548847847,0.0,2011.1540548847847,0.8273648669640356,0.8273648669640356,0.0,0.8273648669640356,,,,,-97.54991074656867,0.0,-97.54991074656867,-2424.3686237580187,0.0,-2424.3686237580187,-2521.918534504587,0.0,-2521.918534504587,
2022-06-23 23:00:00,0x594F56D21ad544F6B567F3A49DB0F9a7B501FF37,412.15502768409044,2433.6865860410576,2021.5315583569673,0.24336865860410617,2021.5315583569673,2021.5315583569673,0.0,2021.5315583569673,0.834202938823637,0.834202938823637,0.0,0.834202938823637,,,,,-87.17240727438606,0.0,-87.17240727438606,-2424.3686237580187,0.0,-2424.3686237580187,-2511.5410310324046,0.0,-2511.5410310324046,
2022-06-24 23:00:00,0x594F56D21ad544F6B567F3A49DB0F9a7B501FF37,293.65252355190273,2376.558135042331,2082.9056114904283,0.23765581350423348,2082.9056114904283,2082.9056114904283,0.0,2082.9056114904283,0.8558643596251833,0.8558643596251833,0.0,0.8558643596251833,118.44328249094222,118.44328249094222,0.048668256286696736,0.048668256286696736,-80.26197402178344,0.0,-80.26197402178344,-2488.3482863681024,0.0,-2488.3482863681024,-2568.6102603898858,0.0,-2568.6102603898858,
2022-06-25 23:00:00,0x594F56D21ad544F6B567F3A49DB0F9a7B501FF37,293.65252355190273,2378.0985287998838,2084.4460052479812,0.2378098528799888,2084.4460052479812,2084.4460052479812,0.0,2084.4460052479812,0.8770860575690708,0.8770860575690708,0.0,0.8770860575690708,,,,,-78.72158026423035,0.0,-78.72158026423035,-2488.3482863681024,0.0,-2488.3482863681024,-2567.069866632333,0.0,-2567.069866632333,
2022-06-26 23:00:00,0x594F56D21ad544F6B567F3A49DB0F9a7B501FF37,293.65252355190273,2373.4366445810483,2079.784121029146,0.23734366445810523,2079.784121029146,2079.784121029146,0.0,2079.784121029146,0.8745575912191984,0.8745575912191984,0.0,0.8745575912191984,,,,,-83.38346448306568,0.0,-83.38346448306568,-2488.3482863681024,0.0,-2488.3482863681024,-2571.7317508511683,0.0,-2571.7317508511683,
2022-06-27 23:00:00,0x594F56D21ad544F6B567F3A49DB0F9a7B501FF37,293.65252355190273,2371.5208231848283,2077.8682996329253,0.23715208231848323,2077.8682996329253,2077.8682996329253,0.0,2077.8682996329253,0.8754681968768979,0.8754681968768979,0.0,0.8754681968768979,,,,,-85.2992858792863,0.0,-85.2992858792863,-2488.3482863681024,0.0,-2488.3482863681024,-2573.647572247389,0.0,-2573.647572247389,
2022-06-28 23:00:00,0x594F56D21ad544F6B567F3A49DB0F9a7B501FF37,293.65252355190273,2366.182144479265,2072.529620927362,0.2366182144479269,2072.529620927362,2072.529620927362,0.0,2072.529620927362,0.8739242770569745,0.8739242770569745,0.0,0.8739242770569745,,,,,-90.63796458484963,0.0,-90.63796458484963,-2488.3482863681024,0.0,-2488.3482863681024,-2578.986250952952,0.0,-2578.986250952952,
2022-06-29 23:00:00,0x594F56D21ad544F6B567F3A49DB0F9a7B501FF37,293.65252355190273,2362.340722412573,2068.68819886067,0.23623407224125773,2068.68819886067,2068.68819886067,0.0,2068.68819886067,0.8742725929562513,0.8742725929562513,0.0,0.8742725929562513,,,,,-94.47938665154173,0.0,-94.47938665154173,-2488.3482863681024,0.0,-2488.3482863681024,-2582.827673019644,0.0,-2582.827673019644,
2022-06-30 23:00:00,0x594F56D21ad544F6B567F3A49DB0F9a7B501FF37,295.7471108746961,2359.0590433939715,2063.3119325192756,0.23590590433939757,2063.3119325192756,2063.3119325192756,0.0,2063.3119325192756,0.8734184332275701,0.8734184332275701,0.0,0.8734184332275701,,,,,-99.8556529929361,0.0,-99.8556529929361,-2486.253699045309,0.0,-2486.253699045309,-2586.109352038245,0.0,-2586.109352038245,
2022-07-01 23:00:00,0x594F56D21ad544F6B567F3A49DB0F9a7B501FF37,295.7471108746961,2359.2450025777243,2063.497891703028,0.23592450025777284,2063.497891703028,2063.497891703028,0.0,2063.497891703028,0.8747122703356672,0.8747122703356672,0.0,0.8747122703356672,,,,,-99.66969380918373,0.0,-99.66969380918373,-2486.253699045309,0.0,-2486.253699045309,-2585.9233928544927,0.0,-2585.9233928544927,
2022-07-02 23:00:00,0x594F56D21ad544F6B567F3A49DB0F9a7B501FF37,295.7471108746961,2359.0624384321472,2063.3153275574514,0.23590624384321515,2063.3153275574514,2063.3153275574514,0.0,2063.3153275574514,0.8745659417750431,0.8745659417750431,0.0,0.8745659417750431,,,,,-99.85225795476013,0.0,-99.85225795476013,-2486.253699045309,0.0,-2486.253699045309,-2586.1059570000693,0.0,-2586.1059570000693,
2022-07-03 23:00:00,0x594F56D21ad544F6B567F3A49DB0F9a7B501FF37,295.7471108746961,2359.4369984994937,2063.689887624798,0.2359436998499498,2063.689887624798,2063.689887624798,0.0,2063.689887624798,0.8747923980326453,0.8747923980326453,0.0,0.8747923980326453,,,,,-99.47769788741395,0.0,-99.47769788741395,-2486.253699045309,0.0,-2486.253699045309,-2585.731396932723,0.0,-2585.731396932723,
2022-07-04 23:00:00,0x594F56D21ad544F6B567F3A49DB0F9a7B501FF37,295.7471108746961,2368.57747461664,2072.830363741944,0.23685774746166444,2072.830363741944,2072.830363741944,0.0,2072.830363741944,0.8785275322291631,0.8785275322291631,0.0,0.8785275322291631,,,,,-90.33722177026775,0.0,-90.33722177026775,-2486.253699045309,0.0,-2486.253699045309,-2576.5909208155767,0.0,-2576.5909208155767,
2022-07-05 23:00:00,0x594F56D21ad544F6B567F3A49DB0F9a7B501FF37,269.12797177166266,2363.665740537025,2094.5377687653627,0.23636657405370298,2094.5377687653627,2094.5377687653627,0.0,2094.5377687653627,0.8843019876748464,0.8843019876748464,0.0,0.8843019876748464,26.60583618494097,26.60583618494097,0.011232833407421976,0.011232833407421976,-41.78579946336891,0.0,-41.78579946336891,-2539.7035525137303,0.0,-2539.7035525137303,-2581.4893519770994,0.0,-2581.4893519770994,
2022-07-06 23:00:00,0x594F56D21ad544F6B567F3A49DB0F9a7B501FF37,269.12797177166266,2370.018584278694,2100.8906125070316,0.2370018584278699,2100.8906125070316,2100.8906125070316,0.0,2100.8906125070316,0.8888272891029461,0.8888272891029461,0.0,0.8888272891029461,,,,,-35.432955721699706,0.0,-35.432955721699706,-2539.7035525137303,0.0,-2539.7035525137303,-2575.13650823543,0.0,-2575.13650823543,
2022-07-07 23:00:00,0x594F56D21ad544F6B567F3A49DB0F9a7B501FF37,269.12797177166266,2378.289424175198,2109.1614524035353,0.23782894241752026,2109.1614524035353,2109.1614524035353,0.0,2109.1614524035353,0.8899345627053176,0.8899345627053176,0.0,0.8899345627053176,,,,,-27.162115825196103,0.0,-27.162115825196103,-2539.7035525137303,0.0,-2539.7035525137303,-2566.8656683389263,0.0,-2566.8656683389263,
2022-07-08 23:00:00,0x594F56D21ad544F6B567F3A49DB0F9a7B501FF37,269.12797177166266,2378.410009499636,2109.2820377279736,0.2378410009499641,2109.2820377279736,2109.2820377279736,0.0,2109.2820377279736,0.8868903911724212,0.8868903911724212,0.0,0.8868903911724212,,,,,-27.041530500758146,0.0,-27.041530500758146,-2539.7035525137303,0.0,-2539.7035525137303,-2566.7450830144885,0.0,-2566.7450830144885,
2022-07-09 23:00:00,0x594F56D21ad544F6B567F3A49DB0F9a7B501FF37,269.12797177166266,2376.0784248563796,2106.950453084717,0.23760784248563846,2106.950453084717,2106.950453084717,0.0,2106.950453084717,0.8858651135293414,0.8858651135293414,0.0,0.8858651135293414,,,,,-29.37311514401405,0.0,-29.37311514401405,-2539.7035525137303,0.0,-2539.7035525137303,-2569.0766676577446,0.0,-2569.0766676577446,
2022-07-10 23:00:00,0x594F56D21ad544F6B567F3A49DB0F9a7B501FF37,269.12797177166266,2368.9459519652514,2099.817980193589,0.23689459519652564,2099.817980193589,2099.817980193589,0.0,2099.817980193589,0.8837326067301465,0.8837326067301465,0.0,0.8837326067301465,,,,,-36.505588035142345,0.0,-36.505588035142345,-2539.7035525137303,0.0,-2539.7035525137303,-2576.2091405488727,0.0,-2576.2091405488727,
2022-07-11 23:00:00,0x594F56D21ad544F6B567F3A49DB0F9a7B501FF37,269.12797177166266,2359.2699330890055,2090.141961317343,0.23592699330890105,2090.141961317343,2090.141961317343,0.0,2090.141961317343,0.8823088427084562,0.8823088427084562,0.0,0.8823088427084562,,,,,-46.18160691138853,0.0,-46.18160691138853,-2539.7035525137303,0.0,-2539.7035525137303,-2585.8851594251187,0.0,-2585.8851594251187,
2022-07-12 23:00:00,0x594F56D21ad544F6B567F3A49DB0F9a7B501FF37,269.12797177166266,2352.0934978107475,2082.965526039085,0.23520934978107524,2082.965526039085,2082.965526039085,0.0,2082.965526039085,0.8828856320445904,0.8828856320445904,0.0,0.8828856320445904,,,,,-53.35804218964632,0.0,-53.35804218964632,-2539.7035525137303,0.0,-2539.7035525137303,-2593.0615947033766,0.0,-2593.0615947033766,
2022-07-13 23:00:00,0x594F56D21ad544F6B567F3A49DB0F9a7B501FF37,269.12797177166266,2361.2661408927584,2092.138169121096,0.23612661408927635,2092.138169121096,2092.138169121096,0.0,2092.138169121096,0.8894791686930772,0.8894791686930772,0.0,0.8894791686930772,,,,,-44.18539910763578,0.0,-44.18539910763578,-2539.7035525137303,0.0,-2539.7035525137303,-2583.8889516213662,0.0,-2583.8889516213662,
2022-07-14 23:00:00,0x594F56D21ad544F6B567F3A49DB0F9a7B501FF37,269.12797177166266,2369.874695269828,2100.7467234981655,0.2369874695269833,2100.7467234981655,2100.7467234981655,0.0,2100.7467234981655,0.8896696086549166,0.8896696086549166,0.0,0.8896696086549166,,,,,-35.57684473056578,0.0,-35.57684473056578,-2539.7035525137303,0.0,-2539.7035525137303,-2575.280397244296,0.0,-2575.280397244296,
2022-07-15 23:00:00,0x594F56D21ad544F6B567F3A49DB0F9a7B501FF37,269.12797177166266,2374.6802893654444,2105.552317593782,0.23746802893654495,2105.552317593782,2105.552317593782,0.0,2105.552317593782,0.8884656736477998,0.8884656736477998,0.0,0.8884656736477998,,,,,-30.77125063494958,0.0,-30.77125063494958,-2539.7035525137303,0.0,-2539.7035525137303,-2570.4748031486797,0.0,-2570.4748031486797,
2022-07-16 23:00:00,0x594F56D21ad544F6B567F3A49DB0F9a7B501FF37,269.12797177166266,2386.310245188407,2117.1822734167445,0.23863102451884122,2117.1822734167445,2117.1822734167445,0.0,2117.1822734167445,0.891565185805493,0.891565185805493,0.0,0.891565185805493,,,,,-19.141294811986388,0.0,-19.141294811986388,-2539.7035525137303,0.0,-2539.7035525137303,-2558.8448473257167,0.0,-2558.8448473257167,
2022-07-17 23:00:00,0x594F56D21ad544F6B567F3A49DB0F9a7B501FF37,269.12797177166266,2384.1798840046977,2115.051912233035,0.2384179884004703,2115.051912233035,2115.051912233035,0.0,2115.051912233035,0.8863272981782991,0.8863272981782991,0.0,0.8863272981782991,,,,,-21.271655995696285,0.0,-21.271655995696285,-2539.7035525137303,0.0,-2539.7035525137303,-2560.9752085094265,0.0,-2560.9752085094265,
2022-07-18 21:00:00,0x594F56D21ad544F6B567F3A49DB0F9a7B501FF37,273.1724989449304,2383.886711478133,2110.7142125332025,0.23838867114781379,2349.1322009336723,2229.9232067334374,-119.20899420023488,2110.7142125332025,0.9852998998497731,0.9352998998497731,-0.05,0.8852998998497731,234.25633306067166,-4.161655339798102,0.09825447091147846,-0.0017455290885215365,28.96171391683714,0.0,28.96171391683714,-2590.112966786298,0.0,-2590.112966786298,-2561.1512528694607,0.0,-2561.1512528694607,
