eth_cust_address_x,address_x,chain_x,symbol_x,target_position_value_x,date_time_x,trade_id_x,date_x,delayed_trade_date_time_x,delayed_trade_date_closing_time_x,delayed_trade_date_x,timestamp_x,vwap_x,max_time_stamp_x,date_time_adj_x,ticker_date_time_rank_x,dta_rank_x,symbol_appearance_rank_x,dta_rank_prev_x,user_id_x,cash_x,usd_value_x,usd_value_prev_x,positions_usd_x,inception_return_x,gross_exposure_usd_x,long_exposure_usd_x,short_exposure_usd_x,net_exposure_usd_x,gross_exposure_percent_x,long_exposure_percent_x,short_exposure_percent_x,net_exposure_percent_x,gross_traded_usd_x,net_traded_usd_x,gross_traded_percent_x,net_traded_percent_x,unrealized_long_pnl_x,unrealized_short_pnl_x,unrealized_pnl_x,realized_long_pnl_x,realized_short_pnl_x,realized_pnl_x,total_long_pnl_x,total_short_pnl_x,total_pnl_x,eth_cust_address_y,address_y,chain_y,symbol_y,target_position_value_y,date_time_y,trade_id_y,date_y,delayed_trade_date_time_y,delayed_trade_date_closing_time_y,delayed_trade_date_y,timestamp_y,vwap_y,max_time_stamp_y,date_time_adj_y,ticker_date_time_rank_y,dta_rank_y,symbol_appearance_rank_y,dta_rank_prev_y,user_id_y,cash_y,usd_value_y,usd_value_prev_y,positions_usd_y,inception_return_y,gross_exposure_usd_y,long_exposure_usd_y,short_exposure_usd_y,net_exposure_usd_y,gross_exposure_percent_y,long_exposure_percent_y,short_exposure_percent_y,net_exposure_percent_y,gross_traded_usd_y,net_traded_usd_y,gross_traded_percent_y,net_traded_percent_y,unrealized_long_pnl_y,unrealized_short_pnl_y,unrealized_pnl_y,realized_long_pnl_y,realized_short_pnl_y,realized_pnl_y,total_long_pnl_y,total_short_pnl_y,total_pnl_y
0x594F56D21ad544F6B567F3A49DB0F9a7B501FF37,0xf920E5d642E4077733026B5156361bE25ac3fC36,SKL,CASH,1,2021-12-30 00:23:42,0,2021-12-30,2021-12-30 14:30:00,2021-12-30 21:00:00,2021-12-30,2021-12-30 15:00:00+00:00,1.0,2021-12-30 15:00:00+00:00,2021-12-30 15:00:00+00:00,1,0.0,1.0,-1.0,0x594F56D21ad544F6B567F3A49DB0F9a7B501FF37,10000.0,10000.0,0.0,0.0,0.0,0.0,0.0,0.0,0.0,0.0,0.0,0.0,0.0,0.0,0.0,0.0,0.0,0.0,0.0,0.0,0.0,0.0,0.0,0.0,0.0,0.0,,,,,,,,,,,,,,,,,,,,,,,,,,,,,,,,,,,,,,,,,,,,,,
0x594F56D21ad544F6B567F3A49DB0F9a7B501FF37,0xf920E5d642E4077733026B5156361bE25ac3fC36,SKL,FB,0.291,2021-12-31 00:23:42,1,2021-12-31,2021-12-31 14:30:00,2021-12-31 21:00:00,2021-12-31,2021-12-31 15:00:00+00:00,341.390696,2021-12-31 23:00:00+00:00,2021-12-31 15:00:00+00:00,1,1.0,1.0,0.0,,,,,,,,,,,,,,,,,,,,,,,,,,,,0x594F56D21ad544F6B567F3A49DB0F9a7B501FF37,0xf920E5d642E4077733026B5156361bE25ac3fC36,SKL,CASH,1,2021-12-30 00:23:42,0.0,2021-12-30,2021-12-30 14:30:00,2021-12-30 21:00:00,2021-12-30,2021-12-30 15:00:00+00:00,1.0,2021-12-30 15:00:00+00:00,2021-12-30 15:00:00+00:00,1.0,0.0,1.0,-1.0,0x594F56D21ad544F6B567F3A49DB0F9a7B501FF37,10000.0,10000.0,0.0,0.0,0.0,0.0,0.0,0.0,0.0,0.0,0.0,0.0,0.0,0.0,0.0,0.0,0.0,0.0,0.0,0.0,0.0,0.0,0.0,0.0,0.0,0.0
0x594F56D21ad544F6B567F3A49DB0F9a7B501FF37,0xf920E5d642E4077733026B5156361bE25ac3fC36,SKL,ETHUSD,0.254,2021-12-31 00:23:42,2,2021-12-31,2021-12-31 14:30:00,2021-12-31 21:00:00,2021-12-31,2021-12-31 15:00:00+00:00,3791.079163,2021-12-31 23:00:00+00:00,2021-12-31 15:00:00+00:00,1,1.0,1.0,0.0,,,,,,,,,,,,,,,,,,,,,,,,,,,,0x594F56D21ad544F6B567F3A49DB0F9a7B501FF37,0xf920E5d642E4077733026B5156361bE25ac3fC36,SKL,CASH,1,2021-12-30 00:23:42,0.0,2021-12-30,2021-12-30 14:30:00,2021-12-30 21:00:00,2021-12-30,2021-12-30 15:00:00+00:00,1.0,2021-12-30 15:00:00+00:00,2021-12-30 15:00:00+00:00,1.0,0.0,1.0,-1.0,0x594F56D21ad544F6B567F3A49DB0F9a7B501FF37,10000.0,10000.0,0.0,0.0,0.0,0.0,0.0,0.0,0.0,0.0,0.0,0.0,0.0,0.0,0.0,0.0,0.0,0.0,0.0,0.0,0.0,0.0,0.0,0.0,0.0,0.0
0x594F56D21ad544F6B567F3A49DB0F9a7B501FF37,0xf920E5d642E4077733026B5156361bE25ac3fC36,SKL,BTCUSD,0.093,2021-12-31 00:23:42,3,2021-12-31,2021-12-31 14:30:00,2021-12-31 21:00:00,2021-12-31,2021-12-31 15:00:00+00:00,47938.475093,2021-12-31 23:00:00+00:00,2021-12-31 15:00:00+00:00,1,1.0,1.0,0.0,,,,,,,,,,,,,,,,,,,,,,,,,,,,0x594F56D21ad544F6B567F3A49DB0F9a7B501FF37,0xf920E5d642E4077733026B5156361bE25ac3fC36,SKL,CASH,1,2021-12-30 00:23:42,0.0,2021-12-30,2021-12-30 14:30:00,2021-12-30 21:00:00,2021-12-30,2021-12-30 15:00:00+00:00,1.0,2021-12-30 15:00:00+00:00,2021-12-30 15:00:00+00:00,1.0,0.0,1.0,-1.0,0x594F56D21ad544F6B567F3A49DB0F9a7B501FF37,10000.0,10000.0,0.0,0.0,0.0,0.0,0.0,0.0,0.0,0.0,0.0,0.0,0.0,0.0,0.0,0.0,0.0,0.0,0.0,0.0,0.0,0.0,0.0,0.0,0.0,0.0
0x594F56D21ad544F6B567F3A49DB0F9a7B501FF37,0xf920E5d642E4077733026B5156361bE25ac3fC36,SKL,ABNB,0.060,2021-12-31 00:23:42,4,2021-12-31,2021-12-31 14:30:00,2021-12-31 21:00:00,2021-12-31,2021-12-31 15:00:00+00:00,167.858896,2021-12-31 21:00:00+00:00,2021-12-31 15:00:00+00:00,1,1.0,1.0,0.0,,,,,,,,,,,,,,,,,,,,,,,,,,,,0x594F56D21ad544F6B567F3A49DB0F9a7B501FF37,0xf920E5d642E4077733026B5156361bE25ac3fC36,SKL,CASH,1,2021-12-30 00:23:42,0.0,2021-12-30,2021-12-30 14:30:00,2021-12-30 21:00:00,2021-12-30,2021-12-30 15:00:00+00:00,1.0,2021-12-30 15:00:00+00:00,2021-12-30 15:00:00+00:00,1.0,0.0,1.0,-1.0,0x594F56D21ad544F6B567F3A49DB0F9a7B501FF37,10000.0,10000.0,0.0,0.0,0.0,0.0,0.0,0.0,0.0,0.0,0.0,0.0,0.0,0.0,0.0,0.0,0.0,0.0,0.0,0.0,0.0,0.0,0.0,0.0,0.0,0.0
0x594F56D21ad544F6B567F3A49DB0F9a7B501FF37,0xf920E5d642E4077733026B5156361bE25ac3fC36,SKL,UBER,0.044,2021-12-31 00:23:42,5,2021-12-31,2021-12-31 14:30:00,2021-12-31 21:00:00,2021-12-31,2021-12-31 15:00:00+00:00,42.739807,2021-12-31 23:00:00+00:00,2021-12-31 15:00:00+00:00,1,1.0,1.0,0.0,,,,,,,,,,,,,,,,,,,,,,,,,,,,0x594F56D21ad544F6B567F3A49DB0F9a7B501FF37,0xf920E5d642E4077733026B5156361bE25ac3fC36,SKL,CASH,1,2021-12-30 00:23:42,0.0,2021-12-30,2021-12-30 14:30:00,2021-12-30 21:00:00,2021-12-30,2021-12-30 15:00:00+00:00,1.0,2021-12-30 15:00:00+00:00,2021-12-30 15:00:00+00:00,1.0,0.0,1.0,-1.0,0x594F56D21ad544F6B567F3A49DB0F9a7B501FF37,10000.0,10000.0,0.0,0.0,0.0,0.0,0.0,0.0,0.0,0.0,0.0,0.0,0.0,0.0,0.0,0.0,0.0,0.0,0.0,0.0,0.0,0.0,0.0,0.0,0.0,0.0
0x594F56D21ad544F6B567F3A49DB0F9a7B501FF37,0xf920E5d642E4077733026B5156361bE25ac3fC36,SKL,SKLUSD,0.036,2021-12-31 00:23:42,6,2021-12-31,2021-12-31 14:30:00,2021-12-31 21:00:00,2021-12-31,2021-12-31 15:00:00+00:00,0.0,,2021-12-31 15:00:00+00:00,1,1.0,1.0,0.0,,,,,,,,,,,,,,,,,,,,,,,,,,,,0x594F56D21ad544F6B567F3A49DB0F9a7B501FF37,0xf920E5d642E4077733026B5156361bE25ac3fC36,SKL,CASH,1,2021-12-30 00:23:42,0.0,2021-12-30,2021-12-30 14:30:00,2021-12-30 21:00:00,2021-12-30,2021-12-30 15:00:00+00:00,1.0,2021-12-30 15:00:00+00:00,2021-12-30 15:00:00+00:00,1.0,0.0,1.0,-1.0,0x594F56D21ad544F6B567F3A49DB0F9a7B501FF37,10000.0,10000.0,0.0,0.0,0.0,0.0,0.0,0.0,0.0,0.0,0.0,0.0,0.0,0.0,0.0,0.0,0.0,0.0,0.0,0.0,0.0,0.0,0.0,0.0,0.0,0.0
0x594F56D21ad544F6B567F3A49DB0F9a7B501FF37,0xf920E5d642E4077733026B5156361bE25ac3fC36,SKL,FNV,0.028,2021-12-31 00:23:42,7,2021-12-31,2021-12-31 14:30:00,2021-12-31 21:00:00,2021-12-31,2021-12-31 15:00:00+00:00,137.915748,2021-12-31 21:00:00+00:00,2021-12-31 15:00:00+00:00,1,1.0,1.0,0.0,,,,,,,,,,,,,,,,,,,,,,,,,,,,0x594F56D21ad544F6B567F3A49DB0F9a7B501FF37,0xf920E5d642E4077733026B5156361bE25ac3fC36,SKL,CASH,1,2021-12-30 00:23:42,0.0,2021-12-30,2021-12-30 14:30:00,2021-12-30 21:00:00,2021-12-30,2021-12-30 15:00:00+00:00,1.0,2021-12-30 15:00:00+00:00,2021-12-30 15:00:00+00:00,1.0,0.0,1.0,-1.0,0x594F56D21ad544F6B567F3A49DB0F9a7B501FF37,10000.0,10000.0,0.0,0.0,0.0,0.0,0.0,0.0,0.0,0.0,0.0,0.0,0.0,0.0,0.0,0.0,0.0,0.0,0.0,0.0,0.0,0.0,0.0,0.0,0.0,0.0
0x594F56D21ad544F6B567F3A49DB0F9a7B501FF37,0xf920E5d642E4077733026B5156361bE25ac3fC36,SKL,WE,0.020,2021-12-31 00:23:42,8,2021-12-31,2021-12-31 14:30:00,2021-12-31 21:00:00,2021-12-31,2021-12-31 15:00:00+00:00,8.917039,2021-12-31 22:00:00+00:00,2021-12-31 15:00:00+00:00,1,1.0,1.0,0.0,,,,,,,,,,,,,,,,,,,,,,,,,,,,0x594F56D21ad544F6B567F3A49DB0F9a7B501FF37,0xf920E5d642E4077733026B5156361bE25ac3fC36,SKL,CASH,1,2021-12-30 00:23:42,0.0,2021-12-30,2021-12-30 14:30:00,2021-12-30 21:00:00,2021-12-30,2021-12-30 15:00:00+00:00,1.0,2021-12-30 15:00:00+00:00,2021-12-30 15:00:00+00:00,1.0,0.0,1.0,-1.0,0x594F56D21ad544F6B567F3A49DB0F9a7B501FF37,10000.0,10000.0,0.0,0.0,0.0,0.0,0.0,0.0,0.0,0.0,0.0,0.0,0.0,0.0,0.0,0.0,0.0,0.0,0.0,0.0,0.0,0.0,0.0,0.0,0.0,0.0
0x594F56D21ad544F6B567F3A49DB0F9a7B501FF37,0xf920E5d642E4077733026B5156361bE25ac3fC36,SKL,COIN,0.019,2021-12-31 00:23:42,9,2021-12-31,2021-12-31 14:30:00,2021-12-31 21:00:00,2021-12-31,2021-12-31 15:00:00+00:00,256.382755,2021-12-31 23:00:00+00:00,2021-12-31 15:00:00+00:00,1,1.0,1.0,0.0,,,,,,,,,,,,,,,,,,,,,,,,,,,,0x594F56D21ad544F6B567F3A49DB0F9a7B501FF37,0xf920E5d642E4077733026B5156361bE25ac3fC36,SKL,CASH,1,2021-12-30 00:23:42,0.0,2021-12-30,2021-12-30 14:30:00,2021-12-30 21:00:00,2021-12-30,2021-12-30 15:00:00+00:00,1.0,2021-12-30 15:00:00+00:00,2021-12-30 15:00:00+00:00,1.0,0.0,1.0,-1.0,0x594F56D21ad544F6B567F3A49DB0F9a7B501FF37,10000.0,10000.0,0.0,0.0,0.0,0.0,0.0,0.0,0.0,0.0,0.0,0.0,0.0,0.0,0.0,0.0,0.0,0.0,0.0,0.0,0.0,0.0,0.0,0.0,0.0,0.0
0x594F56D21ad544F6B567F3A49DB0F9a7B501FF37,0xf920E5d642E4077733026B5156361bE25ac3fC36,SKL,CRM,0.017,2021-12-31 00:23:42,10,2021-12-31,2021-12-31 14:30:00,2021-12-31 21:00:00,2021-12-31,2021-12-31 15:00:00+00:00,255.34476,2021-12-31 23:00:00+00:00,2021-12-31 15:00:00+00:00,1,1.0,1.0,0.0,,,,,,,,,,,,,,,,,,,,,,,,,,,,0x594F56D21ad544F6B567F3A49DB0F9a7B501FF37,0xf920E5d642E4077733026B5156361bE25ac3fC36,SKL,CASH,1,2021-12-30 00:23:42,0.0,2021-12-30,2021-12-30 14:30:00,2021-12-30 21:00:00,2021-12-30,2021-12-30 15:00:00+00:00,1.0,2021-12-30 15:00:00+00:00,2021-12-30 15:00:00+00:00,1.0,0.0,1.0,-1.0,0x594F56D21ad544F6B567F3A49DB0F9a7B501FF37,10000.0,10000.0,0.0,0.0,0.0,0.0,0.0,0.0,0.0,0.0,0.0,0.0,0.0,0.0,0.0,0.0,0.0,0.0,0.0,0.0,0.0,0.0,0.0,0.0,0.0,0.0
0x594F56D21ad544F6B567F3A49DB0F9a7B501FF37,0xf920E5d642E4077733026B5156361bE25ac3fC36,SKL,BKNG,0.017,2021-12-31 00:23:42,11,2021-12-31,2021-12-31 14:30:00,2021-12-31 21:00:00,2021-12-31,2021-12-31 15:00:00+00:00,2389.214088,2021-12-31 21:00:00+00:00,2021-12-31 15:00:00+00:00,1,1.0,1.0,0.0,,,,,,,,,,,,,,,,,,,,,,,,,,,,0x594F56D21ad544F6B567F3A49DB0F9a7B501FF37,0xf920E5d642E4077733026B5156361bE25ac3fC36,SKL,CASH,1,2021-12-30 00:23:42,0.0,2021-12-30,2021-12-30 14:30:00,2021-12-30 21:00:00,2021-12-30,2021-12-30 15:00:00+00:00,1.0,2021-12-30 15:00:00+00:00,2021-12-30 15:00:00+00:00,1.0,0.0,1.0,-1.0,0x594F56D21ad544F6B567F3A49DB0F9a7B501FF37,10000.0,10000.0,0.0,0.0,0.0,0.0,0.0,0.0,0.0,0.0,0.0,0.0,0.0,0.0,0.0,0.0,0.0,0.0,0.0,0.0,0.0,0.0,0.0,0.0,0.0,0.0
0x594F56D21ad544F6B567F3A49DB0F9a7B501FF37,0xf920E5d642E4077733026B5156361bE25ac3fC36,SKL,MELI,0.016,2021-12-31 00:23:42,12,2021-12-31,2021-12-31 14:30:00,2021-12-31 21:00:00,2021-12-31,2021-12-31 15:00:00+00:00,1351.570836,2021-12-31 22:00:00+00:00,2021-12-31 15:00:00+00:00,1,1.0,1.0,0.0,,,,,,,,,,,,,,,,,,,,,,,,,,,,0x594F56D21ad544F6B567F3A49DB0F9a7B501FF37,0xf920E5d642E4077733026B5156361bE25ac3fC36,SKL,CASH,1,2021-12-30 00:23:42,0.0,2021-12-30,2021-12-30 14:30:00,2021-12-30 21:00:00,2021-12-30,2021-12-30 15:00:00+00:00,1.0,2021-12-30 15:00:00+00:00,2021-12-30 15:00:00+00:00,1.0,0.0,1.0,-1.0,0x594F56D21ad544F6B567F3A49DB0F9a7B501FF37,10000.0,10000.0,0.0,0.0,0.0,0.0,0.0,0.0,0.0,0.0,0.0,0.0,0.0,0.0,0.0,0.0,0.0,0.0,0.0,0.0,0.0,0.0,0.0,0.0,0.0,0.0
0x594F56D21ad544F6B567F3A49DB0F9a7B501FF37,0xf920E5d642E4077733026B5156361bE25ac3fC36,SKL,GLD,0.011,2021-12-31 00:23:42,13,2021-12-31,2021-12-31 14:30:00,2021-12-31 21:00:00,2021-12-31,2021-12-31 15:00:00+00:00,170.203592,2021-12-31 23:00:00+00:00,2021-12-31 15:00:00+00:00,1,1.0,1.0,0.0,,,,,,,,,,,,,,,,,,,,,,,,,,,,0x594F56D21ad544F6B567F3A49DB0F9a7B501FF37,0xf920E5d642E4077733026B5156361bE25ac3fC36,SKL,CASH,1,2021-12-30 00:23:42,0.0,2021-12-30,2021-12-30 14:30:00,2021-12-30 21:00:00,2021-12-30,2021-12-30 15:00:00+00:00,1.0,2021-12-30 15:00:00+00:00,2021-12-30 15:00:00+00:00,1.0,0.0,1.0,-1.0,0x594F56D21ad544F6B567F3A49DB0F9a7B501FF37,10000.0,10000.0,0.0,0.0,0.0,0.0,0.0,0.0,0.0,0.0,0.0,0.0,0.0,0.0,0.0,0.0,0.0,0.0,0.0,0.0,0.0,0.0,0.0,0.0,0.0,0.0
0x594F56D21ad544F6B567F3A49DB0F9a7B501FF37,0xf920E5d642E4077733026B5156361bE25ac3fC36,SKL,MSFT,0.011,2021-12-31 00:23:42,14,2021-12-31,2021-12-31 14:30:00,2021-12-31 21:00:00,2021-12-31,2021-12-31 15:00:00+00:00,337.141874,2021-12-31 23:00:00+00:00,2021-12-31 15:00:00+00:00,1,1.0,1.0,0.0,,,,,,,,,,,,,,,,,,,,,,,,,,,,0x594F56D21ad544F6B567F3A49DB0F9a7B501FF37,0xf920E5d642E4077733026B5156361bE25ac3fC36,SKL,CASH,1,2021-12-30 00:23:42,0.0,2021-12-30,2021-12-30 14:30:00,2021-12-30 21:00:00,2021-12-30,2021-12-30 15:00:00+00:00,1.0,2021-12-30 15:00:00+00:00,2021-12-30 15:00:00+00:00,1.0,0.0,1.0,-1.0,0x594F56D21ad544F6B567F3A49DB0F9a7B501FF37,10000.0,10000.0,0.0,0.0,0.0,0.0,0.0,0.0,0.0,0.0,0.0,0.0,0.0,0.0,0.0,0.0,0.0,0.0,0.0,0.0,0.0,0.0,0.0,0.0,0.0,0.0
0x594F56D21ad544F6B567F3A49DB0F9a7B501FF37,0xf920E5d642E4077733026B5156361bE25ac3fC36,SKL,GRUB,0.007,2021-12-31 00:23:42,15,2021-12-31,2021-12-31 14:30:00,2021-12-31 21:00:00,2021-12-31,2021-12-31 15:00:00+00:00,10.696562,2021-12-31 23:00:00+00:00,2021-12-31 15:00:00+00:00,1,1.0,1.0,0.0,,,,,,,,,,,,,,,,,,,,,,,,,,,,0x594F56D21ad544F6B567F3A49DB0F9a7B501FF37,0xf920E5d642E4077733026B5156361bE25ac3fC36,SKL,CASH,1,2021-12-30 00:23:42,0.0,2021-12-30,2021-12-30 14:30:00,2021-12-30 21:00:00,2021-12-30,2021-12-30 15:00:00+00:00,1.0,2021-12-30 15:00:00+00:00,2021-12-30 15:00:00+00:00,1.0,0.0,1.0,-1.0,0x594F56D21ad544F6B567F3A49DB0F9a7B501FF37,10000.0,10000.0,0.0,0.0,0.0,0.0,0.0,0.0,0.0,0.0,0.0,0.0,0.0,0.0,0.0,0.0,0.0,0.0,0.0,0.0,0.0,0.0,0.0,0.0,0.0,0.0
0x594F56D21ad544F6B567F3A49DB0F9a7B501FF37,0xf920E5d642E4077733026B5156361bE25ac3fC36,SKL,ETHUSD,0.2,2022-01-18 23:48:26,16,2022-01-18,2022-01-18 14:30:00,2022-01-18 21:00:00,2022-01-18,2022-01-18 23:00:00+00:00,3167.147131,2022-01-18 23:00:00+00:00,2022-01-18 23:00:00+00:00,1,2.0,2.0,1.0,,,,,,,,,,,,,,,,,,,,,,,,,,,,0x594F56D21ad544F6B567F3A49DB0F9a7B501FF37,0xf920E5d642E4077733026B5156361bE25ac3fC36,SKL,FB,0.291,2021-12-31 00:23:42,1.0,2021-12-31,2021-12-31 14:30:00,2021-12-31 21:00:00,2021-12-31,2021-12-31 15:00:00+00:00,341.390696,2021-12-31 23:00:00+00:00,2021-12-31 15:00:00+00:00,1.0,1.0,1.0,0.0,,,,,,,,,,,,,,,,,,,,,,,,,,,
0x594F56D21ad544F6B567F3A49DB0F9a7B501FF37,0xf920E5d642E4077733026B5156361bE25ac3fC36,SKL,ETHUSD,0.2,2022-01-18 23:48:26,16,2022-01-18,2022-01-18 14:30:00,2022-01-18 21:00:00,2022-01-18,2022-01-18 23:00:00+00:00,3167.147131,2022-01-18 23:00:00+00:00,2022-01-18 23:00:00+00:00,1,2.0,2.0,1.0,,,,,,,,,,,,,,,,,,,,,,,,,,,,0x594F56D21ad544F6B567F3A49DB0F9a7B501FF37,0xf920E5d642E4077733026B5156361bE25ac3fC36,SKL,ETHUSD,0.254,2021-12-31 00:23:42,2.0,2021-12-31,2021-12-31 14:30:00,2021-12-31 21:00:00,2021-12-31,2021-12-31 15:00:00+00:00,3791.079163,2021-12-31 23:00:00+00:00,2021-12-31 15:00:00+00:00,1.0,1.0,1.0,0.0,,,,,,,,,,,,,,,,,,,,,,,,,,,
0x594F56D21ad544F6B567F3A49DB0F9a7B501FF37,0xf920E5d642E4077733026B5156361bE25ac3fC36,SKL,ETHUSD,0.2,2022-01-18 23:48:26,16,2022-01-18,2022-01-18 14:30:00,2022-01-18 21:00:00,2022-01-18,2022-01-18 23:00:00+00:00,3167.147131,2022-01-18 23:00:00+00:00,2022-01-18 23:00:00+00:00,1,2.0,2.0,1.0,,,,,,,,,,,,,,,,,,,,,,,,,,,,0x594F56D21ad544F6B567F3A49DB0F9a7B501FF37,0xf920E5d642E4077733026B5156361bE25ac3fC36,SKL,BTCUSD,0.093,2021-12-31 00:23:42,3.0,2021-12-31,2021-12-31 14:30:00,2021-12-31 21:00:00,2021-12-31,2021-12-31 15:00:00+00:00,47938.475093,2021-12-31 23:00:00+00:00,2021-12-31 15:00:00+00:00,1.0,1.0,1.0,0.0,,,,,,,,,,,,,,,,,,,,,,,,,,,
0x594F56D21ad544F6B567F3A49DB0F9a7B501FF37,0xf920E5d642E4077733026B5156361bE25ac3fC36,SKL,ETHUSD,0.2,2022-01-18 23:48:26,16,2022-01-18,2022-01-18 14:30:00,2022-01-18 21:00:00,2022-01-18,2022-01-18 23:00:00+00:00,3167.147131,2022-01-18 23:00:00+00:00,2022-01-18 23:00:00+00:00,1,2.0,2.0,1.0,,,,,,,,,,,,,,,,,,,,,,,,,,,,0x594F56D21ad544F6B567F3A49DB0F9a7B501FF37,0xf920E5d642E4077733026B5156361bE25ac3fC36,SKL,ABNB,0.060,2021-12-31 00:23:42,4.0,2021-12-31,2021-12-31 14:30:00,2021-12-31 21:00:00,2021-12-31,2021-12-31 15:00:00+00:00,167.858896,2021-12-31 21:00:00+00:00,2021-12-31 15:00:00+00:00,1.0,1.0,1.0,0.0,,,,,,,,,,,,,,,,,,,,,,,,,,,
0x594F56D21ad544F6B567F3A49DB0F9a7B501FF37,0xf920E5d642E4077733026B5156361bE25ac3fC36,SKL,ETHUSD,0.2,2022-01-18 23:48:26,16,2022-01-18,2022-01-18 14:30:00,2022-01-18 21:00:00,2022-01-18,2022-01-18 23:00:00+00:00,3167.147131,2022-01-18 23:00:00+00:00,2022-01-18 23:00:00+00:00,1,2.0,2.0,1.0,,,,,,,,,,,,,,,,,,,,,,,,,,,,0x594F56D21ad544F6B567F3A49DB0F9a7B501FF37,0xf920E5d642E4077733026B5156361bE25ac3fC36,SKL,UBER,0.044,2021-12-31 00:23:42,5.0,2021-12-31,2021-12-31 14:30:00,2021-12-31 21:00:00,2021-12-31,2021-12-31 15:00:00+00:00,42.739807,2021-12-31 23:00:00+00:00,2021-12-31 15:00:00+00:00,1.0,1.0,1.0,0.0,,,,,,,,,,,,,,,,,,,,,,,,,,,
0x594F56D21ad544F6B567F3A49DB0F9a7B501FF37,0xf920E5d642E4077733026B5156361bE25ac3fC36,SKL,ETHUSD,0.2,2022-01-18 23:48:26,16,2022-01-18,2022-01-18 14:30:00,2022-01-18 21:00:00,2022-01-18,2022-01-18 23:00:00+00:00,3167.147131,2022-01-18 23:00:00+00:00,2022-01-18 23:00:00+00:00,1,2.0,2.0,1.0,,,,,,,,,,,,,,,,,,,,,,,,,,,,0x594F56D21ad544F6B567F3A49DB0F9a7B501FF37,0xf920E5d642E4077733026B5156361bE25ac3fC36,SKL,SKLUSD,0.036,2021-12-31 00:23:42,6.0,2021-12-31,2021-12-31 14:30:00,2021-12-31 21:00:00,2021-12-31,2021-12-31 15:00:00+00:00,0.0,,2021-12-31 15:00:00+00:00,1.0,1.0,1.0,0.0,,,,,,,,,,,,,,,,,,,,,,,,,,,
0x594F56D21ad544F6B567F3A49DB0F9a7B501FF37,0xf920E5d642E4077733026B5156361bE25ac3fC36,SKL,ETHUSD,0.2,2022-01-18 23:48:26,16,2022-01-18,2022-01-18 14:30:00,2022-01-18 21:00:00,2022-01-18,2022-01-18 23:00:00+00:00,3167.147131,2022-01-18 23:00:00+00:00,2022-01-18 23:00:00+00:00,1,2.0,2.0,1.0,,,,,,,,,,,,,,,,,,,,,,,,,,,,0x594F56D21ad544F6B567F3A49DB0F9a7B501FF37,0xf920E5d642E4077733026B5156361bE25ac3fC36,SKL,FNV,0.028,2021-12-31 00:23:42,7.0,2021-12-31,2021-12-31 14:30:00,2021-12-31 21:00:00,2021-12-31,2021-12-31 15:00:00+00:00,137.915748,2021-12-31 21:00:00+00:00,2021-12-31 15:00:00+00:00,1.0,1.0,1.0,0.0,,,,,,,,,,,,,,,,,,,,,,,,,,,
0x594F56D21ad544F6B567F3A49DB0F9a7B501FF37,0xf920E5d642E4077733026B5156361bE25ac3fC36,SKL,ETHUSD,0.2,2022-01-18 23:48:26,16,2022-01-18,2022-01-18 14:30:00,2022-01-18 21:00:00,2022-01-18,2022-01-18 23:00:00+00:00,3167.147131,2022-01-18 23:00:00+00:00,2022-01-18 23:00:00+00:00,1,2.0,2.0,1.0,,,,,,,,,,,,,,,,,,,,,,,,,,,,0x594F56D21ad544F6B567F3A49DB0F9a7B501FF37,0xf920E5d642E4077733026B5156361bE25ac3fC36,SKL,WE,0.020,2021-12-31 00:23:42,8.0,2021-12-31,2021-12-31 14:30:00,2021-12-31 21:00:00,2021-12-31,2021-12-31 15:00:00+00:00,8.917039,2021-12-31 22:00:00+00:00,2021-12-31 15:00:00+00:00,1.0,1.0,1.0,0.0,,,,,,,,,,,,,,,,,,,,,,,,,,,
0x594F56D21ad544F6B567F3A49DB0F9a7B501FF37,0xf920E5d642E4077733026B5156361bE25ac3fC36,SKL,ETHUSD,0.2,2022-01-18 23:48:26,16,2022-01-18,2022-01-18 14:30:00,2022-01-18 21:00:00,2022-01-18,2022-01-18 23:00:00+00:00,3167.147131,2022-01-18 23:00:00+00:00,2022-01-18 23:00:00+00:00,1,2.0,2.0,1.0,,,,,,,,,,,,,,,,,,,,,,,,,,,,0x594F56D21ad544F6B567F3A49DB0F9a7B501FF37,0xf920E5d642E4077733026B5156361bE25ac3fC36,SKL,COIN,0.019,2021-12-31 00:23:42,9.0,2021-12-31,2021-12-31 14:30:00,2021-12-31 21:00:00,2021-12-31,2021-12-31 15:00:00+00:00,256.382755,2021-12-31 23:00:00+00:00,2021-12-31 15:00:00+00:00,1.0,1.0,1.0,0.0,,,,,,,,,,,,,,,,,,,,,,,,,,,
0x594F56D21ad544F6B567F3A49DB0F9a7B501FF37,0xf920E5d642E4077733026B5156361bE25ac3fC36,SKL,ETHUSD,0.2,2022-01-18 23:48:26,16,2022-01-18,2022-01-18 14:30:00,2022-01-18 21:00:00,2022-01-18,2022-01-18 23:00:00+00:00,3167.147131,2022-01-18 23:00:00+00:00,2022-01-18 23:00:00+00:00,1,2.0,2.0,1.0,,,,,,,,,,,,,,,,,,,,,,,,,,,,0x594F56D21ad544F6B567F3A49DB0F9a7B501FF37,0xf920E5d642E4077733026B5156361bE25ac3fC36,SKL,CRM,0.017,2021-12-31 00:23:42,10.0,2021-12-31,2021-12-31 14:30:00,2021-12-31 21:00:00,2021-12-31,2021-12-31 15:00:00+00:00,255.34476,2021-12-31 23:00:00+00:00,2021-12-31 15:00:00+00:00,1.0,1.0,1.0,0.0,,,,,,,,,,,,,,,,,,,,,,,,,,,
0x594F56D21ad544F6B567F3A49DB0F9a7B501FF37,0xf920E5d642E4077733026B5156361bE25ac3fC36,SKL,ETHUSD,0.2,2022-01-18 23:48:26,16,2022-01-18,2022-01-18 14:30:00,2022-01-18 21:00:00,2022-01-18,2022-01-18 23:00:00+00:00,3167.147131,2022-01-18 23:00:00+00:00,2022-01-18 23:00:00+00:00,1,2.0,2.0,1.0,,,,,,,,,,,,,,,,,,,,,,,,,,,,0x594F56D21ad544F6B567F3A49DB0F9a7B501FF37,0xf920E5d642E4077733026B5156361bE25ac3fC36,SKL,BKNG,0.017,2021-12-31 00:23:42,11.0,2021-12-31,2021-12-31 14:30:00,2021-12-31 21:00:00,2021-12-31,2021-12-31 15:00:00+00:00,2389.214088,2021-12-31 21:00:00+00:00,2021-12-31 15:00:00+00:00,1.0,1.0,1.0,0.0,,,,,,,,,,,,,,,,,,,,,,,,,,,
0x594F56D21ad544F6B567F3A49DB0F9a7B501FF37,0xf920E5d642E4077733026B5156361bE25ac3fC36,SKL,ETHUSD,0.2,2022-01-18 23:48:26,16,2022-01-18,2022-01-18 14:30:00,2022-01-18 21:00:00,2022-01-18,2022-01-18 23:00:00+00:00,3167.147131,2022-01-18 23:00:00+00:00,2022-01-18 23:00:00+00:00,1,2.0,2.0,1.0,,,,,,,,,,,,,,,,,,,,,,,,,,,,0x594F56D21ad544F6B567F3A49DB0F9a7B501FF37,0xf920E5d642E4077733026B5156361bE25ac3fC36,SKL,MELI,0.016,2021-12-31 00:23:42,12.0,2021-12-31,2021-12-31 14:30:00,2021-12-31 21:00:00,2021-12-31,2021-12-31 15:00:00+00:00,1351.570836,2021-12-31 22:00:00+00:00,2021-12-31 15:00:00+00:00,1.0,1.0,1.0,0.0,,,,,,,,,,,,,,,,,,,,,,,,,,,
0x594F56D21ad544F6B567F3A49DB0F9a7B501FF37,0xf920E5d642E4077733026B5156361bE25ac3fC36,SKL,ETHUSD,0.2,2022-01-18 23:48:26,16,2022-01-18,2022-01-18 14:30:00,2022-01-18 21:00:00,2022-01-18,2022-01-18 23:00:00+00:00,3167.147131,2022-01-18 23:00:00+00:00,2022-01-18 23:00:00+00:00,1,2.0,2.0,1.0,,,,,,,,,,,,,,,,,,,,,,,,,,,,0x594F56D21ad544F6B567F3A49DB0F9a7B501FF37,0xf920E5d642E4077733026B5156361bE25ac3fC36,SKL,GLD,0.011,2021-12-31 00:23:42,13.0,2021-12-31,2021-12-31 14:30:00,2021-12-31 21:00:00,2021-12-31,2021-12-31 15:00:00+00:00,170.203592,2021-12-31 23:00:00+00:00,2021-12-31 15:00:00+00:00,1.0,1.0,1.0,0.0,,,,,,,,,,,,,,,,,,,,,,,,,,,
0x594F56D21ad544F6B567F3A49DB0F9a7B501FF37,0xf920E5d642E4077733026B5156361bE25ac3fC36,SKL,ETHUSD,0.2,2022-01-18 23:48:26,16,2022-01-18,2022-01-18 14:30:00,2022-01-18 21:00:00,2022-01-18,2022-01-18 23:00:00+00:00,3167.147131,2022-01-18 23:00:00+00:00,2022-01-18 23:00:00+00:00,1,2.0,2.0,1.0,,,,,,,,,,,,,,,,,,,,,,,,,,,,0x594F56D21ad544F6B567F3A49DB0F9a7B501FF37,0xf920E5d642E4077733026B5156361bE25ac3fC36,SKL,MSFT,0.011,2021-12-31 00:23:42,14.0,2021-12-31,2021-12-31 14:30:00,2021-12-31 21:00:00,2021-12-31,2021-12-31 15:00:00+00:00,337.141874,2021-12-31 23:00:00+00:00,2021-12-31 15:00:00+00:00,1.0,1.0,1.0,0.0,,,,,,,,,,,,,,,,,,,,,,,,,,,
0x594F56D21ad544F6B567F3A49DB0F9a7B501FF37,0xf920E5d642E4077733026B5156361bE25ac3fC36,SKL,ETHUSD,0.2,2022-01-18 23:48:26,16,2022-01-18,2022-01-18 14:30:00,2022-01-18 21:00:00,2022-01-18,2022-01-18 23:00:00+00:00,3167.147131,2022-01-18 23:00:00+00:00,2022-01-18 23:00:00+00:00,1,2.0,2.0,1.0,,,,,,,,,,,,,,,,,,,,,,,,,,,,0x594F56D21ad544F6B567F3A49DB0F9a7B501FF37,0xf920E5d642E4077733026B5156361bE25ac3fC36,SKL,GRUB,0.007,2021-12-31 00:23:42,15.0,2021-12-31,2021-12-31 14:30:00,2021-12-31 21:00:00,2021-12-31,2021-12-31 15:00:00+00:00,10.696562,2021-12-31 23:00:00+00:00,2021-12-31 15:00:00+00:00,1.0,1.0,1.0,0.0,,,,,,,,,,,,,,,,,,,,,,,,,,,
0x594F56D21ad544F6B567F3A49DB0F9a7B501FF37,0xf920E5d642E4077733026B5156361bE25ac3fC36,SKL,ETHUSD,0.175,2022-02-09 14:31:35,17,2022-02-09,2022-02-09 14:30:00,2022-02-09 21:00:00,2022-02-09,2022-02-09 15:00:00+00:00,3180.491623,2022-02-09 23:00:00+00:00,2022-02-09 15:00:00+00:00,1,3.0,3.0,2.0,,,,,,,,,,,,,,,,,,,,,,,,,,,,0x594F56D21ad544F6B567F3A49DB0F9a7B501FF37,0xf920E5d642E4077733026B5156361bE25ac3fC36,SKL,ETHUSD,0.2,2022-01-18 23:48:26,16.0,2022-01-18,2022-01-18 14:30:00,2022-01-18 21:00:00,2022-01-18,2022-01-18 23:00:00+00:00,3167.147131,2022-01-18 23:00:00+00:00,2022-01-18 23:00:00+00:00,1.0,2.0,2.0,1.0,,,,,,,,,,,,,,,,,,,,,,,,,,,
0x594F56D21ad544F6B567F3A49DB0F9a7B501FF37,0x594F56D21ad544F6B567F3A49DB0F9a7B501FF37,SKL,ETHUSD,0.158,2022-03-01 01:16:43,19,2022-03-01,2022-03-01 14:30:00,2022-03-01 21:00:00,2022-03-01,2022-03-01 15:00:00+00:00,2952.264758,2022-03-01 23:00:00+00:00,2022-03-01 15:00:00+00:00,1,4.0,4.0,3.0,,,,,,,,,,,,,,,,,,,,,,,,,,,,0x594F56D21ad544F6B567F3A49DB0F9a7B501FF37,0xf920E5d642E4077733026B5156361bE25ac3fC36,SKL,ETHUSD,0.175,2022-02-09 14:31:35,17.0,2022-02-09,2022-02-09 14:30:00,2022-02-09 21:00:00,2022-02-09,2022-02-09 15:00:00+00:00,3180.491623,2022-02-09 23:00:00+00:00,2022-02-09 15:00:00+00:00,1.0,3.0,3.0,2.0,,,,,,,,,,,,,,,,,,,,,,,,,,,
0x594F56D21ad544F6B567F3A49DB0F9a7B501FF37,0x594F56D21ad544F6B567F3A49DB0F9a7B501FF37,SKL,FB,0.23,2022-03-02 22:39:26,25,2022-03-02,2022-03-02 14:30:00,2022-03-02 21:00:00,2022-03-02,2022-03-02 21:00:00+00:00,208.087121,2022-03-02 23:00:00+00:00,2022-03-02 21:00:00+00:00,1,5.0,2.0,4.0,,,,,,,,,,,,,,,,,,,,,,,,,,,,0x594F56D21ad544F6B567F3A49DB0F9a7B501FF37,0x594F56D21ad544F6B567F3A49DB0F9a7B501FF37,SKL,ETHUSD,0.158,2022-03-01 01:16:43,19.0,2022-03-01,2022-03-01 14:30:00,2022-03-01 21:00:00,2022-03-01,2022-03-01 15:00:00+00:00,2952.264758,2022-03-01 23:00:00+00:00,2022-03-01 15:00:00+00:00,1.0,4.0,4.0,3.0,,,,,,,,,,,,,,,,,,,,,,,,,,,
0x594F56D21ad544F6B567F3A49DB0F9a7B501FF37,0x594F56D21ad544F6B567F3A49DB0F9a7B501FF37,SKL,SKLUSD,0,2022-03-04 15:31:30,26,2022-03-04,2022-03-04 14:30:00,2022-03-04 21:00:00,2022-03-04,2022-03-04 16:00:00+00:00,0.0,,2022-03-04 16:00:00+00:00,1,6.0,2.0,5.0,,,,,,,,,,,,,,,,,,,,,,,,,,,,0x594F56D21ad544F6B567F3A49DB0F9a7B501FF37,0x594F56D21ad544F6B567F3A49DB0F9a7B501FF37,SKL,FB,0.23,2022-03-02 22:39:26,25.0,2022-03-02,2022-03-02 14:30:00,2022-03-02 21:00:00,2022-03-02,2022-03-02 21:00:00+00:00,208.087121,2022-03-02 23:00:00+00:00,2022-03-02 21:00:00+00:00,1.0,5.0,2.0,4.0,,,,,,,,,,,,,,,,,,,,,,,,,,,
0x594F56D21ad544F6B567F3A49DB0F9a7B501FF37,0x594F56D21ad544F6B567F3A49DB0F9a7B501FF37,SKL,ETHUSD,0.15,2022-03-11 22:44:40,27,2022-03-11,2022-03-11 14:30:00,2022-03-11 21:00:00,2022-03-11,2022-03-11 21:00:00+00:00,2565.400515,2022-03-11 23:00:00+00:00,2022-03-11 21:00:00+00:00,1,7.0,5.0,6.0,,,,,,,,,,,,,,,,,,,,,,,,,,,,0x594F56D21ad544F6B567F3A49DB0F9a7B501FF37,0x594F56D21ad544F6B567F3A49DB0F9a7B501FF37,SKL,SKLUSD,0,2022-03-04 15:31:30,26.0,2022-03-04,2022-03-04 14:30:00,2022-03-04 21:00:00,2022-03-04,2022-03-04 16:00:00+00:00,0.0,,2022-03-04 16:00:00+00:00,1.0,6.0,2.0,5.0,,,,,,,,,,,,,,,,,,,,,,,,,,,
0x594F56D21ad544F6B567F3A49DB0F9a7B501FF37,0x594F56D21ad544F6B567F3A49DB0F9a7B501FF37,SKL,UBER,0,2022-03-22 13:51:57,28,2022-03-22,2022-03-22 13:30:00,2022-03-22 20:00:00,2022-03-22,2022-03-22 14:00:00+00:00,32.824404,2022-03-22 23:00:00+00:00,2022-03-22 14:00:00+00:00,1,8.0,2.0,7.0,,,,,,,,,,,,,,,,,,,,,,,,,,,,0x594F56D21ad544F6B567F3A49DB0F9a7B501FF37,0x594F56D21ad544F6B567F3A49DB0F9a7B501FF37,SKL,ETHUSD,0.15,2022-03-11 22:44:40,27.0,2022-03-11,2022-03-11 14:30:00,2022-03-11 21:00:00,2022-03-11,2022-03-11 21:00:00+00:00,2565.400515,2022-03-11 23:00:00+00:00,2022-03-11 21:00:00+00:00,1.0,7.0,5.0,6.0,,,,,,,,,,,,,,,,,,,,,,,,,,,
0x594F56D21ad544F6B567F3A49DB0F9a7B501FF37,0x594F56D21ad544F6B567F3A49DB0F9a7B501FF37,SKL,BKNG,0,2022-03-22 13:51:57,29,2022-03-22,2022-03-22 13:30:00,2022-03-22 20:00:00,2022-03-22,2022-03-22 14:00:00+00:00,2185.994686,2022-03-22 20:00:00+00:00,2022-03-22 14:00:00+00:00,1,8.0,2.0,7.0,,,,,,,,,,,,,,,,,,,,,,,,,,,,0x594F56D21ad544F6B567F3A49DB0F9a7B501FF37,0x594F56D21ad544F6B567F3A49DB0F9a7B501FF37,SKL,ETHUSD,0.15,2022-03-11 22:44:40,27.0,2022-03-11,2022-03-11 14:30:00,2022-03-11 21:00:00,2022-03-11,2022-03-11 21:00:00+00:00,2565.400515,2022-03-11 23:00:00+00:00,2022-03-11 21:00:00+00:00,1.0,7.0,5.0,6.0,,,,,,,,,,,,,,,,,,,,,,,,,,,
0x594F56D21ad544F6B567F3A49DB0F9a7B501FF37,0x594F56D21ad544F6B567F3A49DB0F9a7B501FF37,SKL,WE,0,2022-03-22 13:51:57,30,2022-03-22,2022-03-22 13:30:00,2022-03-22 20:00:00,2022-03-22,2022-03-22 14:00:00+00:00,6.527135,2022-03-22 22:00:00+00:00,2022-03-22 14:00:00+00:00,1,8.0,2.0,7.0,,,,,,,,,,,,,,,,,,,,,,,,,,,,0x594F56D21ad544F6B567F3A49DB0F9a7B501FF37,0x594F56D21ad544F6B567F3A49DB0F9a7B501FF37,SKL,ETHUSD,0.15,2022-03-11 22:44:40,27.0,2022-03-11,2022-03-11 14:30:00,2022-03-11 21:00:00,2022-03-11,2022-03-11 21:00:00+00:00,2565.400515,2022-03-11 23:00:00+00:00,2022-03-11 21:00:00+00:00,1.0,7.0,5.0,6.0,,,,,,,,,,,,,,,,,,,,,,,,,,,
0x594F56D21ad544F6B567F3A49DB0F9a7B501FF37,0x594F56D21ad544F6B567F3A49DB0F9a7B501FF37,SKL,CRM,0,2022-03-22 13:51:57,31,2022-03-22,2022-03-22 13:30:00,2022-03-22 20:00:00,2022-03-22,2022-03-22 14:00:00+00:00,216.516237,2022-03-22 23:00:00+00:00,2022-03-22 14:00:00+00:00,1,8.0,2.0,7.0,,,,,,,,,,,,,,,,,,,,,,,,,,,,0x594F56D21ad544F6B567F3A49DB0F9a7B501FF37,0x594F56D21ad544F6B567F3A49DB0F9a7B501FF37,SKL,ETHUSD,0.15,2022-03-11 22:44:40,27.0,2022-03-11,2022-03-11 14:30:00,2022-03-11 21:00:00,2022-03-11,2022-03-11 21:00:00+00:00,2565.400515,2022-03-11 23:00:00+00:00,2022-03-11 21:00:00+00:00,1.0,7.0,5.0,6.0,,,,,,,,,,,,,,,,,,,,,,,,,,,
0x594F56D21ad544F6B567F3A49DB0F9a7B501FF37,0x594F56D21ad544F6B567F3A49DB0F9a7B501FF37,SKL,COIN,0,2022-03-22 13:51:57,32,2022-03-22,2022-03-22 13:30:00,2022-03-22 20:00:00,2022-03-22,2022-03-22 14:00:00+00:00,185.392663,2022-03-22 23:00:00+00:00,2022-03-22 14:00:00+00:00,1,8.0,2.0,7.0,,,,,,,,,,,,,,,,,,,,,,,,,,,,0x594F56D21ad544F6B567F3A49DB0F9a7B501FF37,0x594F56D21ad544F6B567F3A49DB0F9a7B501FF37,SKL,ETHUSD,0.15,2022-03-11 22:44:40,27.0,2022-03-11,2022-03-11 14:30:00,2022-03-11 21:00:00,2022-03-11,2022-03-11 21:00:00+00:00,2565.400515,2022-03-11 23:00:00+00:00,2022-03-11 21:00:00+00:00,1.0,7.0,5.0,6.0,,,,,,,,,,,,,,,,,,,,,,,,,,,
0x594F56D21ad544F6B567F3A49DB0F9a7B501FF37,0x594F56D21ad544F6B567F3A49DB0F9a7B501FF37,SKL,MSFT,0,2022-03-22 13:51:57,33,2022-03-22,2022-03-22 13:30:00,2022-03-22 20:00:00,2022-03-22,2022-03-22 14:00:00+00:00,302.739035,2022-03-22 23:00:00+00:00,2022-03-22 14:00:00+00:00,1,8.0,2.0,7.0,,,,,,,,,,,,,,,,,,,,,,,,,,,,0x594F56D21ad544F6B567F3A49DB0F9a7B501FF37,0x594F56D21ad544F6B567F3A49DB0F9a7B501FF37,SKL,ETHUSD,0.15,2022-03-11 22:44:40,27.0,2022-03-11,2022-03-11 14:30:00,2022-03-11 21:00:00,2022-03-11,2022-03-11 21:00:00+00:00,2565.400515,2022-03-11 23:00:00+00:00,2022-03-11 21:00:00+00:00,1.0,7.0,5.0,6.0,,,,,,,,,,,,,,,,,,,,,,,,,,,
0x594F56D21ad544F6B567F3A49DB0F9a7B501FF37,0x594F56D21ad544F6B567F3A49DB0F9a7B501FF37,SKL,GRUB,0,2022-03-22 13:51:57,34,2022-03-22,2022-03-22 13:30:00,2022-03-22 20:00:00,2022-03-22,2022-03-22 14:00:00+00:00,0.0,,2022-03-22 14:00:00+00:00,1,8.0,2.0,7.0,,,,,,,,,,,,,,,,,,,,,,,,,,,,0x594F56D21ad544F6B567F3A49DB0F9a7B501FF37,0x594F56D21ad544F6B567F3A49DB0F9a7B501FF37,SKL,ETHUSD,0.15,2022-03-11 22:44:40,27.0,2022-03-11,2022-03-11 14:30:00,2022-03-11 21:00:00,2022-03-11,2022-03-11 21:00:00+00:00,2565.400515,2022-03-11 23:00:00+00:00,2022-03-11 21:00:00+00:00,1.0,7.0,5.0,6.0,,,,,,,,,,,,,,,,,,,,,,,,,,,
0x594F56D21ad544F6B567F3A49DB0F9a7B501FF37,0x594F56D21ad544F6B567F3A49DB0F9a7B501FF37,SKL,TLT,0.1,2022-03-23 17:28:05,35,2022-03-23,2022-03-23 13:30:00,2022-03-23 20:00:00,2022-03-23,2022-03-23 18:00:00+00:00,130.692977,2022-03-23 23:00:00+00:00,2022-03-23 18:00:00+00:00,1,9.0,1.0,8.0,,,,,,,,,,,,,,,,,,,,,,,,,,,,0x594F56D21ad544F6B567F3A49DB0F9a7B501FF37,0x594F56D21ad544F6B567F3A49DB0F9a7B501FF37,SKL,UBER,0,2022-03-22 13:51:57,28.0,2022-03-22,2022-03-22 13:30:00,2022-03-22 20:00:00,2022-03-22,2022-03-22 14:00:00+00:00,32.824404,2022-03-22 23:00:00+00:00,2022-03-22 14:00:00+00:00,1.0,8.0,2.0,7.0,,,,,,,,,,,,,,,,,,,,,,,,,,,
0x594F56D21ad544F6B567F3A49DB0F9a7B501FF37,0x594F56D21ad544F6B567F3A49DB0F9a7B501FF37,SKL,TLT,0.1,2022-03-23 17:28:05,35,2022-03-23,2022-03-23 13:30:00,2022-03-23 20:00:00,2022-03-23,2022-03-23 18:00:00+00:00,130.692977,2022-03-23 23:00:00+00:00,2022-03-23 18:00:00+00:00,1,9.0,1.0,8.0,,,,,,,,,,,,,,,,,,,,,,,,,,,,0x594F56D21ad544F6B567F3A49DB0F9a7B501FF37,0x594F56D21ad544F6B567F3A49DB0F9a7B501FF37,SKL,BKNG,0,2022-03-22 13:51:57,29.0,2022-03-22,2022-03-22 13:30:00,2022-03-22 20:00:00,2022-03-22,2022-03-22 14:00:00+00:00,2185.994686,2022-03-22 20:00:00+00:00,2022-03-22 14:00:00+00:00,1.0,8.0,2.0,7.0,,,,,,,,,,,,,,,,,,,,,,,,,,,
0x594F56D21ad544F6B567F3A49DB0F9a7B501FF37,0x594F56D21ad544F6B567F3A49DB0F9a7B501FF37,SKL,TLT,0.1,2022-03-23 17:28:05,35,2022-03-23,2022-03-23 13:30:00,2022-03-23 20:00:00,2022-03-23,2022-03-23 18:00:00+00:00,130.692977,2022-03-23 23:00:00+00:00,2022-03-23 18:00:00+00:00,1,9.0,1.0,8.0,,,,,,,,,,,,,,,,,,,,,,,,,,,,0x594F56D21ad544F6B567F3A49DB0F9a7B501FF37,0x594F56D21ad544F6B567F3A49DB0F9a7B501FF37,SKL,WE,0,2022-03-22 13:51:57,30.0,2022-03-22,2022-03-22 13:30:00,2022-03-22 20:00:00,2022-03-22,2022-03-22 14:00:00+00:00,6.527135,2022-03-22 22:00:00+00:00,2022-03-22 14:00:00+00:00,1.0,8.0,2.0,7.0,,,,,,,,,,,,,,,,,,,,,,,,,,,
0x594F56D21ad544F6B567F3A49DB0F9a7B501FF37,0x594F56D21ad544F6B567F3A49DB0F9a7B501FF37,SKL,TLT,0.1,2022-03-23 17:28:05,35,2022-03-23,2022-03-23 13:30:00,2022-03-23 20:00:00,2022-03-23,2022-03-23 18:00:00+00:00,130.692977,2022-03-23 23:00:00+00:00,2022-03-23 18:00:00+00:00,1,9.0,1.0,8.0,,,,,,,,,,,,,,,,,,,,,,,,,,,,0x594F56D21ad544F6B567F3A49DB0F9a7B501FF37,0x594F56D21ad544F6B567F3A49DB0F9a7B501FF37,SKL,CRM,0,2022-03-22 13:51:57,31.0,2022-03-22,2022-03-22 13:30:00,2022-03-22 20:00:00,2022-03-22,2022-03-22 14:00:00+00:00,216.516237,2022-03-22 23:00:00+00:00,2022-03-22 14:00:00+00:00,1.0,8.0,2.0,7.0,,,,,,,,,,,,,,,,,,,,,,,,,,,
0x594F56D21ad544F6B567F3A49DB0F9a7B501FF37,0x594F56D21ad544F6B567F3A49DB0F9a7B501FF37,SKL,TLT,0.1,2022-03-23 17:28:05,35,2022-03-23,2022-03-23 13:30:00,2022-03-23 20:00:00,2022-03-23,2022-03-23 18:00:00+00:00,130.692977,2022-03-23 23:00:00+00:00,2022-03-23 18:00:00+00:00,1,9.0,1.0,8.0,,,,,,,,,,,,,,,,,,,,,,,,,,,,0x594F56D21ad544F6B567F3A49DB0F9a7B501FF37,0x594F56D21ad544F6B567F3A49DB0F9a7B501FF37,SKL,COIN,0,2022-03-22 13:51:57,32.0,2022-03-22,2022-03-22 13:30:00,2022-03-22 20:00:00,2022-03-22,2022-03-22 14:00:00+00:00,185.392663,2022-03-22 23:00:00+00:00,2022-03-22 14:00:00+00:00,1.0,8.0,2.0,7.0,,,,,,,,,,,,,,,,,,,,,,,,,,,
0x594F56D21ad544F6B567F3A49DB0F9a7B501FF37,0x594F56D21ad544F6B567F3A49DB0F9a7B501FF37,SKL,TLT,0.1,2022-03-23 17:28:05,35,2022-03-23,2022-03-23 13:30:00,2022-03-23 20:00:00,2022-03-23,2022-03-23 18:00:00+00:00,130.692977,2022-03-23 23:00:00+00:00,2022-03-23 18:00:00+00:00,1,9.0,1.0,8.0,,,,,,,,,,,,,,,,,,,,,,,,,,,,0x594F56D21ad544F6B567F3A49DB0F9a7B501FF37,0x594F56D21ad544F6B567F3A49DB0F9a7B501FF37,SKL,MSFT,0,2022-03-22 13:51:57,33.0,2022-03-22,2022-03-22 13:30:00,2022-03-22 20:00:00,2022-03-22,2022-03-22 14:00:00+00:00,302.739035,2022-03-22 23:00:00+00:00,2022-03-22 14:00:00+00:00,1.0,8.0,2.0,7.0,,,,,,,,,,,,,,,,,,,,,,,,,,,
0x594F56D21ad544F6B567F3A49DB0F9a7B501FF37,0x594F56D21ad544F6B567F3A49DB0F9a7B501FF37,SKL,TLT,0.1,2022-03-23 17:28:05,35,2022-03-23,2022-03-23 13:30:00,2022-03-23 20:00:00,2022-03-23,2022-03-23 18:00:00+00:00,130.692977,2022-03-23 23:00:00+00:00,2022-03-23 18:00:00+00:00,1,9.0,1.0,8.0,,,,,,,,,,,,,,,,,,,,,,,,,,,,0x594F56D21ad544F6B567F3A49DB0F9a7B501FF37,0x594F56D21ad544F6B567F3A49DB0F9a7B501FF37,SKL,GRUB,0,2022-03-22 13:51:57,34.0,2022-03-22,2022-03-22 13:30:00,2022-03-22 20:00:00,2022-03-22,2022-03-22 14:00:00+00:00,0.0,,2022-03-22 14:00:00+00:00,1.0,8.0,2.0,7.0,,,,,,,,,,,,,,,,,,,,,,,,,,,
0x594F56D21ad544F6B567F3A49DB0F9a7B501FF37,0x594F56D21ad544F6B567F3A49DB0F9a7B501FF37,SKL,TLT,0.15,2022-03-29 18:27:09,36,2022-03-29,2022-03-29 13:30:00,2022-03-29 20:00:00,2022-03-29,2022-03-29 19:00:00+00:00,130.457704,2022-03-29 23:00:00+00:00,2022-03-29 19:00:00+00:00,1,10.0,2.0,9.0,,,,,,,,,,,,,,,,,,,,,,,,,,,,0x594F56D21ad544F6B567F3A49DB0F9a7B501FF37,0x594F56D21ad544F6B567F3A49DB0F9a7B501FF37,SKL,TLT,0.1,2022-03-23 17:28:05,35.0,2022-03-23,2022-03-23 13:30:00,2022-03-23 20:00:00,2022-03-23,2022-03-23 18:00:00+00:00,130.692977,2022-03-23 23:00:00+00:00,2022-03-23 18:00:00+00:00,1.0,9.0,1.0,8.0,,,,,,,,,,,,,,,,,,,,,,,,,,,
0x594F56D21ad544F6B567F3A49DB0F9a7B501FF37,0x594F56D21ad544F6B567F3A49DB0F9a7B501FF37,SKL,FNV,0.05,2022-03-29 18:27:09,37,2022-03-29,2022-03-29 13:30:00,2022-03-29 20:00:00,2022-03-29,2022-03-29 19:00:00+00:00,156.822445,2022-03-29 20:00:00+00:00,2022-03-29 19:00:00+00:00,1,10.0,2.0,9.0,,,,,,,,,,,,,,,,,,,,,,,,,,,,0x594F56D21ad544F6B567F3A49DB0F9a7B501FF37,0x594F56D21ad544F6B567F3A49DB0F9a7B501FF37,SKL,TLT,0.1,2022-03-23 17:28:05,35.0,2022-03-23,2022-03-23 13:30:00,2022-03-23 20:00:00,2022-03-23,2022-03-23 18:00:00+00:00,130.692977,2022-03-23 23:00:00+00:00,2022-03-23 18:00:00+00:00,1.0,9.0,1.0,8.0,,,,,,,,,,,,,,,,,,,,,,,,,,,
0x594F56D21ad544F6B567F3A49DB0F9a7B501FF37,0x594F56D21ad544F6B567F3A49DB0F9a7B501FF37,SKL,GLD,0.03,2022-03-29 18:27:09,38,2022-03-29,2022-03-29 13:30:00,2022-03-29 20:00:00,2022-03-29,2022-03-29 19:00:00+00:00,179.088157,2022-03-29 23:00:00+00:00,2022-03-29 19:00:00+00:00,1,10.0,2.0,9.0,,,,,,,,,,,,,,,,,,,,,,,,,,,,0x594F56D21ad544F6B567F3A49DB0F9a7B501FF37,0x594F56D21ad544F6B567F3A49DB0F9a7B501FF37,SKL,TLT,0.1,2022-03-23 17:28:05,35.0,2022-03-23,2022-03-23 13:30:00,2022-03-23 20:00:00,2022-03-23,2022-03-23 18:00:00+00:00,130.692977,2022-03-23 23:00:00+00:00,2022-03-23 18:00:00+00:00,1.0,9.0,1.0,8.0,,,,,,,,,,,,,,,,,,,,,,,,,,,
0x594F56D21ad544F6B567F3A49DB0F9a7B501FF37,0x594F56D21ad544F6B567F3A49DB0F9a7B501FF37,SKL,MELI,0.02,2022-04-05 14:37:40,39,2022-04-05,2022-04-05 13:30:00,2022-04-05 20:00:00,2022-04-05,2022-04-05 15:00:00+00:00,1229.68773,2022-04-05 20:00:00+00:00,2022-04-05 15:00:00+00:00,1,11.0,2.0,10.0,,,,,,,,,,,,,,,,,,,,,,,,,,,,0x594F56D21ad544F6B567F3A49DB0F9a7B501FF37,0x594F56D21ad544F6B567F3A49DB0F9a7B501FF37,SKL,TLT,0.15,2022-03-29 18:27:09,36.0,2022-03-29,2022-03-29 13:30:00,2022-03-29 20:00:00,2022-03-29,2022-03-29 19:00:00+00:00,130.457704,2022-03-29 23:00:00+00:00,2022-03-29 19:00:00+00:00,1.0,10.0,2.0,9.0,,,,,,,,,,,,,,,,,,,,,,,,,,,
0x594F56D21ad544F6B567F3A49DB0F9a7B501FF37,0x594F56D21ad544F6B567F3A49DB0F9a7B501FF37,SKL,MELI,0.02,2022-04-05 14:37:40,39,2022-04-05,2022-04-05 13:30:00,2022-04-05 20:00:00,2022-04-05,2022-04-05 15:00:00+00:00,1229.68773,2022-04-05 20:00:00+00:00,2022-04-05 15:00:00+00:00,1,11.0,2.0,10.0,,,,,,,,,,,,,,,,,,,,,,,,,,,,0x594F56D21ad544F6B567F3A49DB0F9a7B501FF37,0x594F56D21ad544F6B567F3A49DB0F9a7B501FF37,SKL,FNV,0.05,2022-03-29 18:27:09,37.0,2022-03-29,2022-03-29 13:30:00,2022-03-29 20:00:00,2022-03-29,2022-03-29 19:00:00+00:00,156.822445,2022-03-29 20:00:00+00:00,2022-03-29 19:00:00+00:00,1.0,10.0,2.0,9.0,,,,,,,,,,,,,,,,,,,,,,,,,,,
0x594F56D21ad544F6B567F3A49DB0F9a7B501FF37,0x594F56D21ad544F6B567F3A49DB0F9a7B501FF37,SKL,MELI,0.02,2022-04-05 14:37:40,39,2022-04-05,2022-04-05 13:30:00,2022-04-05 20:00:00,2022-04-05,2022-04-05 15:00:00+00:00,1229.68773,2022-04-05 20:00:00+00:00,2022-04-05 15:00:00+00:00,1,11.0,2.0,10.0,,,,,,,,,,,,,,,,,,,,,,,,,,,,0x594F56D21ad544F6B567F3A49DB0F9a7B501FF37,0x594F56D21ad544F6B567F3A49DB0F9a7B501FF37,SKL,GLD,0.03,2022-03-29 18:27:09,38.0,2022-03-29,2022-03-29 13:30:00,2022-03-29 20:00:00,2022-03-29,2022-03-29 19:00:00+00:00,179.088157,2022-03-29 23:00:00+00:00,2022-03-29 19:00:00+00:00,1.0,10.0,2.0,9.0,,,,,,,,,,,,,,,,,,,,,,,,,,,
0x594F56D21ad544F6B567F3A49DB0F9a7B501FF37,0x594F56D21ad544F6B567F3A49DB0F9a7B501FF37,SKL,FB,0.242,2022-04-11 19:38:40,40,2022-04-11,2022-04-11 13:30:00,2022-04-11 20:00:00,2022-04-11,2022-04-11 20:00:00+00:00,216.458595,2022-04-11 23:00:00+00:00,2022-04-11 20:00:00+00:00,1,12.0,3.0,11.0,,,,,,,,,,,,,,,,,,,,,,,,,,,,0x594F56D21ad544F6B567F3A49DB0F9a7B501FF37,0x594F56D21ad544F6B567F3A49DB0F9a7B501FF37,SKL,MELI,0.02,2022-04-05 14:37:40,39.0,2022-04-05,2022-04-05 13:30:00,2022-04-05 20:00:00,2022-04-05,2022-04-05 15:00:00+00:00,1229.68773,2022-04-05 20:00:00+00:00,2022-04-05 15:00:00+00:00,1.0,11.0,2.0,10.0,,,,,,,,,,,,,,,,,,,,,,,,,,,
0x594F56D21ad544F6B567F3A49DB0F9a7B501FF37,0x594F56D21ad544F6B567F3A49DB0F9a7B501FF37,SKL,ETHUSD,0.162,2022-04-11 19:38:40,41,2022-04-11,2022-04-11 13:30:00,2022-04-11 20:00:00,2022-04-11,2022-04-11 20:00:00+00:00,2993.070565,2022-04-11 23:00:00+00:00,2022-04-11 20:00:00+00:00,1,12.0,6.0,11.0,,,,,,,,,,,,,,,,,,,,,,,,,,,,0x594F56D21ad544F6B567F3A49DB0F9a7B501FF37,0x594F56D21ad544F6B567F3A49DB0F9a7B501FF37,SKL,MELI,0.02,2022-04-05 14:37:40,39.0,2022-04-05,2022-04-05 13:30:00,2022-04-05 20:00:00,2022-04-05,2022-04-05 15:00:00+00:00,1229.68773,2022-04-05 20:00:00+00:00,2022-04-05 15:00:00+00:00,1.0,11.0,2.0,10.0,,,,,,,,,,,,,,,,,,,,,,,,,,,
0x594F56D21ad544F6B567F3A49DB0F9a7B501FF37,0x594F56D21ad544F6B567F3A49DB0F9a7B501FF37,SKL,BTCUSD,0.10099999999999999,2022-04-11 19:38:40,43,2022-04-11,2022-04-11 13:30:00,2022-04-11 20:00:00,2022-04-11,2022-04-11 20:00:00+00:00,39810.773354,2022-04-11 23:00:00+00:00,2022-04-11 20:00:00+00:00,1,12.0,2.0,11.0,,,,,,,,,,,,,,,,,,,,,,,,,,,,0x594F56D21ad544F6B567F3A49DB0F9a7B501FF37,0x594F56D21ad544F6B567F3A49DB0F9a7B501FF37,SKL,MELI,0.02,2022-04-05 14:37:40,39.0,2022-04-05,2022-04-05 13:30:00,2022-04-05 20:00:00,2022-04-05,2022-04-05 15:00:00+00:00,1229.68773,2022-04-05 20:00:00+00:00,2022-04-05 15:00:00+00:00,1.0,11.0,2.0,10.0,,,,,,,,,,,,,,,,,,,,,,,,,,,
0x594F56D21ad544F6B567F3A49DB0F9a7B501FF37,0x594F56D21ad544F6B567F3A49DB0F9a7B501FF37,SKL,ABNB,0.073,2022-04-11 19:38:40,44,2022-04-11,2022-04-11 13:30:00,2022-04-11 20:00:00,2022-04-11,2022-04-11 20:00:00+00:00,160.249216,2022-04-11 23:00:00+00:00,2022-04-11 20:00:00+00:00,1,12.0,2.0,11.0,,,,,,,,,,,,,,,,,,,,,,,,,,,,0x594F56D21ad544F6B567F3A49DB0F9a7B501FF37,0x594F56D21ad544F6B567F3A49DB0F9a7B501FF37,SKL,MELI,0.02,2022-04-05 14:37:40,39.0,2022-04-05,2022-04-05 13:30:00,2022-04-05 20:00:00,2022-04-05,2022-04-05 15:00:00+00:00,1229.68773,2022-04-05 20:00:00+00:00,2022-04-05 15:00:00+00:00,1.0,11.0,2.0,10.0,,,,,,,,,,,,,,,,,,,,,,,,,,,
0x594F56D21ad544F6B567F3A49DB0F9a7B501FF37,0x594F56D21ad544F6B567F3A49DB0F9a7B501FF37,SKL,FNV,0.057,2022-04-11 19:38:40,45,2022-04-11,2022-04-11 13:30:00,2022-04-11 20:00:00,2022-04-11,2022-04-11 20:00:00+00:00,165.78038,2022-04-11 20:00:00+00:00,2022-04-11 20:00:00+00:00,1,12.0,3.0,11.0,,,,,,,,,,,,,,,,,,,,,,,,,,,,0x594F56D21ad544F6B567F3A49DB0F9a7B501FF37,0x594F56D21ad544F6B567F3A49DB0F9a7B501FF37,SKL,MELI,0.02,2022-04-05 14:37:40,39.0,2022-04-05,2022-04-05 13:30:00,2022-04-05 20:00:00,2022-04-05,2022-04-05 15:00:00+00:00,1229.68773,2022-04-05 20:00:00+00:00,2022-04-05 15:00:00+00:00,1.0,11.0,2.0,10.0,,,,,,,,,,,,,,,,,,,,,,,,,,,
0x594F56D21ad544F6B567F3A49DB0F9a7B501FF37,0x594F56D21ad544F6B567F3A49DB0F9a7B501FF37,SKL,GLD,0.033,2022-04-11 19:38:40,46,2022-04-11,2022-04-11 13:30:00,2022-04-11 20:00:00,2022-04-11,2022-04-11 20:00:00+00:00,182.362781,2022-04-11 23:00:00+00:00,2022-04-11 20:00:00+00:00,1,12.0,3.0,11.0,,,,,,,,,,,,,,,,,,,,,,,,,,,,0x594F56D21ad544F6B567F3A49DB0F9a7B501FF37,0x594F56D21ad544F6B567F3A49DB0F9a7B501FF37,SKL,MELI,0.02,2022-04-05 14:37:40,39.0,2022-04-05,2022-04-05 13:30:00,2022-04-05 20:00:00,2022-04-05,2022-04-05 15:00:00+00:00,1229.68773,2022-04-05 20:00:00+00:00,2022-04-05 15:00:00+00:00,1.0,11.0,2.0,10.0,,,,,,,,,,,,,,,,,,,,,,,,,,,
0x594F56D21ad544F6B567F3A49DB0F9a7B501FF37,0x594F56D21ad544F6B567F3A49DB0F9a7B501FF37,SKL,MELI,0.02,2022-04-11 19:38:40,47,2022-04-11,2022-04-11 13:30:00,2022-04-11 20:00:00,2022-04-11,2022-04-11 20:00:00+00:00,1125.690766,2022-04-11 20:00:00+00:00,2022-04-11 20:00:00+00:00,1,12.0,3.0,11.0,,,,,,,,,,,,,,,,,,,,,,,,,,,,0x594F56D21ad544F6B567F3A49DB0F9a7B501FF37,0x594F56D21ad544F6B567F3A49DB0F9a7B501FF37,SKL,MELI,0.02,2022-04-05 14:37:40,39.0,2022-04-05,2022-04-05 13:30:00,2022-04-05 20:00:00,2022-04-05,2022-04-05 15:00:00+00:00,1229.68773,2022-04-05 20:00:00+00:00,2022-04-05 15:00:00+00:00,1.0,11.0,2.0,10.0,,,,,,,,,,,,,,,,,,,,,,,,,,,
0x594F56D21ad544F6B567F3A49DB0F9a7B501FF37,0x594F56D21ad544F6B567F3A49DB0F9a7B501FF37,SKL,TLT,0.15,2022-04-11 19:39:56,50,2022-04-11,2022-04-11 13:30:00,2022-04-11 20:00:00,2022-04-11,2022-04-11 20:00:00+00:00,123.141436,2022-04-11 23:00:00+00:00,2022-04-11 20:00:00+00:00,1,12.0,3.0,11.0,,,,,,,,,,,,,,,,,,,,,,,,,,,,0x594F56D21ad544F6B567F3A49DB0F9a7B501FF37,0x594F56D21ad544F6B567F3A49DB0F9a7B501FF37,SKL,MELI,0.02,2022-04-05 14:37:40,39.0,2022-04-05,2022-04-05 13:30:00,2022-04-05 20:00:00,2022-04-05,2022-04-05 15:00:00+00:00,1229.68773,2022-04-05 20:00:00+00:00,2022-04-05 15:00:00+00:00,1.0,11.0,2.0,10.0,,,,,,,,,,,,,,,,,,,,,,,,,,,
0x594F56D21ad544F6B567F3A49DB0F9a7B501FF37,0x594F56D21ad544F6B567F3A49DB0F9a7B501FF37,SKL,GLD,0.03,2022-04-16 20:18:41,52,2022-04-16,2022-04-18 13:30:00,2022-04-18 20:00:00,2022-04-18,2022-04-18 14:00:00+00:00,185.593581,2022-04-18 23:00:00+00:00,2022-04-18 14:00:00+00:00,1,13.0,4.0,12.0,,,,,,,,,,,,,,,,,,,,,,,,,,,,0x594F56D21ad544F6B567F3A49DB0F9a7B501FF37,0x594F56D21ad544F6B567F3A49DB0F9a7B501FF37,SKL,FB,0.242,2022-04-11 19:38:40,40.0,2022-04-11,2022-04-11 13:30:00,2022-04-11 20:00:00,2022-04-11,2022-04-11 20:00:00+00:00,216.458595,2022-04-11 23:00:00+00:00,2022-04-11 20:00:00+00:00,1.0,12.0,3.0,11.0,,,,,,,,,,,,,,,,,,,,,,,,,,,
0x594F56D21ad544F6B567F3A49DB0F9a7B501FF37,0x594F56D21ad544F6B567F3A49DB0F9a7B501FF37,SKL,GLD,0.03,2022-04-16 20:18:41,52,2022-04-16,2022-04-18 13:30:00,2022-04-18 20:00:00,2022-04-18,2022-04-18 14:00:00+00:00,185.593581,2022-04-18 23:00:00+00:00,2022-04-18 14:00:00+00:00,1,13.0,4.0,12.0,,,,,,,,,,,,,,,,,,,,,,,,,,,,0x594F56D21ad544F6B567F3A49DB0F9a7B501FF37,0x594F56D21ad544F6B567F3A49DB0F9a7B501FF37,SKL,ETHUSD,0.162,2022-04-11 19:38:40,41.0,2022-04-11,2022-04-11 13:30:00,2022-04-11 20:00:00,2022-04-11,2022-04-11 20:00:00+00:00,2993.070565,2022-04-11 23:00:00+00:00,2022-04-11 20:00:00+00:00,1.0,12.0,6.0,11.0,,,,,,,,,,,,,,,,,,,,,,,,,,,
0x594F56D21ad544F6B567F3A49DB0F9a7B501FF37,0x594F56D21ad544F6B567F3A49DB0F9a7B501FF37,SKL,GLD,0.03,2022-04-16 20:18:41,52,2022-04-16,2022-04-18 13:30:00,2022-04-18 20:00:00,2022-04-18,2022-04-18 14:00:00+00:00,185.593581,2022-04-18 23:00:00+00:00,2022-04-18 14:00:00+00:00,1,13.0,4.0,12.0,,,,,,,,,,,,,,,,,,,,,,,,,,,,0x594F56D21ad544F6B567F3A49DB0F9a7B501FF37,0x594F56D21ad544F6B567F3A49DB0F9a7B501FF37,SKL,BTCUSD,0.10099999999999999,2022-04-11 19:38:40,43.0,2022-04-11,2022-04-11 13:30:00,2022-04-11 20:00:00,2022-04-11,2022-04-11 20:00:00+00:00,39810.773354,2022-04-11 23:00:00+00:00,2022-04-11 20:00:00+00:00,1.0,12.0,2.0,11.0,,,,,,,,,,,,,,,,,,,,,,,,,,,
0x594F56D21ad544F6B567F3A49DB0F9a7B501FF37,0x594F56D21ad544F6B567F3A49DB0F9a7B501FF37,SKL,GLD,0.03,2022-04-16 20:18:41,52,2022-04-16,2022-04-18 13:30:00,2022-04-18 20:00:00,2022-04-18,2022-04-18 14:00:00+00:00,185.593581,2022-04-18 23:00:00+00:00,2022-04-18 14:00:00+00:00,1,13.0,4.0,12.0,,,,,,,,,,,,,,,,,,,,,,,,,,,,0x594F56D21ad544F6B567F3A49DB0F9a7B501FF37,0x594F56D21ad544F6B567F3A49DB0F9a7B501FF37,SKL,ABNB,0.073,2022-04-11 19:38:40,44.0,2022-04-11,2022-04-11 13:30:00,2022-04-11 20:00:00,2022-04-11,2022-04-11 20:00:00+00:00,160.249216,2022-04-11 23:00:00+00:00,2022-04-11 20:00:00+00:00,1.0,12.0,2.0,11.0,,,,,,,,,,,,,,,,,,,,,,,,,,,
0x594F56D21ad544F6B567F3A49DB0F9a7B501FF37,0x594F56D21ad544F6B567F3A49DB0F9a7B501FF37,SKL,GLD,0.03,2022-04-16 20:18:41,52,2022-04-16,2022-04-18 13:30:00,2022-04-18 20:00:00,2022-04-18,2022-04-18 14:00:00+00:00,185.593581,2022-04-18 23:00:00+00:00,2022-04-18 14:00:00+00:00,1,13.0,4.0,12.0,,,,,,,,,,,,,,,,,,,,,,,,,,,,0x594F56D21ad544F6B567F3A49DB0F9a7B501FF37,0x594F56D21ad544F6B567F3A49DB0F9a7B501FF37,SKL,FNV,0.057,2022-04-11 19:38:40,45.0,2022-04-11,2022-04-11 13:30:00,2022-04-11 20:00:00,2022-04-11,2022-04-11 20:00:00+00:00,165.78038,2022-04-11 20:00:00+00:00,2022-04-11 20:00:00+00:00,1.0,12.0,3.0,11.0,,,,,,,,,,,,,,,,,,,,,,,,,,,
0x594F56D21ad544F6B567F3A49DB0F9a7B501FF37,0x594F56D21ad544F6B567F3A49DB0F9a7B501FF37,SKL,GLD,0.03,2022-04-16 20:18:41,52,2022-04-16,2022-04-18 13:30:00,2022-04-18 20:00:00,2022-04-18,2022-04-18 14:00:00+00:00,185.593581,2022-04-18 23:00:00+00:00,2022-04-18 14:00:00+00:00,1,13.0,4.0,12.0,,,,,,,,,,,,,,,,,,,,,,,,,,,,0x594F56D21ad544F6B567F3A49DB0F9a7B501FF37,0x594F56D21ad544F6B567F3A49DB0F9a7B501FF37,SKL,GLD,0.033,2022-04-11 19:38:40,46.0,2022-04-11,2022-04-11 13:30:00,2022-04-11 20:00:00,2022-04-11,2022-04-11 20:00:00+00:00,182.362781,2022-04-11 23:00:00+00:00,2022-04-11 20:00:00+00:00,1.0,12.0,3.0,11.0,,,,,,,,,,,,,,,,,,,,,,,,,,,
0x594F56D21ad544F6B567F3A49DB0F9a7B501FF37,0x594F56D21ad544F6B567F3A49DB0F9a7B501FF37,SKL,GLD,0.03,2022-04-16 20:18:41,52,2022-04-16,2022-04-18 13:30:00,2022-04-18 20:00:00,2022-04-18,2022-04-18 14:00:00+00:00,185.593581,2022-04-18 23:00:00+00:00,2022-04-18 14:00:00+00:00,1,13.0,4.0,12.0,,,,,,,,,,,,,,,,,,,,,,,,,,,,0x594F56D21ad544F6B567F3A49DB0F9a7B501FF37,0x594F56D21ad544F6B567F3A49DB0F9a7B501FF37,SKL,MELI,0.02,2022-04-11 19:38:40,47.0,2022-04-11,2022-04-11 13:30:00,2022-04-11 20:00:00,2022-04-11,2022-04-11 20:00:00+00:00,1125.690766,2022-04-11 20:00:00+00:00,2022-04-11 20:00:00+00:00,1.0,12.0,3.0,11.0,,,,,,,,,,,,,,,,,,,,,,,,,,,
0x594F56D21ad544F6B567F3A49DB0F9a7B501FF37,0x594F56D21ad544F6B567F3A49DB0F9a7B501FF37,SKL,GLD,0.03,2022-04-16 20:18:41,52,2022-04-16,2022-04-18 13:30:00,2022-04-18 20:00:00,2022-04-18,2022-04-18 14:00:00+00:00,185.593581,2022-04-18 23:00:00+00:00,2022-04-18 14:00:00+00:00,1,13.0,4.0,12.0,,,,,,,,,,,,,,,,,,,,,,,,,,,,0x594F56D21ad544F6B567F3A49DB0F9a7B501FF37,0x594F56D21ad544F6B567F3A49DB0F9a7B501FF37,SKL,TLT,0.15,2022-04-11 19:39:56,50.0,2022-04-11,2022-04-11 13:30:00,2022-04-11 20:00:00,2022-04-11,2022-04-11 20:00:00+00:00,123.141436,2022-04-11 23:00:00+00:00,2022-04-11 20:00:00+00:00,1.0,12.0,3.0,11.0,,,,,,,,,,,,,,,,,,,,,,,,,,,
0x594F56D21ad544F6B567F3A49DB0F9a7B501FF37,0x594F56D21ad544F6B567F3A49DB0F9a7B501FF37,SKL,TLT,0.15,2022-04-27 18:16:34,53,2022-04-27,2022-04-27 13:30:00,2022-04-27 20:00:00,2022-04-27,2022-04-27 19:00:00+00:00,120.946781,2022-04-27 23:00:00+00:00,2022-04-27 19:00:00+00:00,1,15.0,4.0,14.0,,,,,,,,,,,,,,,,,,,,,,,,,,,,0x594F56D21ad544F6B567F3A49DB0F9a7B501FF37,0x594F56D21ad544F6B567F3A49DB0F9a7B501FF37,MATIC,FB,0.22,2022-04-22 15:32:31,57.0,2022-04-22,2022-04-22 13:30:00,2022-04-22 20:00:00,2022-04-22,2022-04-22 16:00:00+00:00,184.477845,2022-04-22 23:00:00+00:00,2022-04-22 16:00:00+00:00,1.0,14.0,4.0,13.0,,,,,,,,,,,,,,,,,,,,,,,,,,,
0x594F56D21ad544F6B567F3A49DB0F9a7B501FF37,0x594F56D21ad544F6B567F3A49DB0F9a7B501FF37,SKL,GLD,0.025,2022-04-27 18:16:34,54,2022-04-27,2022-04-27 13:30:00,2022-04-27 20:00:00,2022-04-27,2022-04-27 19:00:00+00:00,175.943912,2022-04-27 23:00:00+00:00,2022-04-27 19:00:00+00:00,1,15.0,5.0,14.0,,,,,,,,,,,,,,,,,,,,,,,,,,,,0x594F56D21ad544F6B567F3A49DB0F9a7B501FF37,0x594F56D21ad544F6B567F3A49DB0F9a7B501FF37,MATIC,FB,0.22,2022-04-22 15:32:31,57.0,2022-04-22,2022-04-22 13:30:00,2022-04-22 20:00:00,2022-04-22,2022-04-22 16:00:00+00:00,184.477845,2022-04-22 23:00:00+00:00,2022-04-22 16:00:00+00:00,1.0,14.0,4.0,13.0,,,,,,,,,,,,,,,,,,,,,,,,,,,
0x594F56D21ad544F6B567F3A49DB0F9a7B501FF37,0x594F56D21ad544F6B567F3A49DB0F9a7B501FF37,SKL,GLD,0,2022-04-28 19:55:21,55,2022-04-28,2022-04-28 13:30:00,2022-04-28 20:00:00,2022-04-28,2022-04-28 20:00:00+00:00,176.9254,2022-04-28 23:00:00+00:00,2022-04-28 20:00:00+00:00,1,16.0,6.0,15.0,,,,,,,,,,,,,,,,,,,,,,,,,,,,0x594F56D21ad544F6B567F3A49DB0F9a7B501FF37,0x594F56D21ad544F6B567F3A49DB0F9a7B501FF37,SKL,TLT,0.15,2022-04-27 18:16:34,53.0,2022-04-27,2022-04-27 13:30:00,2022-04-27 20:00:00,2022-04-27,2022-04-27 19:00:00+00:00,120.946781,2022-04-27 23:00:00+00:00,2022-04-27 19:00:00+00:00,1.0,15.0,4.0,14.0,,,,,,,,,,,,,,,,,,,,,,,,,,,
0x594F56D21ad544F6B567F3A49DB0F9a7B501FF37,0x594F56D21ad544F6B567F3A49DB0F9a7B501FF37,SKL,GLD,0,2022-04-28 19:55:21,55,2022-04-28,2022-04-28 13:30:00,2022-04-28 20:00:00,2022-04-28,2022-04-28 20:00:00+00:00,176.9254,2022-04-28 23:00:00+00:00,2022-04-28 20:00:00+00:00,1,16.0,6.0,15.0,,,,,,,,,,,,,,,,,,,,,,,,,,,,0x594F56D21ad544F6B567F3A49DB0F9a7B501FF37,0x594F56D21ad544F6B567F3A49DB0F9a7B501FF37,SKL,GLD,0.025,2022-04-27 18:16:34,54.0,2022-04-27,2022-04-27 13:30:00,2022-04-27 20:00:00,2022-04-27,2022-04-27 19:00:00+00:00,175.943912,2022-04-27 23:00:00+00:00,2022-04-27 19:00:00+00:00,1.0,15.0,5.0,14.0,,,,,,,,,,,,,,,,,,,,,,,,,,,
0x594F56D21ad544F6B567F3A49DB0F9a7B501FF37,0x594F56D21ad544F6B567F3A49DB0F9a7B501FF37,SKL,FNV,0.01,2022-04-28 19:57:12,56,2022-04-28,2022-04-28 13:30:00,2022-04-28 20:00:00,2022-04-28,2022-04-28 20:00:00+00:00,153.09,2022-04-28 20:00:00+00:00,2022-04-28 20:00:00+00:00,1,16.0,4.0,15.0,,,,,,,,,,,,,,,,,,,,,,,,,,,,0x594F56D21ad544F6B567F3A49DB0F9a7B501FF37,0x594F56D21ad544F6B567F3A49DB0F9a7B501FF37,SKL,TLT,0.15,2022-04-27 18:16:34,53.0,2022-04-27,2022-04-27 13:30:00,2022-04-27 20:00:00,2022-04-27,2022-04-27 19:00:00+00:00,120.946781,2022-04-27 23:00:00+00:00,2022-04-27 19:00:00+00:00,1.0,15.0,4.0,14.0,,,,,,,,,,,,,,,,,,,,,,,,,,,
0x594F56D21ad544F6B567F3A49DB0F9a7B501FF37,0x594F56D21ad544F6B567F3A49DB0F9a7B501FF37,SKL,FNV,0.01,2022-04-28 19:57:12,56,2022-04-28,2022-04-28 13:30:00,2022-04-28 20:00:00,2022-04-28,2022-04-28 20:00:00+00:00,153.09,2022-04-28 20:00:00+00:00,2022-04-28 20:00:00+00:00,1,16.0,4.0,15.0,,,,,,,,,,,,,,,,,,,,,,,,,,,,0x594F56D21ad544F6B567F3A49DB0F9a7B501FF37,0x594F56D21ad544F6B567F3A49DB0F9a7B501FF37,SKL,GLD,0.025,2022-04-27 18:16:34,54.0,2022-04-27,2022-04-27 13:30:00,2022-04-27 20:00:00,2022-04-27,2022-04-27 19:00:00+00:00,175.943912,2022-04-27 23:00:00+00:00,2022-04-27 19:00:00+00:00,1.0,15.0,5.0,14.0,,,,,,,,,,,,,,,,,,,,,,,,,,,
0x594F56D21ad544F6B567F3A49DB0F9a7B501FF37,0x594F56D21ad544F6B567F3A49DB0F9a7B501FF37,MATIC,FB,0.22,2022-04-22 15:32:31,57,2022-04-22,2022-04-22 13:30:00,2022-04-22 20:00:00,2022-04-22,2022-04-22 16:00:00+00:00,184.477845,2022-04-22 23:00:00+00:00,2022-04-22 16:00:00+00:00,1,14.0,4.0,13.0,,,,,,,,,,,,,,,,,,,,,,,,,,,,0x594F56D21ad544F6B567F3A49DB0F9a7B501FF37,0x594F56D21ad544F6B567F3A49DB0F9a7B501FF37,SKL,GLD,0.03,2022-04-16 20:18:41,52.0,2022-04-16,2022-04-18 13:30:00,2022-04-18 20:00:00,2022-04-18,2022-04-18 14:00:00+00:00,185.593581,2022-04-18 23:00:00+00:00,2022-04-18 14:00:00+00:00,1.0,13.0,4.0,12.0,,,,,,,,,,,,,,,,,,,,,,,,,,,
0x594F56D21ad544F6B567F3A49DB0F9a7B501FF37,0x594F56D21ad544F6B567F3A49DB0F9a7B501FF37,MATIC,ETHUSD,0.075,2022-05-02 23:38:26,58,2022-05-02,2022-05-02 13:30:00,2022-05-02 20:00:00,2022-05-02,2022-05-02 23:00:00+00:00,2861.750175,2022-05-02 23:00:00+00:00,2022-05-02 23:00:00+00:00,1,17.0,7.0,16.0,,,,,,,,,,,,,,,,,,,,,,,,,,,,0x594F56D21ad544F6B567F3A49DB0F9a7B501FF37,0x594F56D21ad544F6B567F3A49DB0F9a7B501FF37,SKL,GLD,0,2022-04-28 19:55:21,55.0,2022-04-28,2022-04-28 13:30:00,2022-04-28 20:00:00,2022-04-28,2022-04-28 20:00:00+00:00,176.9254,2022-04-28 23:00:00+00:00,2022-04-28 20:00:00+00:00,1.0,16.0,6.0,15.0,,,,,,,,,,,,,,,,,,,,,,,,,,,
0x594F56D21ad544F6B567F3A49DB0F9a7B501FF37,0x594F56D21ad544F6B567F3A49DB0F9a7B501FF37,MATIC,ETHUSD,0.075,2022-05-02 23:38:26,58,2022-05-02,2022-05-02 13:30:00,2022-05-02 20:00:00,2022-05-02,2022-05-02 23:00:00+00:00,2861.750175,2022-05-02 23:00:00+00:00,2022-05-02 23:00:00+00:00,1,17.0,7.0,16.0,,,,,,,,,,,,,,,,,,,,,,,,,,,,0x594F56D21ad544F6B567F3A49DB0F9a7B501FF37,0x594F56D21ad544F6B567F3A49DB0F9a7B501FF37,SKL,FNV,0.01,2022-04-28 19:57:12,56.0,2022-04-28,2022-04-28 13:30:00,2022-04-28 20:00:00,2022-04-28,2022-04-28 20:00:00+00:00,153.09,2022-04-28 20:00:00+00:00,2022-04-28 20:00:00+00:00,1.0,16.0,4.0,15.0,,,,,,,,,,,,,,,,,,,,,,,,,,,
0x594F56D21ad544F6B567F3A49DB0F9a7B501FF37,0x594F56D21ad544F6B567F3A49DB0F9a7B501FF37,MATIC,BTCUSD,0.05,2022-05-02 23:38:26,59,2022-05-02,2022-05-02 13:30:00,2022-05-02 20:00:00,2022-05-02,2022-05-02 23:00:00+00:00,38618.847203,2022-05-02 23:00:00+00:00,2022-05-02 23:00:00+00:00,1,17.0,3.0,16.0,,,,,,,,,,,,,,,,,,,,,,,,,,,,0x594F56D21ad544F6B567F3A49DB0F9a7B501FF37,0x594F56D21ad544F6B567F3A49DB0F9a7B501FF37,SKL,GLD,0,2022-04-28 19:55:21,55.0,2022-04-28,2022-04-28 13:30:00,2022-04-28 20:00:00,2022-04-28,2022-04-28 20:00:00+00:00,176.9254,2022-04-28 23:00:00+00:00,2022-04-28 20:00:00+00:00,1.0,16.0,6.0,15.0,,,,,,,,,,,,,,,,,,,,,,,,,,,
0x594F56D21ad544F6B567F3A49DB0F9a7B501FF37,0x594F56D21ad544F6B567F3A49DB0F9a7B501FF37,MATIC,BTCUSD,0.05,2022-05-02 23:38:26,59,2022-05-02,2022-05-02 13:30:00,2022-05-02 20:00:00,2022-05-02,2022-05-02 23:00:00+00:00,38618.847203,2022-05-02 23:00:00+00:00,2022-05-02 23:00:00+00:00,1,17.0,3.0,16.0,,,,,,,,,,,,,,,,,,,,,,,,,,,,0x594F56D21ad544F6B567F3A49DB0F9a7B501FF37,0x594F56D21ad544F6B567F3A49DB0F9a7B501FF37,SKL,FNV,0.01,2022-04-28 19:57:12,56.0,2022-04-28,2022-04-28 13:30:00,2022-04-28 20:00:00,2022-04-28,2022-04-28 20:00:00+00:00,153.09,2022-04-28 20:00:00+00:00,2022-04-28 20:00:00+00:00,1.0,16.0,4.0,15.0,,,,,,,,,,,,,,,,,,,,,,,,,,,
0x594F56D21ad544F6B567F3A49DB0F9a7B501FF37,0x594F56D21ad544F6B567F3A49DB0F9a7B501FF37,MATIC,ETHUSD,0.05,2022-05-04 15:12:56,60,2022-05-04,2022-05-04 13:30:00,2022-05-04 20:00:00,2022-05-04,2022-05-04 16:00:00+00:00,2850.969076,2022-05-04 23:00:00+00:00,2022-05-04 16:00:00+00:00,1,18.0,8.0,17.0,,,,,,,,,,,,,,,,,,,,,,,,,,,,0x594F56D21ad544F6B567F3A49DB0F9a7B501FF37,0x594F56D21ad544F6B567F3A49DB0F9a7B501FF37,MATIC,ETHUSD,0.075,2022-05-02 23:38:26,58.0,2022-05-02,2022-05-02 13:30:00,2022-05-02 20:00:00,2022-05-02,2022-05-02 23:00:00+00:00,2861.750175,2022-05-02 23:00:00+00:00,2022-05-02 23:00:00+00:00,1.0,17.0,7.0,16.0,,,,,,,,,,,,,,,,,,,,,,,,,,,
0x594F56D21ad544F6B567F3A49DB0F9a7B501FF37,0x594F56D21ad544F6B567F3A49DB0F9a7B501FF37,MATIC,ETHUSD,0.05,2022-05-04 15:12:56,60,2022-05-04,2022-05-04 13:30:00,2022-05-04 20:00:00,2022-05-04,2022-05-04 16:00:00+00:00,2850.969076,2022-05-04 23:00:00+00:00,2022-05-04 16:00:00+00:00,1,18.0,8.0,17.0,,,,,,,,,,,,,,,,,,,,,,,,,,,,0x594F56D21ad544F6B567F3A49DB0F9a7B501FF37,0x594F56D21ad544F6B567F3A49DB0F9a7B501FF37,MATIC,BTCUSD,0.05,2022-05-02 23:38:26,59.0,2022-05-02,2022-05-02 13:30:00,2022-05-02 20:00:00,2022-05-02,2022-05-02 23:00:00+00:00,38618.847203,2022-05-02 23:00:00+00:00,2022-05-02 23:00:00+00:00,1.0,17.0,3.0,16.0,,,,,,,,,,,,,,,,,,,,,,,,,,,
0x594F56D21ad544F6B567F3A49DB0F9a7B501FF37,0x594F56D21ad544F6B567F3A49DB0F9a7B501FF37,MATIC,MELI,0.025,2022-05-04 15:12:56,61,2022-05-04,2022-05-04 13:30:00,2022-05-04 20:00:00,2022-05-04,2022-05-04 16:00:00+00:00,941.241553,2022-05-04 20:00:00+00:00,2022-05-04 16:00:00+00:00,1,18.0,4.0,17.0,,,,,,,,,,,,,,,,,,,,,,,,,,,,0x594F56D21ad544F6B567F3A49DB0F9a7B501FF37,0x594F56D21ad544F6B567F3A49DB0F9a7B501FF37,MATIC,ETHUSD,0.075,2022-05-02 23:38:26,58.0,2022-05-02,2022-05-02 13:30:00,2022-05-02 20:00:00,2022-05-02,2022-05-02 23:00:00+00:00,2861.750175,2022-05-02 23:00:00+00:00,2022-05-02 23:00:00+00:00,1.0,17.0,7.0,16.0,,,,,,,,,,,,,,,,,,,,,,,,,,,
0x594F56D21ad544F6B567F3A49DB0F9a7B501FF37,0x594F56D21ad544F6B567F3A49DB0F9a7B501FF37,MATIC,MELI,0.025,2022-05-04 15:12:56,61,2022-05-04,2022-05-04 13:30:00,2022-05-04 20:00:00,2022-05-04,2022-05-04 16:00:00+00:00,941.241553,2022-05-04 20:00:00+00:00,2022-05-04 16:00:00+00:00,1,18.0,4.0,17.0,,,,,,,,,,,,,,,,,,,,,,,,,,,,0x594F56D21ad544F6B567F3A49DB0F9a7B501FF37,0x594F56D21ad544F6B567F3A49DB0F9a7B501FF37,MATIC,BTCUSD,0.05,2022-05-02 23:38:26,59.0,2022-05-02,2022-05-02 13:30:00,2022-05-02 20:00:00,2022-05-02,2022-05-02 23:00:00+00:00,38618.847203,2022-05-02 23:00:00+00:00,2022-05-02 23:00:00+00:00,1.0,17.0,3.0,16.0,,,,,,,,,,,,,,,,,,,,,,,,,,,
0x594F56D21ad544F6B567F3A49DB0F9a7B501FF37,0x594F56D21ad544F6B567F3A49DB0F9a7B501FF37,MATIC,FNV,0,2022-05-04 15:12:56,62,2022-05-04,2022-05-04 13:30:00,2022-05-04 20:00:00,2022-05-04,2022-05-04 16:00:00+00:00,152.784792,2022-05-04 20:00:00+00:00,2022-05-04 16:00:00+00:00,1,18.0,5.0,17.0,,,,,,,,,,,,,,,,,,,,,,,,,,,,0x594F56D21ad544F6B567F3A49DB0F9a7B501FF37,0x594F56D21ad544F6B567F3A49DB0F9a7B501FF37,MATIC,ETHUSD,0.075,2022-05-02 23:38:26,58.0,2022-05-02,2022-05-02 13:30:00,2022-05-02 20:00:00,2022-05-02,2022-05-02 23:00:00+00:00,2861.750175,2022-05-02 23:00:00+00:00,2022-05-02 23:00:00+00:00,1.0,17.0,7.0,16.0,,,,,,,,,,,,,,,,,,,,,,,,,,,
0x594F56D21ad544F6B567F3A49DB0F9a7B501FF37,0x594F56D21ad544F6B567F3A49DB0F9a7B501FF37,MATIC,FNV,0,2022-05-04 15:12:56,62,2022-05-04,2022-05-04 13:30:00,2022-05-04 20:00:00,2022-05-04,2022-05-04 16:00:00+00:00,152.784792,2022-05-04 20:00:00+00:00,2022-05-04 16:00:00+00:00,1,18.0,5.0,17.0,,,,,,,,,,,,,,,,,,,,,,,,,,,,0x594F56D21ad544F6B567F3A49DB0F9a7B501FF37,0x594F56D21ad544F6B567F3A49DB0F9a7B501FF37,MATIC,BTCUSD,0.05,2022-05-02 23:38:26,59.0,2022-05-02,2022-05-02 13:30:00,2022-05-02 20:00:00,2022-05-02,2022-05-02 23:00:00+00:00,38618.847203,2022-05-02 23:00:00+00:00,2022-05-02 23:00:00+00:00,1.0,17.0,3.0,16.0,,,,,,,,,,,,,,,,,,,,,,,,,,,
0x594F56D21ad544F6B567F3A49DB0F9a7B501FF37,0x594F56D21ad544F6B567F3A49DB0F9a7B501FF37,MATIC,PLTR,0.05,2022-05-04 15:12:56,63,2022-05-04,2022-05-04 13:30:00,2022-05-04 20:00:00,2022-05-04,2022-05-04 16:00:00+00:00,10.374908,2022-05-04 23:00:00+00:00,2022-05-04 16:00:00+00:00,1,18.0,1.0,17.0,,,,,,,,,,,,,,,,,,,,,,,,,,,,0x594F56D21ad544F6B567F3A49DB0F9a7B501FF37,0x594F56D21ad544F6B567F3A49DB0F9a7B501FF37,MATIC,ETHUSD,0.075,2022-05-02 23:38:26,58.0,2022-05-02,2022-05-02 13:30:00,2022-05-02 20:00:00,2022-05-02,2022-05-02 23:00:00+00:00,2861.750175,2022-05-02 23:00:00+00:00,2022-05-02 23:00:00+00:00,1.0,17.0,7.0,16.0,,,,,,,,,,,,,,,,,,,,,,,,,,,
0x594F56D21ad544F6B567F3A49DB0F9a7B501FF37,0x594F56D21ad544F6B567F3A49DB0F9a7B501FF37,MATIC,PLTR,0.05,2022-05-04 15:12:56,63,2022-05-04,2022-05-04 13:30:00,2022-05-04 20:00:00,2022-05-04,2022-05-04 16:00:00+00:00,10.374908,2022-05-04 23:00:00+00:00,2022-05-04 16:00:00+00:00,1,18.0,1.0,17.0,,,,,,,,,,,,,,,,,,,,,,,,,,,,0x594F56D21ad544F6B567F3A49DB0F9a7B501FF37,0x594F56D21ad544F6B567F3A49DB0F9a7B501FF37,MATIC,BTCUSD,0.05,2022-05-02 23:38:26,59.0,2022-05-02,2022-05-02 13:30:00,2022-05-02 20:00:00,2022-05-02,2022-05-02 23:00:00+00:00,38618.847203,2022-05-02 23:00:00+00:00,2022-05-02 23:00:00+00:00,1.0,17.0,3.0,16.0,,,,,,,,,,,,,,,,,,,,,,,,,,,
0x594F56D21ad544F6B567F3A49DB0F9a7B501FF37,0x594F56D21ad544F6B567F3A49DB0F9a7B501FF37,MATIC,V,0.05,2022-05-04 15:12:56,64,2022-05-04,2022-05-04 13:30:00,2022-05-04 20:00:00,2022-05-04,2022-05-04 16:00:00+00:00,206.449236,2022-05-04 22:00:00+00:00,2022-05-04 16:00:00+00:00,1,18.0,1.0,17.0,,,,,,,,,,,,,,,,,,,,,,,,,,,,0x594F56D21ad544F6B567F3A49DB0F9a7B501FF37,0x594F56D21ad544F6B567F3A49DB0F9a7B501FF37,MATIC,ETHUSD,0.075,2022-05-02 23:38:26,58.0,2022-05-02,2022-05-02 13:30:00,2022-05-02 20:00:00,2022-05-02,2022-05-02 23:00:00+00:00,2861.750175,2022-05-02 23:00:00+00:00,2022-05-02 23:00:00+00:00,1.0,17.0,7.0,16.0,,,,,,,,,,,,,,,,,,,,,,,,,,,
0x594F56D21ad544F6B567F3A49DB0F9a7B501FF37,0x594F56D21ad544F6B567F3A49DB0F9a7B501FF37,MATIC,V,0.05,2022-05-04 15:12:56,64,2022-05-04,2022-05-04 13:30:00,2022-05-04 20:00:00,2022-05-04,2022-05-04 16:00:00+00:00,206.449236,2022-05-04 22:00:00+00:00,2022-05-04 16:00:00+00:00,1,18.0,1.0,17.0,,,,,,,,,,,,,,,,,,,,,,,,,,,,0x594F56D21ad544F6B567F3A49DB0F9a7B501FF37,0x594F56D21ad544F6B567F3A49DB0F9a7B501FF37,MATIC,BTCUSD,0.05,2022-05-02 23:38:26,59.0,2022-05-02,2022-05-02 13:30:00,2022-05-02 20:00:00,2022-05-02,2022-05-02 23:00:00+00:00,38618.847203,2022-05-02 23:00:00+00:00,2022-05-02 23:00:00+00:00,1.0,17.0,3.0,16.0,,,,,,,,,,,,,,,,,,,,,,,,,,,
0x594F56D21ad544F6B567F3A49DB0F9a7B501FF37,0x594F56D21ad544F6B567F3A49DB0F9a7B501FF37,MATIC,UNP,0.05,2022-05-04 15:12:56,65,2022-05-04,2022-05-04 13:30:00,2022-05-04 20:00:00,2022-05-04,2022-05-04 16:00:00+00:00,233.915243,2022-05-04 22:00:00+00:00,2022-05-04 16:00:00+00:00,1,18.0,1.0,17.0,,,,,,,,,,,,,,,,,,,,,,,,,,,,0x594F56D21ad544F6B567F3A49DB0F9a7B501FF37,0x594F56D21ad544F6B567F3A49DB0F9a7B501FF37,MATIC,ETHUSD,0.075,2022-05-02 23:38:26,58.0,2022-05-02,2022-05-02 13:30:00,2022-05-02 20:00:00,2022-05-02,2022-05-02 23:00:00+00:00,2861.750175,2022-05-02 23:00:00+00:00,2022-05-02 23:00:00+00:00,1.0,17.0,7.0,16.0,,,,,,,,,,,,,,,,,,,,,,,,,,,
0x594F56D21ad544F6B567F3A49DB0F9a7B501FF37,0x594F56D21ad544F6B567F3A49DB0F9a7B501FF37,MATIC,UNP,0.05,2022-05-04 15:12:56,65,2022-05-04,2022-05-04 13:30:00,2022-05-04 20:00:00,2022-05-04,2022-05-04 16:00:00+00:00,233.915243,2022-05-04 22:00:00+00:00,2022-05-04 16:00:00+00:00,1,18.0,1.0,17.0,,,,,,,,,,,,,,,,,,,,,,,,,,,,0x594F56D21ad544F6B567F3A49DB0F9a7B501FF37,0x594F56D21ad544F6B567F3A49DB0F9a7B501FF37,MATIC,BTCUSD,0.05,2022-05-02 23:38:26,59.0,2022-05-02,2022-05-02 13:30:00,2022-05-02 20:00:00,2022-05-02,2022-05-02 23:00:00+00:00,38618.847203,2022-05-02 23:00:00+00:00,2022-05-02 23:00:00+00:00,1.0,17.0,3.0,16.0,,,,,,,,,,,,,,,,,,,,,,,,,,,
0x594F56D21ad544F6B567F3A49DB0F9a7B501FF37,0x594F56D21ad544F6B567F3A49DB0F9a7B501FF37,MATIC,ABNB,0.07,2022-05-04 15:55:25,66,2022-05-04,2022-05-04 13:30:00,2022-05-04 20:00:00,2022-05-04,2022-05-04 16:00:00+00:00,147.714979,2022-05-04 23:00:00+00:00,2022-05-04 16:00:00+00:00,1,18.0,3.0,17.0,,,,,,,,,,,,,,,,,,,,,,,,,,,,0x594F56D21ad544F6B567F3A49DB0F9a7B501FF37,0x594F56D21ad544F6B567F3A49DB0F9a7B501FF37,MATIC,ETHUSD,0.075,2022-05-02 23:38:26,58.0,2022-05-02,2022-05-02 13:30:00,2022-05-02 20:00:00,2022-05-02,2022-05-02 23:00:00+00:00,2861.750175,2022-05-02 23:00:00+00:00,2022-05-02 23:00:00+00:00,1.0,17.0,7.0,16.0,,,,,,,,,,,,,,,,,,,,,,,,,,,
0x594F56D21ad544F6B567F3A49DB0F9a7B501FF37,0x594F56D21ad544F6B567F3A49DB0F9a7B501FF37,MATIC,ABNB,0.07,2022-05-04 15:55:25,66,2022-05-04,2022-05-04 13:30:00,2022-05-04 20:00:00,2022-05-04,2022-05-04 16:00:00+00:00,147.714979,2022-05-04 23:00:00+00:00,2022-05-04 16:00:00+00:00,1,18.0,3.0,17.0,,,,,,,,,,,,,,,,,,,,,,,,,,,,0x594F56D21ad544F6B567F3A49DB0F9a7B501FF37,0x594F56D21ad544F6B567F3A49DB0F9a7B501FF37,MATIC,BTCUSD,0.05,2022-05-02 23:38:26,59.0,2022-05-02,2022-05-02 13:30:00,2022-05-02 20:00:00,2022-05-02,2022-05-02 23:00:00+00:00,38618.847203,2022-05-02 23:00:00+00:00,2022-05-02 23:00:00+00:00,1.0,17.0,3.0,16.0,,,,,,,,,,,,,,,,,,,,,,,,,,,
0x594F56D21ad544F6B567F3A49DB0F9a7B501FF37,0x594F56D21ad544F6B567F3A49DB0F9a7B501FF37,MATIC,FNF,0.05,2022-05-04 15:55:25,67,2022-05-04,2022-05-04 13:30:00,2022-05-04 20:00:00,2022-05-04,2022-05-04 16:00:00+00:00,41.43245,2022-05-04 23:00:00+00:00,2022-05-04 16:00:00+00:00,1,18.0,1.0,17.0,,,,,,,,,,,,,,,,,,,,,,,,,,,,0x594F56D21ad544F6B567F3A49DB0F9a7B501FF37,0x594F56D21ad544F6B567F3A49DB0F9a7B501FF37,MATIC,ETHUSD,0.075,2022-05-02 23:38:26,58.0,2022-05-02,2022-05-02 13:30:00,2022-05-02 20:00:00,2022-05-02,2022-05-02 23:00:00+00:00,2861.750175,2022-05-02 23:00:00+00:00,2022-05-02 23:00:00+00:00,1.0,17.0,7.0,16.0,,,,,,,,,,,,,,,,,,,,,,,,,,,
0x594F56D21ad544F6B567F3A49DB0F9a7B501FF37,0x594F56D21ad544F6B567F3A49DB0F9a7B501FF37,MATIC,FNF,0.05,2022-05-04 15:55:25,67,2022-05-04,2022-05-04 13:30:00,2022-05-04 20:00:00,2022-05-04,2022-05-04 16:00:00+00:00,41.43245,2022-05-04 23:00:00+00:00,2022-05-04 16:00:00+00:00,1,18.0,1.0,17.0,,,,,,,,,,,,,,,,,,,,,,,,,,,,0x594F56D21ad544F6B567F3A49DB0F9a7B501FF37,0x594F56D21ad544F6B567F3A49DB0F9a7B501FF37,MATIC,BTCUSD,0.05,2022-05-02 23:38:26,59.0,2022-05-02,2022-05-02 13:30:00,2022-05-02 20:00:00,2022-05-02,2022-05-02 23:00:00+00:00,38618.847203,2022-05-02 23:00:00+00:00,2022-05-02 23:00:00+00:00,1.0,17.0,3.0,16.0,,,,,,,,,,,,,,,,,,,,,,,,,,,
0x594F56D21ad544F6B567F3A49DB0F9a7B501FF37,0x594F56D21ad544F6B567F3A49DB0F9a7B501FF37,MATIC,BTCUSD,0.1,2022-05-09 20:40:05,68,2022-05-09,2022-05-09 13:30:00,2022-05-09 20:00:00,2022-05-09,2022-05-09 20:00:00+00:00,31228.833435,2022-05-09 23:00:00+00:00,2022-05-09 20:00:00+00:00,1,19.0,4.0,18.0,,,,,,,,,,,,,,,,,,,,,,,,,,,,0x594F56D21ad544F6B567F3A49DB0F9a7B501FF37,0x594F56D21ad544F6B567F3A49DB0F9a7B501FF37,MATIC,ETHUSD,0.05,2022-05-04 15:12:56,60.0,2022-05-04,2022-05-04 13:30:00,2022-05-04 20:00:00,2022-05-04,2022-05-04 16:00:00+00:00,2850.969076,2022-05-04 23:00:00+00:00,2022-05-04 16:00:00+00:00,1.0,18.0,8.0,17.0,,,,,,,,,,,,,,,,,,,,,,,,,,,
0x594F56D21ad544F6B567F3A49DB0F9a7B501FF37,0x594F56D21ad544F6B567F3A49DB0F9a7B501FF37,MATIC,BTCUSD,0.1,2022-05-09 20:40:05,68,2022-05-09,2022-05-09 13:30:00,2022-05-09 20:00:00,2022-05-09,2022-05-09 20:00:00+00:00,31228.833435,2022-05-09 23:00:00+00:00,2022-05-09 20:00:00+00:00,1,19.0,4.0,18.0,,,,,,,,,,,,,,,,,,,,,,,,,,,,0x594F56D21ad544F6B567F3A49DB0F9a7B501FF37,0x594F56D21ad544F6B567F3A49DB0F9a7B501FF37,MATIC,MELI,0.025,2022-05-04 15:12:56,61.0,2022-05-04,2022-05-04 13:30:00,2022-05-04 20:00:00,2022-05-04,2022-05-04 16:00:00+00:00,941.241553,2022-05-04 20:00:00+00:00,2022-05-04 16:00:00+00:00,1.0,18.0,4.0,17.0,,,,,,,,,,,,,,,,,,,,,,,,,,,
0x594F56D21ad544F6B567F3A49DB0F9a7B501FF37,0x594F56D21ad544F6B567F3A49DB0F9a7B501FF37,MATIC,BTCUSD,0.1,2022-05-09 20:40:05,68,2022-05-09,2022-05-09 13:30:00,2022-05-09 20:00:00,2022-05-09,2022-05-09 20:00:00+00:00,31228.833435,2022-05-09 23:00:00+00:00,2022-05-09 20:00:00+00:00,1,19.0,4.0,18.0,,,,,,,,,,,,,,,,,,,,,,,,,,,,0x594F56D21ad544F6B567F3A49DB0F9a7B501FF37,0x594F56D21ad544F6B567F3A49DB0F9a7B501FF37,MATIC,FNV,0,2022-05-04 15:12:56,62.0,2022-05-04,2022-05-04 13:30:00,2022-05-04 20:00:00,2022-05-04,2022-05-04 16:00:00+00:00,152.784792,2022-05-04 20:00:00+00:00,2022-05-04 16:00:00+00:00,1.0,18.0,5.0,17.0,,,,,,,,,,,,,,,,,,,,,,,,,,,
0x594F56D21ad544F6B567F3A49DB0F9a7B501FF37,0x594F56D21ad544F6B567F3A49DB0F9a7B501FF37,MATIC,BTCUSD,0.1,2022-05-09 20:40:05,68,2022-05-09,2022-05-09 13:30:00,2022-05-09 20:00:00,2022-05-09,2022-05-09 20:00:00+00:00,31228.833435,2022-05-09 23:00:00+00:00,2022-05-09 20:00:00+00:00,1,19.0,4.0,18.0,,,,,,,,,,,,,,,,,,,,,,,,,,,,0x594F56D21ad544F6B567F3A49DB0F9a7B501FF37,0x594F56D21ad544F6B567F3A49DB0F9a7B501FF37,MATIC,PLTR,0.05,2022-05-04 15:12:56,63.0,2022-05-04,2022-05-04 13:30:00,2022-05-04 20:00:00,2022-05-04,2022-05-04 16:00:00+00:00,10.374908,2022-05-04 23:00:00+00:00,2022-05-04 16:00:00+00:00,1.0,18.0,1.0,17.0,,,,,,,,,,,,,,,,,,,,,,,,,,,
0x594F56D21ad544F6B567F3A49DB0F9a7B501FF37,0x594F56D21ad544F6B567F3A49DB0F9a7B501FF37,MATIC,BTCUSD,0.1,2022-05-09 20:40:05,68,2022-05-09,2022-05-09 13:30:00,2022-05-09 20:00:00,2022-05-09,2022-05-09 20:00:00+00:00,31228.833435,2022-05-09 23:00:00+00:00,2022-05-09 20:00:00+00:00,1,19.0,4.0,18.0,,,,,,,,,,,,,,,,,,,,,,,,,,,,0x594F56D21ad544F6B567F3A49DB0F9a7B501FF37,0x594F56D21ad544F6B567F3A49DB0F9a7B501FF37,MATIC,V,0.05,2022-05-04 15:12:56,64.0,2022-05-04,2022-05-04 13:30:00,2022-05-04 20:00:00,2022-05-04,2022-05-04 16:00:00+00:00,206.449236,2022-05-04 22:00:00+00:00,2022-05-04 16:00:00+00:00,1.0,18.0,1.0,17.0,,,,,,,,,,,,,,,,,,,,,,,,,,,
0x594F56D21ad544F6B567F3A49DB0F9a7B501FF37,0x594F56D21ad544F6B567F3A49DB0F9a7B501FF37,MATIC,BTCUSD,0.1,2022-05-09 20:40:05,68,2022-05-09,2022-05-09 13:30:00,2022-05-09 20:00:00,2022-05-09,2022-05-09 20:00:00+00:00,31228.833435,2022-05-09 23:00:00+00:00,2022-05-09 20:00:00+00:00,1,19.0,4.0,18.0,,,,,,,,,,,,,,,,,,,,,,,,,,,,0x594F56D21ad544F6B567F3A49DB0F9a7B501FF37,0x594F56D21ad544F6B567F3A49DB0F9a7B501FF37,MATIC,UNP,0.05,2022-05-04 15:12:56,65.0,2022-05-04,2022-05-04 13:30:00,2022-05-04 20:00:00,2022-05-04,2022-05-04 16:00:00+00:00,233.915243,2022-05-04 22:00:00+00:00,2022-05-04 16:00:00+00:00,1.0,18.0,1.0,17.0,,,,,,,,,,,,,,,,,,,,,,,,,,,
0x594F56D21ad544F6B567F3A49DB0F9a7B501FF37,0x594F56D21ad544F6B567F3A49DB0F9a7B501FF37,MATIC,BTCUSD,0.1,2022-05-09 20:40:05,68,2022-05-09,2022-05-09 13:30:00,2022-05-09 20:00:00,2022-05-09,2022-05-09 20:00:00+00:00,31228.833435,2022-05-09 23:00:00+00:00,2022-05-09 20:00:00+00:00,1,19.0,4.0,18.0,,,,,,,,,,,,,,,,,,,,,,,,,,,,0x594F56D21ad544F6B567F3A49DB0F9a7B501FF37,0x594F56D21ad544F6B567F3A49DB0F9a7B501FF37,MATIC,ABNB,0.07,2022-05-04 15:55:25,66.0,2022-05-04,2022-05-04 13:30:00,2022-05-04 20:00:00,2022-05-04,2022-05-04 16:00:00+00:00,147.714979,2022-05-04 23:00:00+00:00,2022-05-04 16:00:00+00:00,1.0,18.0,3.0,17.0,,,,,,,,,,,,,,,,,,,,,,,,,,,
0x594F56D21ad544F6B567F3A49DB0F9a7B501FF37,0x594F56D21ad544F6B567F3A49DB0F9a7B501FF37,MATIC,BTCUSD,0.1,2022-05-09 20:40:05,68,2022-05-09,2022-05-09 13:30:00,2022-05-09 20:00:00,2022-05-09,2022-05-09 20:00:00+00:00,31228.833435,2022-05-09 23:00:00+00:00,2022-05-09 20:00:00+00:00,1,19.0,4.0,18.0,,,,,,,,,,,,,,,,,,,,,,,,,,,,0x594F56D21ad544F6B567F3A49DB0F9a7B501FF37,0x594F56D21ad544F6B567F3A49DB0F9a7B501FF37,MATIC,FNF,0.05,2022-05-04 15:55:25,67.0,2022-05-04,2022-05-04 13:30:00,2022-05-04 20:00:00,2022-05-04,2022-05-04 16:00:00+00:00,41.43245,2022-05-04 23:00:00+00:00,2022-05-04 16:00:00+00:00,1.0,18.0,1.0,17.0,,,,,,,,,,,,,,,,,,,,,,,,,,,
0x594F56D21ad544F6B567F3A49DB0F9a7B501FF37,0x594F56D21ad544F6B567F3A49DB0F9a7B501FF37,MATIC,ETHUSD,0.12,2022-05-09 20:40:05,69,2022-05-09,2022-05-09 13:30:00,2022-05-09 20:00:00,2022-05-09,2022-05-09 20:00:00+00:00,2300.250181,2022-05-09 23:00:00+00:00,2022-05-09 20:00:00+00:00,1,19.0,9.0,18.0,,,,,,,,,,,,,,,,,,,,,,,,,,,,0x594F56D21ad544F6B567F3A49DB0F9a7B501FF37,0x594F56D21ad544F6B567F3A49DB0F9a7B501FF37,MATIC,ETHUSD,0.05,2022-05-04 15:12:56,60.0,2022-05-04,2022-05-04 13:30:00,2022-05-04 20:00:00,2022-05-04,2022-05-04 16:00:00+00:00,2850.969076,2022-05-04 23:00:00+00:00,2022-05-04 16:00:00+00:00,1.0,18.0,8.0,17.0,,,,,,,,,,,,,,,,,,,,,,,,,,,
0x594F56D21ad544F6B567F3A49DB0F9a7B501FF37,0x594F56D21ad544F6B567F3A49DB0F9a7B501FF37,MATIC,ETHUSD,0.12,2022-05-09 20:40:05,69,2022-05-09,2022-05-09 13:30:00,2022-05-09 20:00:00,2022-05-09,2022-05-09 20:00:00+00:00,2300.250181,2022-05-09 23:00:00+00:00,2022-05-09 20:00:00+00:00,1,19.0,9.0,18.0,,,,,,,,,,,,,,,,,,,,,,,,,,,,0x594F56D21ad544F6B567F3A49DB0F9a7B501FF37,0x594F56D21ad544F6B567F3A49DB0F9a7B501FF37,MATIC,MELI,0.025,2022-05-04 15:12:56,61.0,2022-05-04,2022-05-04 13:30:00,2022-05-04 20:00:00,2022-05-04,2022-05-04 16:00:00+00:00,941.241553,2022-05-04 20:00:00+00:00,2022-05-04 16:00:00+00:00,1.0,18.0,4.0,17.0,,,,,,,,,,,,,,,,,,,,,,,,,,,
0x594F56D21ad544F6B567F3A49DB0F9a7B501FF37,0x594F56D21ad544F6B567F3A49DB0F9a7B501FF37,MATIC,ETHUSD,0.12,2022-05-09 20:40:05,69,2022-05-09,2022-05-09 13:30:00,2022-05-09 20:00:00,2022-05-09,2022-05-09 20:00:00+00:00,2300.250181,2022-05-09 23:00:00+00:00,2022-05-09 20:00:00+00:00,1,19.0,9.0,18.0,,,,,,,,,,,,,,,,,,,,,,,,,,,,0x594F56D21ad544F6B567F3A49DB0F9a7B501FF37,0x594F56D21ad544F6B567F3A49DB0F9a7B501FF37,MATIC,FNV,0,2022-05-04 15:12:56,62.0,2022-05-04,2022-05-04 13:30:00,2022-05-04 20:00:00,2022-05-04,2022-05-04 16:00:00+00:00,152.784792,2022-05-04 20:00:00+00:00,2022-05-04 16:00:00+00:00,1.0,18.0,5.0,17.0,,,,,,,,,,,,,,,,,,,,,,,,,,,
0x594F56D21ad544F6B567F3A49DB0F9a7B501FF37,0x594F56D21ad544F6B567F3A49DB0F9a7B501FF37,MATIC,ETHUSD,0.12,2022-05-09 20:40:05,69,2022-05-09,2022-05-09 13:30:00,2022-05-09 20:00:00,2022-05-09,2022-05-09 20:00:00+00:00,2300.250181,2022-05-09 23:00:00+00:00,2022-05-09 20:00:00+00:00,1,19.0,9.0,18.0,,,,,,,,,,,,,,,,,,,,,,,,,,,,0x594F56D21ad544F6B567F3A49DB0F9a7B501FF37,0x594F56D21ad544F6B567F3A49DB0F9a7B501FF37,MATIC,PLTR,0.05,2022-05-04 15:12:56,63.0,2022-05-04,2022-05-04 13:30:00,2022-05-04 20:00:00,2022-05-04,2022-05-04 16:00:00+00:00,10.374908,2022-05-04 23:00:00+00:00,2022-05-04 16:00:00+00:00,1.0,18.0,1.0,17.0,,,,,,,,,,,,,,,,,,,,,,,,,,,
0x594F56D21ad544F6B567F3A49DB0F9a7B501FF37,0x594F56D21ad544F6B567F3A49DB0F9a7B501FF37,MATIC,ETHUSD,0.12,2022-05-09 20:40:05,69,2022-05-09,2022-05-09 13:30:00,2022-05-09 20:00:00,2022-05-09,2022-05-09 20:00:00+00:00,2300.250181,2022-05-09 23:00:00+00:00,2022-05-09 20:00:00+00:00,1,19.0,9.0,18.0,,,,,,,,,,,,,,,,,,,,,,,,,,,,0x594F56D21ad544F6B567F3A49DB0F9a7B501FF37,0x594F56D21ad544F6B567F3A49DB0F9a7B501FF37,MATIC,V,0.05,2022-05-04 15:12:56,64.0,2022-05-04,2022-05-04 13:30:00,2022-05-04 20:00:00,2022-05-04,2022-05-04 16:00:00+00:00,206.449236,2022-05-04 22:00:00+00:00,2022-05-04 16:00:00+00:00,1.0,18.0,1.0,17.0,,,,,,,,,,,,,,,,,,,,,,,,,,,
0x594F56D21ad544F6B567F3A49DB0F9a7B501FF37,0x594F56D21ad544F6B567F3A49DB0F9a7B501FF37,MATIC,ETHUSD,0.12,2022-05-09 20:40:05,69,2022-05-09,2022-05-09 13:30:00,2022-05-09 20:00:00,2022-05-09,2022-05-09 20:00:00+00:00,2300.250181,2022-05-09 23:00:00+00:00,2022-05-09 20:00:00+00:00,1,19.0,9.0,18.0,,,,,,,,,,,,,,,,,,,,,,,,,,,,0x594F56D21ad544F6B567F3A49DB0F9a7B501FF37,0x594F56D21ad544F6B567F3A49DB0F9a7B501FF37,MATIC,UNP,0.05,2022-05-04 15:12:56,65.0,2022-05-04,2022-05-04 13:30:00,2022-05-04 20:00:00,2022-05-04,2022-05-04 16:00:00+00:00,233.915243,2022-05-04 22:00:00+00:00,2022-05-04 16:00:00+00:00,1.0,18.0,1.0,17.0,,,,,,,,,,,,,,,,,,,,,,,,,,,
0x594F56D21ad544F6B567F3A49DB0F9a7B501FF37,0x594F56D21ad544F6B567F3A49DB0F9a7B501FF37,MATIC,ETHUSD,0.12,2022-05-09 20:40:05,69,2022-05-09,2022-05-09 13:30:00,2022-05-09 20:00:00,2022-05-09,2022-05-09 20:00:00+00:00,2300.250181,2022-05-09 23:00:00+00:00,2022-05-09 20:00:00+00:00,1,19.0,9.0,18.0,,,,,,,,,,,,,,,,,,,,,,,,,,,,0x594F56D21ad544F6B567F3A49DB0F9a7B501FF37,0x594F56D21ad544F6B567F3A49DB0F9a7B501FF37,MATIC,ABNB,0.07,2022-05-04 15:55:25,66.0,2022-05-04,2022-05-04 13:30:00,2022-05-04 20:00:00,2022-05-04,2022-05-04 16:00:00+00:00,147.714979,2022-05-04 23:00:00+00:00,2022-05-04 16:00:00+00:00,1.0,18.0,3.0,17.0,,,,,,,,,,,,,,,,,,,,,,,,,,,
0x594F56D21ad544F6B567F3A49DB0F9a7B501FF37,0x594F56D21ad544F6B567F3A49DB0F9a7B501FF37,MATIC,ETHUSD,0.12,2022-05-09 20:40:05,69,2022-05-09,2022-05-09 13:30:00,2022-05-09 20:00:00,2022-05-09,2022-05-09 20:00:00+00:00,2300.250181,2022-05-09 23:00:00+00:00,2022-05-09 20:00:00+00:00,1,19.0,9.0,18.0,,,,,,,,,,,,,,,,,,,,,,,,,,,,0x594F56D21ad544F6B567F3A49DB0F9a7B501FF37,0x594F56D21ad544F6B567F3A49DB0F9a7B501FF37,MATIC,FNF,0.05,2022-05-04 15:55:25,67.0,2022-05-04,2022-05-04 13:30:00,2022-05-04 20:00:00,2022-05-04,2022-05-04 16:00:00+00:00,41.43245,2022-05-04 23:00:00+00:00,2022-05-04 16:00:00+00:00,1.0,18.0,1.0,17.0,,,,,,,,,,,,,,,,,,,,,,,,,,,
0x594F56D21ad544F6B567F3A49DB0F9a7B501FF37,0x594F56D21ad544F6B567F3A49DB0F9a7B501FF37,MATIC,ETHUSD,0.05,2022-05-10 17:30:44,70,2022-05-10,2022-05-10 13:30:00,2022-05-10 20:00:00,2022-05-10,2022-05-10 18:00:00+00:00,2379.346694,2022-05-10 23:00:00+00:00,2022-05-10 18:00:00+00:00,1,20.0,10.0,19.0,,,,,,,,,,,,,,,,,,,,,,,,,,,,0x594F56D21ad544F6B567F3A49DB0F9a7B501FF37,0x594F56D21ad544F6B567F3A49DB0F9a7B501FF37,MATIC,BTCUSD,0.1,2022-05-09 20:40:05,68.0,2022-05-09,2022-05-09 13:30:00,2022-05-09 20:00:00,2022-05-09,2022-05-09 20:00:00+00:00,31228.833435,2022-05-09 23:00:00+00:00,2022-05-09 20:00:00+00:00,1.0,19.0,4.0,18.0,,,,,,,,,,,,,,,,,,,,,,,,,,,
0x594F56D21ad544F6B567F3A49DB0F9a7B501FF37,0x594F56D21ad544F6B567F3A49DB0F9a7B501FF37,MATIC,ETHUSD,0.05,2022-05-10 17:30:44,70,2022-05-10,2022-05-10 13:30:00,2022-05-10 20:00:00,2022-05-10,2022-05-10 18:00:00+00:00,2379.346694,2022-05-10 23:00:00+00:00,2022-05-10 18:00:00+00:00,1,20.0,10.0,19.0,,,,,,,,,,,,,,,,,,,,,,,,,,,,0x594F56D21ad544F6B567F3A49DB0F9a7B501FF37,0x594F56D21ad544F6B567F3A49DB0F9a7B501FF37,MATIC,ETHUSD,0.12,2022-05-09 20:40:05,69.0,2022-05-09,2022-05-09 13:30:00,2022-05-09 20:00:00,2022-05-09,2022-05-09 20:00:00+00:00,2300.250181,2022-05-09 23:00:00+00:00,2022-05-09 20:00:00+00:00,1.0,19.0,9.0,18.0,,,,,,,,,,,,,,,,,,,,,,,,,,,
0x594F56D21ad544F6B567F3A49DB0F9a7B501FF37,0x594F56D21ad544F6B567F3A49DB0F9a7B501FF37,MATIC,BTCUSD,0.05,2022-05-10 17:30:44,71,2022-05-10,2022-05-10 13:30:00,2022-05-10 20:00:00,2022-05-10,2022-05-10 18:00:00+00:00,31585.086203,2022-05-10 23:00:00+00:00,2022-05-10 18:00:00+00:00,1,20.0,5.0,19.0,,,,,,,,,,,,,,,,,,,,,,,,,,,,0x594F56D21ad544F6B567F3A49DB0F9a7B501FF37,0x594F56D21ad544F6B567F3A49DB0F9a7B501FF37,MATIC,BTCUSD,0.1,2022-05-09 20:40:05,68.0,2022-05-09,2022-05-09 13:30:00,2022-05-09 20:00:00,2022-05-09,2022-05-09 20:00:00+00:00,31228.833435,2022-05-09 23:00:00+00:00,2022-05-09 20:00:00+00:00,1.0,19.0,4.0,18.0,,,,,,,,,,,,,,,,,,,,,,,,,,,
0x594F56D21ad544F6B567F3A49DB0F9a7B501FF37,0x594F56D21ad544F6B567F3A49DB0F9a7B501FF37,MATIC,BTCUSD,0.05,2022-05-10 17:30:44,71,2022-05-10,2022-05-10 13:30:00,2022-05-10 20:00:00,2022-05-10,2022-05-10 18:00:00+00:00,31585.086203,2022-05-10 23:00:00+00:00,2022-05-10 18:00:00+00:00,1,20.0,5.0,19.0,,,,,,,,,,,,,,,,,,,,,,,,,,,,0x594F56D21ad544F6B567F3A49DB0F9a7B501FF37,0x594F56D21ad544F6B567F3A49DB0F9a7B501FF37,MATIC,ETHUSD,0.12,2022-05-09 20:40:05,69.0,2022-05-09,2022-05-09 13:30:00,2022-05-09 20:00:00,2022-05-09,2022-05-09 20:00:00+00:00,2300.250181,2022-05-09 23:00:00+00:00,2022-05-09 20:00:00+00:00,1.0,19.0,9.0,18.0,,,,,,,,,,,,,,,,,,,,,,,,,,,
0x594F56D21ad544F6B567F3A49DB0F9a7B501FF37,0x594F56D21ad544F6B567F3A49DB0F9a7B501FF37,MATIC,ETHUSD,0,2022-05-11 13:39:10,72,2022-05-11,2022-05-11 13:30:00,2022-05-11 20:00:00,2022-05-11,2022-05-11 14:00:00+00:00,2339.562042,2022-05-11 23:00:00+00:00,2022-05-11 14:00:00+00:00,1,21.0,11.0,20.0,,,,,,,,,,,,,,,,,,,,,,,,,,,,0x594F56D21ad544F6B567F3A49DB0F9a7B501FF37,0x594F56D21ad544F6B567F3A49DB0F9a7B501FF37,MATIC,ETHUSD,0.05,2022-05-10 17:30:44,70.0,2022-05-10,2022-05-10 13:30:00,2022-05-10 20:00:00,2022-05-10,2022-05-10 18:00:00+00:00,2379.346694,2022-05-10 23:00:00+00:00,2022-05-10 18:00:00+00:00,1.0,20.0,10.0,19.0,,,,,,,,,,,,,,,,,,,,,,,,,,,
0x594F56D21ad544F6B567F3A49DB0F9a7B501FF37,0x594F56D21ad544F6B567F3A49DB0F9a7B501FF37,MATIC,ETHUSD,0,2022-05-11 13:39:10,72,2022-05-11,2022-05-11 13:30:00,2022-05-11 20:00:00,2022-05-11,2022-05-11 14:00:00+00:00,2339.562042,2022-05-11 23:00:00+00:00,2022-05-11 14:00:00+00:00,1,21.0,11.0,20.0,,,,,,,,,,,,,,,,,,,,,,,,,,,,0x594F56D21ad544F6B567F3A49DB0F9a7B501FF37,0x594F56D21ad544F6B567F3A49DB0F9a7B501FF37,MATIC,BTCUSD,0.05,2022-05-10 17:30:44,71.0,2022-05-10,2022-05-10 13:30:00,2022-05-10 20:00:00,2022-05-10,2022-05-10 18:00:00+00:00,31585.086203,2022-05-10 23:00:00+00:00,2022-05-10 18:00:00+00:00,1.0,20.0,5.0,19.0,,,,,,,,,,,,,,,,,,,,,,,,,,,
0x594F56D21ad544F6B567F3A49DB0F9a7B501FF37,0x594F56D21ad544F6B567F3A49DB0F9a7B501FF37,MATIC,TLT,0.16,2022-05-18 20:53:52,73,2022-05-18,2022-05-18 13:30:00,2022-05-18 20:00:00,2022-05-18,2022-05-18 20:00:00+00:00,116.934969,2022-05-18 23:00:00+00:00,2022-05-18 20:00:00+00:00,1,22.0,5.0,21.0,,,,,,,,,,,,,,,,,,,,,,,,,,,,0x594F56D21ad544F6B567F3A49DB0F9a7B501FF37,0x594F56D21ad544F6B567F3A49DB0F9a7B501FF37,MATIC,ETHUSD,0,2022-05-11 13:39:10,72.0,2022-05-11,2022-05-11 13:30:00,2022-05-11 20:00:00,2022-05-11,2022-05-11 14:00:00+00:00,2339.562042,2022-05-11 23:00:00+00:00,2022-05-11 14:00:00+00:00,1.0,21.0,11.0,20.0,,,,,,,,,,,,,,,,,,,,,,,,,,,
0x594F56D21ad544F6B567F3A49DB0F9a7B501FF37,0x594F56D21ad544F6B567F3A49DB0F9a7B501FF37,MATIC,ETHUSD,0.05,2022-05-26 20:23:14,74,2022-05-26,2022-05-26 13:30:00,2022-05-26 20:00:00,2022-05-26,2022-05-26 20:00:00+00:00,1824.610994,2022-05-26 23:00:00+00:00,2022-05-26 20:00:00+00:00,1,23.0,12.0,22.0,,,,,,,,,,,,,,,,,,,,,,,,,,,,0x594F56D21ad544F6B567F3A49DB0F9a7B501FF37,0x594F56D21ad544F6B567F3A49DB0F9a7B501FF37,MATIC,TLT,0.16,2022-05-18 20:53:52,73.0,2022-05-18,2022-05-18 13:30:00,2022-05-18 20:00:00,2022-05-18,2022-05-18 20:00:00+00:00,116.934969,2022-05-18 23:00:00+00:00,2022-05-18 20:00:00+00:00,1.0,22.0,5.0,21.0,,,,,,,,,,,,,,,,,,,,,,,,,,,
0x594F56D21ad544F6B567F3A49DB0F9a7B501FF37,0x594F56D21ad544F6B567F3A49DB0F9a7B501FF37,MATIC,FB,0.25,2022-06-01 15:18:13,75,2022-06-01,2022-06-01 13:30:00,2022-06-01 20:00:00,2022-06-01,2022-06-01 16:00:00+00:00,191.688127,2022-06-01 23:00:00+00:00,2022-06-01 16:00:00+00:00,1,24.0,5.0,23.0,,,,,,,,,,,,,,,,,,,,,,,,,,,,0x594F56D21ad544F6B567F3A49DB0F9a7B501FF37,0x594F56D21ad544F6B567F3A49DB0F9a7B501FF37,MATIC,ETHUSD,0.05,2022-05-26 20:23:14,74.0,2022-05-26,2022-05-26 13:30:00,2022-05-26 20:00:00,2022-05-26,2022-05-26 20:00:00+00:00,1824.610994,2022-05-26 23:00:00+00:00,2022-05-26 20:00:00+00:00,1.0,23.0,12.0,22.0,,,,,,,,,,,,,,,,,,,,,,,,,,,
