trade_id,address,chain,symbol,target_position_value,entry_date_time,next_market_open,market_entry_date_time,market_entry_date,vwap
1,0x211FE601e24cE89Cb443356F687C67fbf7708412,SKL,AMZN,0.047,2021-12-31 00:40:22,2021-12-31 14:30:00,2021-12-31 15:00:00,2021-12-31,3359.491172
2,0x211FE601e24cE89Cb443356F687C67fbf7708412,SKL,BTCUSD,0.047,2021-12-31 00:40:22,2021-12-31 14:30:00,2021-12-31 15:00:00,2021-12-31,47938.475093
3,0x211FE601e24cE89Cb443356F687C67fbf7708412,SKL,KWEB,0.044,2021-12-31 00:40:22,2021-12-31 14:30:00,2021-12-31 15:00:00,2021-12-31,37.007438
4,0x211FE601e24cE89Cb443356F687C67fbf7708412,SKL,SUI,0.042,2021-12-31 00:40:22,2021-12-31 14:30:00,2021-12-31 15:00:00,2021-12-31,210.219347
5,0x211FE601e24cE89Cb443356F687C67fbf7708412,SKL,TECK,0.041,2021-12-31 00:40:22,2021-12-31 14:30:00,2021-12-31 15:00:00,2021-12-31,28.445375
6,0x211FE601e24cE89Cb443356F687C67fbf7708412,SKL,BILL,0.039,2021-12-31 00:40:22,2021-12-31 14:30:00,2021-12-31 15:00:00,2021-12-31,253.083537
7,0x211FE601e24cE89Cb443356F687C67fbf7708412,SKL,CRON,0.038,2021-12-31 00:40:22,2021-12-31 14:30:00,2021-12-31 15:00:00,2021-12-31,4.08058
8,0x211FE601e24cE89Cb443356F687C67fbf7708412,SKL,TBT,0.034,2021-12-31 00:40:22,2021-12-31 14:30:00,2021-12-31 15:00:00,2021-12-31,16.904778
9,0x211FE601e24cE89Cb443356F687C67fbf7708412,SKL,WDAY,0.034,2021-12-31 00:40:22,2021-12-31 14:30:00,2021-12-31 15:00:00,2021-12-31,275.975268
10,0x211FE601e24cE89Cb443356F687C67fbf7708412,SKL,WIX,0.032,2021-12-31 00:40:22,2021-12-31 14:30:00,2021-12-31 15:00:00,2021-12-31,158.004225
11,0x211FE601e24cE89Cb443356F687C67fbf7708412,SKL,TV,0.030,2021-12-31 00:40:22,2021-12-31 14:30:00,2021-12-31 15:00:00,2021-12-31,9.405714
12,0x211FE601e24cE89Cb443356F687C67fbf7708412,SKL,V,0.030,2021-12-31 00:40:22,2021-12-31 14:30:00,2021-12-31 15:00:00,2021-12-31,217.179411
13,0x211FE601e24cE89Cb443356F687C67fbf7708412,SKL,GOOGL,0.029,2021-12-31 00:40:22,2021-12-31 14:30:00,2021-12-31 15:00:00,2021-12-31,2910.093822
14,0x211FE601e24cE89Cb443356F687C67fbf7708412,SKL,DLTR,0.029,2021-12-31 00:40:22,2021-12-31 14:30:00,2021-12-31 15:00:00,2021-12-31,140.672356
15,0x211FE601e24cE89Cb443356F687C67fbf7708412,SKL,LITE,0.029,2021-12-31 00:40:22,2021-12-31 14:30:00,2021-12-31 15:00:00,2021-12-31,106.402143
16,0x211FE601e24cE89Cb443356F687C67fbf7708412,SKL,GDS,0.027,2021-12-31 00:40:22,2021-12-31 14:30:00,2021-12-31 15:00:00,2021-12-31,47.264682
17,0x211FE601e24cE89Cb443356F687C67fbf7708412,SKL,ZD,0.027,2021-12-31 00:40:22,2021-12-31 14:30:00,2021-12-31 15:00:00,2021-12-31,111.719097
18,0x211FE601e24cE89Cb443356F687C67fbf7708412,SKL,CRWD,0.027,2021-12-31 00:40:22,2021-12-31 14:30:00,2021-12-31 15:00:00,2021-12-31,206.63051
19,0x211FE601e24cE89Cb443356F687C67fbf7708412,SKL,SLV,0.027,2021-12-31 00:40:22,2021-12-31 14:30:00,2021-12-31 15:00:00,2021-12-31,21.40122
20,0x211FE601e24cE89Cb443356F687C67fbf7708412,SKL,BIDU,0.027,2021-12-31 00:40:22,2021-12-31 14:30:00,2021-12-31 15:00:00,2021-12-31,149.240727
21,0x211FE601e24cE89Cb443356F687C67fbf7708412,SKL,BABA,0.026,2021-12-31 00:40:22,2021-12-31 14:30:00,2021-12-31 15:00:00,2021-12-31,119.806665
22,0x211FE601e24cE89Cb443356F687C67fbf7708412,SKL,TSM,0.026,2021-12-31 00:40:22,2021-12-31 14:30:00,2021-12-31 15:00:00,2021-12-31,120.785804
23,0x211FE601e24cE89Cb443356F687C67fbf7708412,SKL,CNHI,0.025,2021-12-31 00:40:22,2021-12-31 14:30:00,2021-12-31 15:00:00,2021-12-31,19.303889
24,0x211FE601e24cE89Cb443356F687C67fbf7708412,SKL,VALE,0.025,2021-12-31 00:40:22,2021-12-31 14:30:00,2021-12-31 15:00:00,2021-12-31,13.969974
25,0x211FE601e24cE89Cb443356F687C67fbf7708412,SKL,IFF,0.024,2021-12-31 00:40:22,2021-12-31 14:30:00,2021-12-31 15:00:00,2021-12-31,148.933471
26,0x211FE601e24cE89Cb443356F687C67fbf7708412,SKL,CME,0.024,2021-12-31 00:40:22,2021-12-31 14:30:00,2021-12-31 15:00:00,2021-12-31,228.74697
27,0x211FE601e24cE89Cb443356F687C67fbf7708412,SKL,SCHW,0.024,2021-12-31 00:40:22,2021-12-31 14:30:00,2021-12-31 15:00:00,2021-12-31,83.976972
28,0x211FE601e24cE89Cb443356F687C67fbf7708412,SKL,SPGI,0.024,2021-12-31 00:40:22,2021-12-31 14:30:00,2021-12-31 15:00:00,2021-12-31,470.458081
29,0x211FE601e24cE89Cb443356F687C67fbf7708412,SKL,CCI,0.023,2021-12-31 00:40:22,2021-12-31 14:30:00,2021-12-31 15:00:00,2021-12-31,209.133862
30,0x211FE601e24cE89Cb443356F687C67fbf7708412,SKL,NOAH,0.023,2021-12-31 00:40:22,2021-12-31 14:30:00,2021-12-31 15:00:00,2021-12-31,30.735
31,0x211FE601e24cE89Cb443356F687C67fbf7708412,SKL,JBT,0.023,2021-12-31 00:40:22,2021-12-31 14:30:00,2021-12-31 15:00:00,2021-12-31,153.617402
32,0x211FE601e24cE89Cb443356F687C67fbf7708412,SKL,LUNAUSD,0.022,2021-12-31 00:40:22,2021-12-31 14:30:00,2021-12-31 15:00:00,2021-12-31,
33,0x211FE601e24cE89Cb443356F687C67fbf7708412,SKL,WLTW,0.022,2021-12-31 00:40:22,2021-12-31 14:30:00,2021-12-31 15:00:00,2021-12-31,237.671542
34,0x211FE601e24cE89Cb443356F687C67fbf7708412,SKL,EWZ,0.022,2021-12-31 00:40:22,2021-12-31 14:30:00,2021-12-31 15:00:00,2021-12-31,27.947662
35,0x211FE601e24cE89Cb443356F687C67fbf7708412,SKL,FIVN,0.021,2021-12-31 00:40:22,2021-12-31 14:30:00,2021-12-31 15:00:00,2021-12-31,138.085777
36,0x211FE601e24cE89Cb443356F687C67fbf7708412,SKL,FOUR,0.020,2021-12-31 00:40:22,2021-12-31 14:30:00,2021-12-31 15:00:00,2021-12-31,59.449107
37,0x211FE601e24cE89Cb443356F687C67fbf7708412,SKL,SHOP,0.020,2021-12-31 00:40:22,2021-12-31 14:30:00,2021-12-31 15:00:00,2021-12-31,1392.034482
38,0x211FE601e24cE89Cb443356F687C67fbf7708412,SKL,ENS,0.020,2021-12-31 00:40:22,2021-12-31 14:30:00,2021-12-31 15:00:00,2021-12-31,79.092541
39,0x211FE601e24cE89Cb443356F687C67fbf7708412,SKL,SWK,0.020,2021-12-31 00:40:22,2021-12-31 14:30:00,2021-12-31 15:00:00,2021-12-31,186.842539
40,0x211FE601e24cE89Cb443356F687C67fbf7708412,SKL,IIVI,0.020,2021-12-31 00:40:22,2021-12-31 14:30:00,2021-12-31 15:00:00,2021-12-31,68.39
41,0x211FE601e24cE89Cb443356F687C67fbf7708412,SKL,SPOT,0.020,2021-12-31 00:40:22,2021-12-31 14:30:00,2021-12-31 15:00:00,2021-12-31,238.036745
42,0x211FE601e24cE89Cb443356F687C67fbf7708412,SKL,ECH,0.020,2021-12-31 00:40:22,2021-12-31 14:30:00,2021-12-31 15:00:00,2021-12-31,23.0025
43,0x211FE601e24cE89Cb443356F687C67fbf7708412,SKL,FWONK,0.020,2021-12-31 00:40:22,2021-12-31 14:30:00,2021-12-31 15:00:00,2021-12-31,62.91901
44,0x211FE601e24cE89Cb443356F687C67fbf7708412,SKL,ETHUSD,0.020,2021-12-31 00:40:22,2021-12-31 14:30:00,2021-12-31 15:00:00,2021-12-31,3791.079163
45,0x211FE601e24cE89Cb443356F687C67fbf7708412,SKL,COUP,0.019,2021-12-31 00:40:22,2021-12-31 14:30:00,2021-12-31 15:00:00,2021-12-31,160.857819
46,0x211FE601e24cE89Cb443356F687C67fbf7708412,SKL,SILJ,0.019,2021-12-31 00:40:22,2021-12-31 14:30:00,2021-12-31 15:00:00,2021-12-31,12.3775
47,0x211FE601e24cE89Cb443356F687C67fbf7708412,SKL,GDXJ,0.019,2021-12-31 00:40:22,2021-12-31 14:30:00,2021-12-31 15:00:00,2021-12-31,41.622259
48,0x211FE601e24cE89Cb443356F687C67fbf7708412,SKL,GDX,0.019,2021-12-31 00:40:22,2021-12-31 14:30:00,2021-12-31 15:00:00,2021-12-31,31.800123
49,0x211FE601e24cE89Cb443356F687C67fbf7708412,SKL,AVAXUSD,0.019,2021-12-31 00:40:22,2021-12-31 14:30:00,2021-12-31 15:00:00,2021-12-31,
50,0x211FE601e24cE89Cb443356F687C67fbf7708412,SKL,SOLUSD,0.018,2021-12-31 00:40:22,2021-12-31 14:30:00,2021-12-31 15:00:00,2021-12-31,175.758179
51,0x211FE601e24cE89Cb443356F687C67fbf7708412,SKL,Z,0.018,2021-12-31 00:40:22,2021-12-31 14:30:00,2021-12-31 15:00:00,2021-12-31,63.520368
52,0x211FE601e24cE89Cb443356F687C67fbf7708412,SKL,SSNC,0.018,2021-12-31 00:40:22,2021-12-31 14:30:00,2021-12-31 15:00:00,2021-12-31,82.139555
53,0x211FE601e24cE89Cb443356F687C67fbf7708412,SKL,AVID,0.018,2021-12-31 00:40:22,2021-12-31 14:30:00,2021-12-31 15:00:00,2021-12-31,32.414358
54,0x211FE601e24cE89Cb443356F687C67fbf7708412,SKL,TSLA,0.017,2021-12-31 00:40:22,2021-12-31 14:30:00,2021-12-31 15:00:00,2021-12-31,1067.901315
55,0x211FE601e24cE89Cb443356F687C67fbf7708412,SKL,CGC,0.017,2021-12-31 00:40:22,2021-12-31 14:30:00,2021-12-31 15:00:00,2021-12-31,8.973893
56,0x211FE601e24cE89Cb443356F687C67fbf7708412,SKL,ESTC,0.017,2021-12-31 00:40:22,2021-12-31 14:30:00,2021-12-31 15:00:00,2021-12-31,124.950287
57,0x211FE601e24cE89Cb443356F687C67fbf7708412,SKL,CVNA,0.016,2021-12-31 00:40:22,2021-12-31 14:30:00,2021-12-31 15:00:00,2021-12-31,227.940553
58,0x211FE601e24cE89Cb443356F687C67fbf7708412,SKL,LAD,0.016,2021-12-31 00:40:22,2021-12-31 14:30:00,2021-12-31 15:00:00,2021-12-31,295.193
59,0x211FE601e24cE89Cb443356F687C67fbf7708412,SKL,AMOT,0.015,2021-12-31 00:40:22,2021-12-31 14:30:00,2021-12-31 15:00:00,2021-12-31,36.917129
60,0x211FE601e24cE89Cb443356F687C67fbf7708412,SKL,DOTUSD,0.015,2021-12-31 00:40:22,2021-12-31 14:30:00,2021-12-31 15:00:00,2021-12-31,
61,0x211FE601e24cE89Cb443356F687C67fbf7708412,SKL,SQ,0.015,2021-12-31 00:40:22,2021-12-31 14:30:00,2021-12-31 15:00:00,2021-12-31,163.662768
62,0x211FE601e24cE89Cb443356F687C67fbf7708412,SKL,GDDY,0.014,2021-12-31 00:40:22,2021-12-31 14:30:00,2021-12-31 15:00:00,2021-12-31,84.583794
63,0x211FE601e24cE89Cb443356F687C67fbf7708412,SKL,API,0.013,2021-12-31 00:40:22,2021-12-31 14:30:00,2021-12-31 15:00:00,2021-12-31,16.794378
64,0x211FE601e24cE89Cb443356F687C67fbf7708412,SKL,URA,0.013,2021-12-31 00:40:22,2021-12-31 14:30:00,2021-12-31 15:00:00,2021-12-31,22.756
65,0x211FE601e24cE89Cb443356F687C67fbf7708412,SKL,PYPL,0.013,2021-12-31 00:40:22,2021-12-31 14:30:00,2021-12-31 15:00:00,2021-12-31,190.31359
66,0x211FE601e24cE89Cb443356F687C67fbf7708412,SKL,CIEN,0.013,2021-12-31 00:40:22,2021-12-31 14:30:00,2021-12-31 15:00:00,2021-12-31,77.249364
67,0x211FE601e24cE89Cb443356F687C67fbf7708412,SKL,MLM,0.012,2021-12-31 00:40:22,2021-12-31 14:30:00,2021-12-31 15:00:00,2021-12-31,435.03607
68,0x211FE601e24cE89Cb443356F687C67fbf7708412,SKL,THRM,0.012,2021-12-31 00:40:22,2021-12-31 14:30:00,2021-12-31 15:00:00,2021-12-31,86.521211
69,0x211FE601e24cE89Cb443356F687C67fbf7708412,SKL,KYMR,0.011,2021-12-31 00:40:22,2021-12-31 14:30:00,2021-12-31 15:00:00,2021-12-31,65.87
70,0x211FE601e24cE89Cb443356F687C67fbf7708412,SKL,ALGOUSD,0.011,2021-12-31 00:40:22,2021-12-31 14:30:00,2021-12-31 15:00:00,2021-12-31,
71,0x211FE601e24cE89Cb443356F687C67fbf7708412,SKL,COPX,0.011,2021-12-31 00:40:22,2021-12-31 14:30:00,2021-12-31 15:00:00,2021-12-31,36.831053
72,0x211FE601e24cE89Cb443356F687C67fbf7708412,SKL,CREE,0.011,2021-12-31 00:40:22,2021-12-31 14:30:00,2021-12-31 15:00:00,2021-12-31,
73,0x211FE601e24cE89Cb443356F687C67fbf7708412,SKL,AES,0.011,2021-12-31 00:40:22,2021-12-31 14:30:00,2021-12-31 15:00:00,2021-12-31,24.28542
74,0x211FE601e24cE89Cb443356F687C67fbf7708412,SKL,ATOMUSD,0.011,2021-12-31 00:40:22,2021-12-31 14:30:00,2021-12-31 15:00:00,2021-12-31,
75,0x211FE601e24cE89Cb443356F687C67fbf7708412,SKL,OPEN,0.010,2021-12-31 00:40:22,2021-12-31 14:30:00,2021-12-31 15:00:00,2021-12-31,14.709111
76,0x211FE601e24cE89Cb443356F687C67fbf7708412,SKL,FTMUSD,0.010,2021-12-31 00:40:22,2021-12-31 14:30:00,2021-12-31 15:00:00,2021-12-31,
77,0x211FE601e24cE89Cb443356F687C67fbf7708412,SKL,AGRO,0.010,2021-12-31 00:40:22,2021-12-31 14:30:00,2021-12-31 15:00:00,2021-12-31,7.589419
78,0x211FE601e24cE89Cb443356F687C67fbf7708412,SKL,APPN,0.010,2021-12-31 00:40:22,2021-12-31 14:30:00,2021-12-31 15:00:00,2021-12-31,68.270584
79,0x211FE601e24cE89Cb443356F687C67fbf7708412,SKL,XP,0.009,2021-12-31 00:40:22,2021-12-31 14:30:00,2021-12-31 15:00:00,2021-12-31,28.578938
80,0x211FE601e24cE89Cb443356F687C67fbf7708412,SKL,SE,0.009,2021-12-31 00:40:22,2021-12-31 14:30:00,2021-12-31 15:00:00,2021-12-31,221.90706
81,0x211FE601e24cE89Cb443356F687C67fbf7708412,SKL,FSLY,0.008,2021-12-31 00:40:22,2021-12-31 14:30:00,2021-12-31 15:00:00,2021-12-31,37.042178
82,0x211FE601e24cE89Cb443356F687C67fbf7708412,SKL,DYDXUSD,0.007,2021-12-31 00:40:22,2021-12-31 14:30:00,2021-12-31 15:00:00,2021-12-31,
83,0x211FE601e24cE89Cb443356F687C67fbf7708412,SKL,AAVEUSD,0.006,2021-12-31 00:40:22,2021-12-31 14:30:00,2021-12-31 15:00:00,2021-12-31,268.430845
84,0x211FE601e24cE89Cb443356F687C67fbf7708412,SKL,NRIX,0.006,2021-12-31 00:40:22,2021-12-31 14:30:00,2021-12-31 15:00:00,2021-12-31,30.200354
85,0x211FE601e24cE89Cb443356F687C67fbf7708412,SKL,PCT,0.006,2021-12-31 00:40:22,2021-12-31 14:30:00,2021-12-31 15:00:00,2021-12-31,9.40262
86,0x211FE601e24cE89Cb443356F687C67fbf7708412,SKL,HNTUSD,0.005,2021-12-31 00:40:22,2021-12-31 14:30:00,2021-12-31 15:00:00,2021-12-31,
87,0x211FE601e24cE89Cb443356F687C67fbf7708412,SKL,ARVN,0.005,2021-12-31 00:40:22,2021-12-31 14:30:00,2021-12-31 15:00:00,2021-12-31,81.736187
88,0x211FE601e24cE89Cb443356F687C67fbf7708412,SKL,YFIUSD,0.005,2021-12-31 00:40:22,2021-12-31 14:30:00,2021-12-31 15:00:00,2021-12-31,32375.137631
89,0x211FE601e24cE89Cb443356F687C67fbf7708412,SKL,UNIUSD,0.005,2021-12-31 00:40:22,2021-12-31 14:30:00,2021-12-31 15:00:00,2021-12-31,18.400896
90,0x211FE601e24cE89Cb443356F687C67fbf7708412,SKL,COMPUSD,0.004,2021-12-31 00:40:22,2021-12-31 14:30:00,2021-12-31 15:00:00,2021-12-31,
91,0x211FE601e24cE89Cb443356F687C67fbf7708412,SKL,SNXUSD,0.004,2021-12-31 00:40:22,2021-12-31 14:30:00,2021-12-31 15:00:00,2021-12-31,
92,0x211FE601e24cE89Cb443356F687C67fbf7708412,SKL,CCCC,0.004,2021-12-31 00:40:22,2021-12-31 14:30:00,2021-12-31 15:00:00,2021-12-31,33.473972
93,0x211FE601e24cE89Cb443356F687C67fbf7708412,SKL,SRMUSD,0.003,2021-12-31 00:40:22,2021-12-31 14:30:00,2021-12-31 15:00:00,2021-12-31,
94,0x211FE601e24cE89Cb443356F687C67fbf7708412,SKL,CZZ,-0.011,2021-12-31 00:40:22,2021-12-31 14:30:00,2021-12-31 15:00:00,2021-12-31,
95,0x211FE601e24cE89Cb443356F687C67fbf7708412,SKL,GWW,-0.014,2021-12-31 00:40:22,2021-12-31 14:30:00,2021-12-31 15:00:00,2021-12-31,515.813882
96,0x211FE601e24cE89Cb443356F687C67fbf7708412,SKL,CHKP,-0.014,2021-12-31 00:40:22,2021-12-31 14:30:00,2021-12-31 15:00:00,2021-12-31,116.885994
97,0x211FE601e24cE89Cb443356F687C67fbf7708412,SKL,K,-0.019,2021-12-31 00:40:22,2021-12-31 14:30:00,2021-12-31 15:00:00,2021-12-31,64.090999
98,0x211FE601e24cE89Cb443356F687C67fbf7708412,SKL,GSHD,-0.019,2021-12-31 00:40:22,2021-12-31 14:30:00,2021-12-31 15:00:00,2021-12-31,129.703
99,0x211FE601e24cE89Cb443356F687C67fbf7708412,SKL,NOC,-0.020,2021-12-31 00:40:22,2021-12-31 14:30:00,2021-12-31 15:00:00,2021-12-31,385.143812
100,0x211FE601e24cE89Cb443356F687C67fbf7708412,SKL,BRBR,-0.021,2021-12-31 00:40:22,2021-12-31 14:30:00,2021-12-31 15:00:00,2021-12-31,28.598333
101,0x211FE601e24cE89Cb443356F687C67fbf7708412,SKL,GD,-0.022,2021-12-31 00:40:22,2021-12-31 14:30:00,2021-12-31 15:00:00,2021-12-31,206.86545
102,0x211FE601e24cE89Cb443356F687C67fbf7708412,SKL,GOLF,-0.023,2021-12-31 00:40:22,2021-12-31 14:30:00,2021-12-31 15:00:00,2021-12-31,53.063333
103,0x211FE601e24cE89Cb443356F687C67fbf7708412,SKL,KR,-0.026,2021-12-31 00:40:22,2021-12-31 14:30:00,2021-12-31 15:00:00,2021-12-31,45.341315
104,0x211FE601e24cE89Cb443356F687C67fbf7708412,SKL,AOS,-0.028,2021-12-31 00:40:22,2021-12-31 14:30:00,2021-12-31 15:00:00,2021-12-31,85.429747
105,0x211FE601e24cE89Cb443356F687C67fbf7708412,SKL,CVX,-0.034,2021-12-31 00:40:22,2021-12-31 14:30:00,2021-12-31 15:00:00,2021-12-31,117.36658
106,0x211FE601e24cE89Cb443356F687C67fbf7708412,SKL,GCI,-0.036,2021-12-31 00:40:22,2021-12-31 14:30:00,2021-12-31 15:00:00,2021-12-31,5.189987
107,0x211FE601e24cE89Cb443356F687C67fbf7708412,SKL,IWM,-0.161,2021-12-31 00:40:22,2021-12-31 14:30:00,2021-12-31 15:00:00,2021-12-31,223.1529
108,0x211FE601e24cE89Cb443356F687C67fbf7708412,SKL,QQQ,-0.328,2021-12-31 00:40:22,2021-12-31 14:30:00,2021-12-31 15:00:00,2021-12-31,399.229763
109,0x211FE601e24cE89Cb443356F687C67fbf7708412,SKL,URA,0.017,2022-01-04 00:38:40,2022-01-04 14:30:00,2022-01-04 15:00:00,2022-01-04,24.43403
110,0x211FE601e24cE89Cb443356F687C67fbf7708412,SKL,TBT,0.02,2022-01-05 14:33:50,2022-01-05 14:30:00,2022-01-05 15:00:00,2022-01-05,17.848894
111,0x211FE601e24cE89Cb443356F687C67fbf7708412,SKL,PPLT,0.01,2022-01-05 14:34:56,2022-01-05 14:30:00,2022-01-05 15:00:00,2022-01-05,92.39
112,0x211FE601e24cE89Cb443356F687C67fbf7708412,SKL,KWEB,0.05,2022-01-05 14:39:02,2022-01-05 14:30:00,2022-01-05 15:00:00,2022-01-05,34.676
113,0x211FE601e24cE89Cb443356F687C67fbf7708412,SKL,SHOP,0,2022-01-05 14:43:18,2022-01-05 14:30:00,2022-01-05 15:00:00,2022-01-05,1209.047391
114,0x211FE601e24cE89Cb443356F687C67fbf7708412,SKL,URA,0.013000000000000001,2022-01-06 14:34:26,2022-01-06 14:30:00,2022-01-06 15:00:00,2022-01-06,23.62865
115,0x211FE601e24cE89Cb443356F687C67fbf7708412,SKL,TECK,0.03,2022-01-06 14:59:56,2022-01-06 14:30:00,2022-01-06 16:00:00,2022-01-06,29.123518
116,0x211FE601e24cE89Cb443356F687C67fbf7708412,SKL,BABA,0.04,2022-01-06 15:04:05,2022-01-06 14:30:00,2022-01-06 16:00:00,2022-01-06,127.316487
117,0x211FE601e24cE89Cb443356F687C67fbf7708412,SKL,SRMUSD,0,2022-01-06 19:02:32,2022-01-06 14:30:00,2022-01-06 20:00:00,2022-01-06,
118,0x211FE601e24cE89Cb443356F687C67fbf7708412,SKL,FTMUSD,0.01,2022-01-06 19:02:32,2022-01-06 14:30:00,2022-01-06 20:00:00,2022-01-06,
119,0x211FE601e24cE89Cb443356F687C67fbf7708412,SKL,BTCUSD,0.05,2022-01-06 19:05:21,2022-01-06 14:30:00,2022-01-06 20:00:00,2022-01-06,43311.935664
120,0x211FE601e24cE89Cb443356F687C67fbf7708412,SKL,LUNAUSD,0.015,2022-01-06 19:05:21,2022-01-06 14:30:00,2022-01-06 20:00:00,2022-01-06,
121,0x211FE601e24cE89Cb443356F687C67fbf7708412,SKL,ETHUSD,0.02,2022-01-06 19:05:21,2022-01-06 14:30:00,2022-01-06 20:00:00,2022-01-06,3435.688412
122,0x211FE601e24cE89Cb443356F687C67fbf7708412,SKL,AVAXUSD,0.015,2022-01-06 19:05:21,2022-01-06 14:30:00,2022-01-06 20:00:00,2022-01-06,
123,0x211FE601e24cE89Cb443356F687C67fbf7708412,SKL,SOLUSD,0.015,2022-01-06 19:05:21,2022-01-06 14:30:00,2022-01-06 20:00:00,2022-01-06,153.024372
124,0x211FE601e24cE89Cb443356F687C67fbf7708412,SKL,DOTUSD,0.01,2022-01-06 19:05:21,2022-01-06 14:30:00,2022-01-06 20:00:00,2022-01-06,
125,0x211FE601e24cE89Cb443356F687C67fbf7708412,SKL,ONEUSD,0.005,2022-01-06 19:05:21,2022-01-06 14:30:00,2022-01-06 20:00:00,2022-01-06,
126,0x211FE601e24cE89Cb443356F687C67fbf7708412,SKL,SUSHIUSD,0.01,2022-01-06 19:08:05,2022-01-06 14:30:00,2022-01-06 20:00:00,2022-01-06,7.491532
127,0x211FE601e24cE89Cb443356F687C67fbf7708412,SKL,GDDY,0.03,2022-01-11 21:21:24,2022-01-11 14:30:00,2022-01-12 14:00:00,2022-01-12,81.221418
128,0x211FE601e24cE89Cb443356F687C67fbf7708412,SKL,OPEN,0,2022-01-11 21:24:29,2022-01-11 14:30:00,2022-01-12 14:00:00,2022-01-12,12.734951
129,0x211FE601e24cE89Cb443356F687C67fbf7708412,SKL,EHTH,0.01,2022-01-11 21:24:29,2022-01-11 14:30:00,2022-01-12 14:00:00,2022-01-12,25.986691
130,0x211FE601e24cE89Cb443356F687C67fbf7708412,SKL,TECK,0.015,2022-01-13 23:37:44,2022-01-13 14:30:00,2022-01-14 14:00:00,2022-01-14,33.61861
131,0x211FE601e24cE89Cb443356F687C67fbf7708412,SKL,VALE,0.015,2022-01-13 23:37:44,2022-01-13 14:30:00,2022-01-14 14:00:00,2022-01-14,15.15021
132,0x211FE601e24cE89Cb443356F687C67fbf7708412,SKL,NG,0.02,2022-01-13 23:37:44,2022-01-13 14:30:00,2022-01-14 14:00:00,2022-01-14,6.624938
133,0x211FE601e24cE89Cb443356F687C67fbf7708412,SKL,BIDU,0.035,2022-01-13 23:42:19,2022-01-13 14:30:00,2022-01-14 14:00:00,2022-01-14,153.615267
134,0x211FE601e24cE89Cb443356F687C67fbf7708412,SKL,NOAH,0.03,2022-01-13 23:42:19,2022-01-13 14:30:00,2022-01-14 14:00:00,2022-01-14,29.082727
135,0x211FE601e24cE89Cb443356F687C67fbf7708412,SKL,QQQ,-0.4,2022-01-13 23:42:19,2022-01-13 14:30:00,2022-01-14 14:00:00,2022-01-14,377.501457
136,0x211FE601e24cE89Cb443356F687C67fbf7708412,SKL,ZTO,0.02,2022-01-13 23:42:19,2022-01-13 14:30:00,2022-01-14 14:00:00,2022-01-14,31.539213
137,0x211FE601e24cE89Cb443356F687C67fbf7708412,SKL,GDXJ,0.04,2022-01-13 23:55:40,2022-01-13 14:30:00,2022-01-14 14:00:00,2022-01-14,40.999694
138,0x211FE601e24cE89Cb443356F687C67fbf7708412,SKL,PBR,0.01,2022-01-14 00:00:29,2022-01-14 14:30:00,2022-01-14 15:00:00,2022-01-14,12.519109
139,0x211FE601e24cE89Cb443356F687C67fbf7708412,SKL,ITUB,0.01,2022-01-14 00:00:29,2022-01-14 14:30:00,2022-01-14 15:00:00,2022-01-14,4.248204
140,0x211FE601e24cE89Cb443356F687C67fbf7708412,SKL,XOM,0.02,2022-01-14 17:29:52,2022-01-14 14:30:00,2022-01-14 18:00:00,2022-01-14,71.43447
141,0x211FE601e24cE89Cb443356F687C67fbf7708412,SKL,FIVN,0.025,2022-01-14 22:22:24,2022-01-14 14:30:00,2022-01-18 14:00:00,2022-01-18,126.600625
142,0x211FE601e24cE89Cb443356F687C67fbf7708412,SKL,CVNA,0.02,2022-01-14 22:22:24,2022-01-14 14:30:00,2022-01-18 14:00:00,2022-01-18,155.497138
143,0x211FE601e24cE89Cb443356F687C67fbf7708412,SKL,MSFT,0.03,2022-01-14 22:22:24,2022-01-14 14:30:00,2022-01-18 14:00:00,2022-01-18,305.506194
144,0x211FE601e24cE89Cb443356F687C67fbf7708412,SKL,FB,0.03,2022-01-14 22:22:24,2022-01-14 14:30:00,2022-01-18 14:00:00,2022-01-18,320.258337
145,0x211FE601e24cE89Cb443356F687C67fbf7708412,SKL,GOOG,0.03,2022-01-14 22:22:24,2022-01-14 14:30:00,2022-01-18 14:00:00,2022-01-18,2721.345692
146,0x211FE601e24cE89Cb443356F687C67fbf7708412,SKL,PENN,0.02,2022-01-18 18:38:23,2022-01-18 14:30:00,2022-01-18 19:00:00,2022-01-18,42.91571
147,0x211FE601e24cE89Cb443356F687C67fbf7708412,SKL,IWM,-0.15,2022-01-18 18:39:48,2022-01-18 14:30:00,2022-01-18 19:00:00,2022-01-18,209.854613
148,0x211FE601e24cE89Cb443356F687C67fbf7708412,SKL,SPY,-0.1,2022-01-18 18:39:48,2022-01-18 14:30:00,2022-01-18 19:00:00,2022-01-18,457.924595
149,0x211FE601e24cE89Cb443356F687C67fbf7708412,SKL,ETHUSD,0.03,2022-01-19 23:31:06,2022-01-19 14:30:00,2022-01-20 14:00:00,2022-01-20,3206.081384
150,0x211FE601e24cE89Cb443356F687C67fbf7708412,SKL,TCOM,0.03,2022-01-20 22:51:48,2022-01-20 14:30:00,2022-01-21 14:00:00,2022-01-21,26.00351
151,0x211FE601e24cE89Cb443356F687C67fbf7708412,SKL,BILL,0.04,2022-01-20 22:56:32,2022-01-20 14:30:00,2022-01-21 14:00:00,2022-01-21,168.259663
152,0x211FE601e24cE89Cb443356F687C67fbf7708412,SKL,NOAH,0.035,2022-01-20 23:01:41,2022-01-20 14:30:00,2022-01-21 14:00:00,2022-01-21,31.14
153,0x211FE601e24cE89Cb443356F687C67fbf7708412,SKL,SPY,-0.1,2022-01-20 23:01:41,2022-01-20 14:30:00,2022-01-21 14:00:00,2022-01-21,444.615602
154,0x211FE601e24cE89Cb443356F687C67fbf7708412,SKL,IWM,-0.15,2022-01-20 23:01:41,2022-01-20 14:30:00,2022-01-21 14:00:00,2022-01-21,200.095677
155,0x211FE601e24cE89Cb443356F687C67fbf7708412,SKL,QQQ,-0.4,2022-01-20 23:01:41,2022-01-20 14:30:00,2022-01-21 14:00:00,2022-01-21,358.958463
156,0x211FE601e24cE89Cb443356F687C67fbf7708412,SKL,GSHD,0,2022-01-20 23:11:43,2022-01-20 14:30:00,2022-01-21 14:00:00,2022-01-21,92.507663
157,0x211FE601e24cE89Cb443356F687C67fbf7708412,SKL,BRBR,-0.015,2022-01-20 23:11:43,2022-01-20 14:30:00,2022-01-21 14:00:00,2022-01-21,24.286895
158,0x211FE601e24cE89Cb443356F687C67fbf7708412,SKL,GDXJ,0.05,2022-01-25 14:18:55,2022-01-25 14:30:00,2022-01-25 15:00:00,2022-01-25,39.840537
159,0x211FE601e24cE89Cb443356F687C67fbf7708412,SKL,SPY,-0.1,2022-01-25 14:18:55,2022-01-25 14:30:00,2022-01-25 15:00:00,2022-01-25,430.243716
160,0x211FE601e24cE89Cb443356F687C67fbf7708412,SKL,IWM,-0.125,2022-01-25 14:18:55,2022-01-25 14:30:00,2022-01-25 15:00:00,2022-01-25,196.372483
161,0x211FE601e24cE89Cb443356F687C67fbf7708412,SKL,QQQ,-0.35,2022-01-25 14:18:55,2022-01-25 14:30:00,2022-01-25 15:00:00,2022-01-25,344.727039
162,0x211FE601e24cE89Cb443356F687C67fbf7708412,SKL,NFLX,0.02,2022-01-25 14:18:55,2022-01-25 14:30:00,2022-01-25 15:00:00,2022-01-25,373.315669
163,0x211FE601e24cE89Cb443356F687C67fbf7708412,SKL,CRM,0.015,2022-01-25 14:18:55,2022-01-25 14:30:00,2022-01-25 15:00:00,2022-01-25,220.101441
164,0x211FE601e24cE89Cb443356F687C67fbf7708412,SKL,GNOM,0.04,2022-01-25 14:18:55,2022-01-25 14:30:00,2022-01-25 15:00:00,2022-01-25,15.41
165,0x211FE601e24cE89Cb443356F687C67fbf7708412,SKL,TSM,0.02,2022-01-25 14:23:03,2022-01-25 14:30:00,2022-01-25 15:00:00,2022-01-25,122.907329
166,0x211FE601e24cE89Cb443356F687C67fbf7708412,SKL,GOOGL,0,2022-01-25 14:23:03,2022-01-25 14:30:00,2022-01-25 15:00:00,2022-01-25,2558.552505
167,0x211FE601e24cE89Cb443356F687C67fbf7708412,SKL,ZD,0,2022-01-25 14:23:03,2022-01-25 14:30:00,2022-01-25 15:00:00,2022-01-25,104.478386
168,0x211FE601e24cE89Cb443356F687C67fbf7708412,SKL,CME,0.02,2022-01-25 14:23:03,2022-01-25 14:30:00,2022-01-25 15:00:00,2022-01-25,220.149928
169,0x211FE601e24cE89Cb443356F687C67fbf7708412,SKL,IIVI,0.015,2022-01-25 14:23:03,2022-01-25 14:30:00,2022-01-25 15:00:00,2022-01-25,62.300294
170,0x211FE601e24cE89Cb443356F687C67fbf7708412,SKL,FWONK,0.015,2022-01-25 14:23:03,2022-01-25 14:30:00,2022-01-25 15:00:00,2022-01-25,57.274703
171,0x211FE601e24cE89Cb443356F687C67fbf7708412,SKL,SSNC,0,2022-01-25 14:23:03,2022-01-25 14:30:00,2022-01-25 15:00:00,2022-01-25,77.279957
172,0x211FE601e24cE89Cb443356F687C67fbf7708412,SKL,TSLA,0.01,2022-01-25 14:23:03,2022-01-25 14:30:00,2022-01-25 15:00:00,2022-01-25,919.874405
173,0x211FE601e24cE89Cb443356F687C67fbf7708412,SKL,CIEN,0.01,2022-01-25 14:23:03,2022-01-25 14:30:00,2022-01-25 15:00:00,2022-01-25,64.06641
174,0x211FE601e24cE89Cb443356F687C67fbf7708412,SKL,MLM,0.01,2022-01-25 14:23:03,2022-01-25 14:30:00,2022-01-25 15:00:00,2022-01-25,370.281766
175,0x211FE601e24cE89Cb443356F687C67fbf7708412,SKL,APPN,0.01,2022-01-25 14:23:03,2022-01-25 14:30:00,2022-01-25 15:00:00,2022-01-25,49.320569
176,0x211FE601e24cE89Cb443356F687C67fbf7708412,SKL,SE,0.01,2022-01-25 14:23:03,2022-01-25 14:30:00,2022-01-25 15:00:00,2022-01-25,142.894289
177,0x211FE601e24cE89Cb443356F687C67fbf7708412,SKL,FUBO,0.02,2022-01-25 15:27:25,2022-01-25 14:30:00,2022-01-25 16:00:00,2022-01-25,9.641433
178,0x211FE601e24cE89Cb443356F687C67fbf7708412,SKL,SBSW,0.03,2022-01-25 16:26:11,2022-01-25 14:30:00,2022-01-25 17:00:00,2022-01-25,14.75943
179,0x211FE601e24cE89Cb443356F687C67fbf7708412,SKL,NFLX,0,2022-02-01 15:53:30,2022-02-01 14:30:00,2022-02-01 16:00:00,2022-02-01,441.261425
180,0x211FE601e24cE89Cb443356F687C67fbf7708412,SKL,CCI,0,2022-02-01 21:00:08,2022-02-01 14:30:00,2022-02-02 14:00:00,2022-02-02,182.195463
181,0x211FE601e24cE89Cb443356F687C67fbf7708412,SKL,BLDR,0.03,2022-02-01 21:10:07,2022-02-01 14:30:00,2022-02-02 14:00:00,2022-02-02,70.915746
182,0x211FE601e24cE89Cb443356F687C67fbf7708412,SKL,SWIM,0.02,2022-02-01 21:50:07,2022-02-01 14:30:00,2022-02-02 14:00:00,2022-02-02,16.817066
183,0x211FE601e24cE89Cb443356F687C67fbf7708412,SKL,THRM,0.02,2022-02-01 22:00:07,2022-02-01 14:30:00,2022-02-02 14:00:00,2022-02-02,88.81569
184,0x211FE601e24cE89Cb443356F687C67fbf7708412,SKL,ONEW,0.02,2022-02-01 22:00:07,2022-02-01 14:30:00,2022-02-02 14:00:00,2022-02-02,52.92468
185,0x211FE601e24cE89Cb443356F687C67fbf7708412,SKL,V,0.03,2022-02-01 23:20:06,2022-02-01 14:30:00,2022-02-02 14:00:00,2022-02-02,233.219764
186,0x211FE601e24cE89Cb443356F687C67fbf7708412,SKL,MSFT,0.03,2022-02-01 23:20:06,2022-02-01 14:30:00,2022-02-02 14:00:00,2022-02-02,311.333277
187,0x211FE601e24cE89Cb443356F687C67fbf7708412,SKL,GOOG,0.03,2022-02-01 23:20:06,2022-02-01 14:30:00,2022-02-02 14:00:00,2022-02-02,2995.902745
188,0x211FE601e24cE89Cb443356F687C67fbf7708412,SKL,TCOM,0.03,2022-02-01 23:20:06,2022-02-01 14:30:00,2022-02-02 14:00:00,2022-02-02,26.816374
189,0x211FE601e24cE89Cb443356F687C67fbf7708412,SKL,EWZ,0.03,2022-02-01 23:20:06,2022-02-01 14:30:00,2022-02-02 14:00:00,2022-02-02,31.839283
190,0x211FE601e24cE89Cb443356F687C67fbf7708412,SKL,SPGI,0.02,2022-02-01 23:20:06,2022-02-01 14:30:00,2022-02-02 14:00:00,2022-02-02,419.139157
191,0x211FE601e24cE89Cb443356F687C67fbf7708412,SKL,CVNA,0.02,2022-02-01 23:20:06,2022-02-01 14:30:00,2022-02-02 14:00:00,2022-02-02,161.869435
192,0x211FE601e24cE89Cb443356F687C67fbf7708412,SKL,LAD,0,2022-02-01 23:20:06,2022-02-01 14:30:00,2022-02-02 14:00:00,2022-02-02,294.21054
193,0x211FE601e24cE89Cb443356F687C67fbf7708412,SKL,FWONK,0.01,2022-02-01 23:20:06,2022-02-01 14:30:00,2022-02-02 14:00:00,2022-02-02,59.945874
194,0x211FE601e24cE89Cb443356F687C67fbf7708412,SKL,SQ,0.015,2022-02-01 23:20:06,2022-02-01 14:30:00,2022-02-02 14:00:00,2022-02-02,117.862997
195,0x211FE601e24cE89Cb443356F687C67fbf7708412,SKL,CRON,0.05,2022-02-09 15:53:30,2022-02-09 14:30:00,2022-02-09 16:00:00,2022-02-09,3.95937
196,0x211FE601e24cE89Cb443356F687C67fbf7708412,SKL,MJ,0.02,2022-02-09 15:53:30,2022-02-09 14:30:00,2022-02-09 16:00:00,2022-02-09,10.637682
197,0x211FE601e24cE89Cb443356F687C67fbf7708412,SKL,GNOM,0.02,2022-02-10 13:59:03,2022-02-10 14:30:00,2022-02-10 15:00:00,2022-02-10,16.95
198,0x211FE601e24cE89Cb443356F687C67fbf7708412,SKL,QQQ,-0.4,2022-02-10 13:59:03,2022-02-10 14:30:00,2022-02-10 15:00:00,2022-02-10,364.917192
199,0x211FE601e24cE89Cb443356F687C67fbf7708412,SKL,UNG,0.02,2022-02-10 13:59:03,2022-02-10 14:30:00,2022-02-10 15:00:00,2022-02-10,13.682985
200,0x211FE601e24cE89Cb443356F687C67fbf7708412,SKL,TECK,0.01,2022-02-10 14:20:48,2022-02-10 14:30:00,2022-02-10 15:00:00,2022-02-10,37.019783
201,0x211FE601e24cE89Cb443356F687C67fbf7708412,SKL,GDXJ,0.03,2022-02-17 14:37:13,2022-02-17 14:30:00,2022-02-17 15:00:00,2022-02-17,43.060229
202,0x211FE601e24cE89Cb443356F687C67fbf7708412,SKL,SILJ,0.02,2022-02-17 14:37:13,2022-02-17 14:30:00,2022-02-17 15:00:00,2022-02-17,12.931957
203,0x211FE601e24cE89Cb443356F687C67fbf7708412,SKL,GDX,0.02,2022-02-17 14:37:13,2022-02-17 14:30:00,2022-02-17 15:00:00,2022-02-17,34.177467
204,0x211FE601e24cE89Cb443356F687C67fbf7708412,SKL,NG,0.015,2022-02-17 14:37:13,2022-02-17 14:30:00,2022-02-17 15:00:00,2022-02-17,7.112611
205,0x211FE601e24cE89Cb443356F687C67fbf7708412,SKL,XOM,0.02,2022-02-17 14:41:00,2022-02-17 14:30:00,2022-02-17 15:00:00,2022-02-17,78.222035
206,0x211FE601e24cE89Cb443356F687C67fbf7708412,SKL,PBR,0.01,2022-02-17 14:41:00,2022-02-17 14:30:00,2022-02-17 15:00:00,2022-02-17,13.93324
207,0x211FE601e24cE89Cb443356F687C67fbf7708412,SKL,GRBK,0.02,2022-02-17 14:41:00,2022-02-17 14:30:00,2022-02-17 15:00:00,2022-02-17,22.413702
208,0x211FE601e24cE89Cb443356F687C67fbf7708412,SKL,BABA,0.05,2022-02-17 15:13:50,2022-02-17 14:30:00,2022-02-17 16:00:00,2022-02-17,126.874572
209,0x211FE601e24cE89Cb443356F687C67fbf7708412,SKL,BIDU,0.04,2022-02-17 15:13:50,2022-02-17 14:30:00,2022-02-17 16:00:00,2022-02-17,170.673589
210,0x211FE601e24cE89Cb443356F687C67fbf7708412,SKL,NOAH,0.04,2022-02-17 15:13:50,2022-02-17 14:30:00,2022-02-17 16:00:00,2022-02-17,31.170943
211,0x211FE601e24cE89Cb443356F687C67fbf7708412,SKL,UNG,0,2022-02-23 21:02:36,2022-02-23 14:30:00,2022-02-24 14:00:00,2022-02-24,16.806371
212,0x211FE601e24cE89Cb443356F687C67fbf7708412,SKL,XOM,0,2022-02-23 21:02:36,2022-02-23 14:30:00,2022-02-24 14:00:00,2022-02-24,76.848546
213,0x211FE601e24cE89Cb443356F687C67fbf7708412,SKL,PBR,0,2022-02-23 21:02:36,2022-02-23 14:30:00,2022-02-24 14:00:00,2022-02-24,14.295521
214,0x211FE601e24cE89Cb443356F687C67fbf7708412,SKL,CVX,0.01,2022-02-23 21:04:37,2022-02-23 14:30:00,2022-02-24 14:00:00,2022-02-24,135.105724
215,0x211FE601e24cE89Cb443356F687C67fbf7708412,SKL,INTC,0.025,2022-02-23 21:04:37,2022-02-23 14:30:00,2022-02-24 14:00:00,2022-02-24,43.997924
216,0x211FE601e24cE89Cb443356F687C67fbf7708412,SKL,CLOU,0.01,2022-02-23 21:04:37,2022-02-23 14:30:00,2022-02-24 14:00:00,2022-02-24,19.521818
217,0x211FE601e24cE89Cb443356F687C67fbf7708412,SKL,PLTR,0.01,2022-02-23 21:04:37,2022-02-23 14:30:00,2022-02-24 14:00:00,2022-02-24,10.36273
218,0x211FE601e24cE89Cb443356F687C67fbf7708412,SKL,URA,0.04,2022-02-23 21:07:46,2022-02-23 14:30:00,2022-02-24 14:00:00,2022-02-24,21.037244
219,0x211FE601e24cE89Cb443356F687C67fbf7708412,SKL,PYPL,0.02,2022-02-24 15:03:21,2022-02-24 14:30:00,2022-02-24 16:00:00,2022-02-24,99.795505
220,0x211FE601e24cE89Cb443356F687C67fbf7708412,SKL,QQQ,-0.35,2022-02-24 15:03:21,2022-02-24 14:30:00,2022-02-24 16:00:00,2022-02-24,329.138899
221,0x211FE601e24cE89Cb443356F687C67fbf7708412,SKL,TWTR,0.02,2022-02-24 15:03:21,2022-02-24 14:30:00,2022-02-24 16:00:00,2022-02-24,33.45051
222,0xd019955e5Db68ebd41CE5A7A327DdD5f2658e8D9,SKL,AMZN,0.05,2022-03-02 18:48:07,2022-03-02 14:30:00,2022-03-02 19:00:00,2022-03-02,3045.656686
223,0xd019955e5Db68ebd41CE5A7A327DdD5f2658e8D9,SKL,GOOG,0.05,2022-03-02 18:48:07,2022-03-02 14:30:00,2022-03-02 19:00:00,2022-03-02,2699.498969
224,0xd019955e5Db68ebd41CE5A7A327DdD5f2658e8D9,SKL,MSFT,0.05,2022-03-02 18:48:07,2022-03-02 14:30:00,2022-03-02 19:00:00,2022-03-02,300.298162
225,0xd019955e5Db68ebd41CE5A7A327DdD5f2658e8D9,SKL,TBT,0.05,2022-03-03 14:52:22,2022-03-03 14:30:00,2022-03-03 15:00:00,2022-03-03,19.164216
226,0xd019955e5Db68ebd41CE5A7A327DdD5f2658e8D9,SKL,CVX,0,2022-03-03 14:52:22,2022-03-03 14:30:00,2022-03-03 15:00:00,2022-03-03,156.041442
227,0xd019955e5Db68ebd41CE5A7A327DdD5f2658e8D9,SKL,QQQ,-0.45,2022-03-03 14:52:22,2022-03-03 14:30:00,2022-03-03 15:00:00,2022-03-03,345.242527
228,0xd019955e5Db68ebd41CE5A7A327DdD5f2658e8D9,SKL,ABEV,-0.02,2022-03-08 16:34:14,2022-03-08 14:30:00,2022-03-08 17:00:00,2022-03-08,2.660972
229,0xd019955e5Db68ebd41CE5A7A327DdD5f2658e8D9,SKL,SNOW,0.02,2022-03-09 16:56:46,2022-03-09 14:30:00,2022-03-09 17:00:00,2022-03-09,205.707534
230,0xd019955e5Db68ebd41CE5A7A327DdD5f2658e8D9,SKL,ARKF,0.05,2022-03-09 16:56:46,2022-03-09 14:30:00,2022-03-09 17:00:00,2022-03-09,26.349546
231,0xd019955e5Db68ebd41CE5A7A327DdD5f2658e8D9,SKL,FXI,0.05,2022-03-09 16:56:46,2022-03-09 14:30:00,2022-03-09 17:00:00,2022-03-09,31.715404
232,0xd019955e5Db68ebd41CE5A7A327DdD5f2658e8D9,SKL,DLTR,0.02,2022-03-09 17:05:19,2022-03-09 14:30:00,2022-03-09 18:00:00,2022-03-09,148.339397
233,0xd019955e5Db68ebd41CE5A7A327DdD5f2658e8D9,SKL,EWZ,0.05,2022-03-09 17:05:19,2022-03-09 14:30:00,2022-03-09 18:00:00,2022-03-09,34.162062
234,0xd019955e5Db68ebd41CE5A7A327DdD5f2658e8D9,SKL,SPGI,0,2022-03-09 17:05:19,2022-03-09 14:30:00,2022-03-09 18:00:00,2022-03-09,397.062678
235,0xd019955e5Db68ebd41CE5A7A327DdD5f2658e8D9,SKL,VALE,0,2022-03-09 17:05:19,2022-03-09 14:30:00,2022-03-09 18:00:00,2022-03-09,18.533393
236,0xd019955e5Db68ebd41CE5A7A327DdD5f2658e8D9,SKL,CME,0,2022-03-09 17:05:19,2022-03-09 14:30:00,2022-03-09 18:00:00,2022-03-09,230.97028
237,0xd019955e5Db68ebd41CE5A7A327DdD5f2658e8D9,SKL,FB,0,2022-03-09 17:05:19,2022-03-09 14:30:00,2022-03-09 18:00:00,2022-03-09,195.907658
238,0xd019955e5Db68ebd41CE5A7A327DdD5f2658e8D9,SKL,NG,0.02,2022-03-09 17:05:19,2022-03-09 14:30:00,2022-03-09 18:00:00,2022-03-09,7.524477
239,0xd019955e5Db68ebd41CE5A7A327DdD5f2658e8D9,SKL,TSM,0.01,2022-03-09 17:05:19,2022-03-09 14:30:00,2022-03-09 18:00:00,2022-03-09,105.180446
240,0xd019955e5Db68ebd41CE5A7A327DdD5f2658e8D9,SKL,AGRO,0,2022-03-09 17:05:19,2022-03-09 14:30:00,2022-03-09 18:00:00,2022-03-09,10.69079
241,0xd019955e5Db68ebd41CE5A7A327DdD5f2658e8D9,SKL,SQ,0,2022-03-09 17:05:19,2022-03-09 14:30:00,2022-03-09 18:00:00,2022-03-09,111.157475
242,0xd019955e5Db68ebd41CE5A7A327DdD5f2658e8D9,SKL,ITUB,0,2022-03-09 17:05:19,2022-03-09 14:30:00,2022-03-09 18:00:00,2022-03-09,4.983353
243,0xd019955e5Db68ebd41CE5A7A327DdD5f2658e8D9,SKL,TECK,0,2022-03-09 17:05:19,2022-03-09 14:30:00,2022-03-09 18:00:00,2022-03-09,39.78525
244,0xd019955e5Db68ebd41CE5A7A327DdD5f2658e8D9,SKL,FWONK,0,2022-03-09 17:05:19,2022-03-09 14:30:00,2022-03-09 18:00:00,2022-03-09,57.829275
245,0xd019955e5Db68ebd41CE5A7A327DdD5f2658e8D9,SKL,MLM,0,2022-03-09 17:05:19,2022-03-09 14:30:00,2022-03-09 18:00:00,2022-03-09,373.805569
246,0xd019955e5Db68ebd41CE5A7A327DdD5f2658e8D9,SKL,URA,0.05,2022-03-09 17:19:52,2022-03-09 14:30:00,2022-03-09 18:00:00,2022-03-09,24.68605
247,0xd019955e5Db68ebd41CE5A7A327DdD5f2658e8D9,SKL,GDXJ,0.05,2022-03-09 17:19:52,2022-03-09 14:30:00,2022-03-09 18:00:00,2022-03-09,46.987789
248,0xd019955e5Db68ebd41CE5A7A327DdD5f2658e8D9,SKL,SLV,0.05,2022-03-09 17:19:52,2022-03-09 14:30:00,2022-03-09 18:00:00,2022-03-09,23.609864
249,0xd019955e5Db68ebd41CE5A7A327DdD5f2658e8D9,SKL,GDX,0.03,2022-03-09 17:19:52,2022-03-09 14:30:00,2022-03-09 18:00:00,2022-03-09,37.642682
250,0xd019955e5Db68ebd41CE5A7A327DdD5f2658e8D9,SKL,SILJ,0.03,2022-03-09 17:19:52,2022-03-09 14:30:00,2022-03-09 18:00:00,2022-03-09,14.257857
251,0xd019955e5Db68ebd41CE5A7A327DdD5f2658e8D9,SKL,COPX,0.03,2022-03-09 17:19:52,2022-03-09 14:30:00,2022-03-09 18:00:00,2022-03-09,42.54
252,0xd019955e5Db68ebd41CE5A7A327DdD5f2658e8D9,SKL,CRON,0.05,2022-03-09 18:06:22,2022-03-09 14:30:00,2022-03-09 19:00:00,2022-03-09,3.159897
253,0xd019955e5Db68ebd41CE5A7A327DdD5f2658e8D9,SKL,BABA,0.045,2022-03-09 18:06:22,2022-03-09 14:30:00,2022-03-09 19:00:00,2022-03-09,99.747952
254,0xd019955e5Db68ebd41CE5A7A327DdD5f2658e8D9,SKL,ETHUSD,0.035,2022-03-09 18:06:22,2022-03-09 14:30:00,2022-03-09 19:00:00,2022-03-09,2685.292595
255,0xd019955e5Db68ebd41CE5A7A327DdD5f2658e8D9,SKL,V,0,2022-03-09 18:06:22,2022-03-09 14:30:00,2022-03-09 19:00:00,2022-03-09,199.251837
256,0xd019955e5Db68ebd41CE5A7A327DdD5f2658e8D9,SKL,SWK,0,2022-03-09 18:06:22,2022-03-09 14:30:00,2022-03-09 19:00:00,2022-03-09,154.318924
257,0xd019955e5Db68ebd41CE5A7A327DdD5f2658e8D9,SKL,SWIM,0,2022-03-09 18:06:22,2022-03-09 14:30:00,2022-03-09 19:00:00,2022-03-09,14.868893
258,0xd019955e5Db68ebd41CE5A7A327DdD5f2658e8D9,SKL,MJ,0.04,2022-03-09 18:06:22,2022-03-09 14:30:00,2022-03-09 19:00:00,2022-03-09,9.058205
259,0xd019955e5Db68ebd41CE5A7A327DdD5f2658e8D9,SKL,AVID,0,2022-03-09 18:06:22,2022-03-09 14:30:00,2022-03-09 19:00:00,2022-03-09,28.986906
260,0xd019955e5Db68ebd41CE5A7A327DdD5f2658e8D9,SKL,CVNA,0.02,2022-03-09 18:06:22,2022-03-09 14:30:00,2022-03-09 19:00:00,2022-03-09,115.031502
261,0xd019955e5Db68ebd41CE5A7A327DdD5f2658e8D9,SKL,CGC,0.02,2022-03-09 18:06:22,2022-03-09 14:30:00,2022-03-09 19:00:00,2022-03-09,6.573821
262,0xd019955e5Db68ebd41CE5A7A327DdD5f2658e8D9,SKL,CRM,0,2022-03-09 18:06:22,2022-03-09 14:30:00,2022-03-09 19:00:00,2022-03-09,203.379467
263,0xd019955e5Db68ebd41CE5A7A327DdD5f2658e8D9,SKL,CIEN,0.015,2022-03-09 18:06:22,2022-03-09 14:30:00,2022-03-09 19:00:00,2022-03-09,59.704739
264,0xd019955e5Db68ebd41CE5A7A327DdD5f2658e8D9,SKL,TSLA,0.015,2022-03-09 18:06:22,2022-03-09 14:30:00,2022-03-09 19:00:00,2022-03-09,854.774472
265,0xd019955e5Db68ebd41CE5A7A327DdD5f2658e8D9,SKL,KYMR,0,2022-03-09 18:06:22,2022-03-09 14:30:00,2022-03-09 19:00:00,2022-03-09,39.180551
266,0xd019955e5Db68ebd41CE5A7A327DdD5f2658e8D9,SKL,SE,0,2022-03-09 18:06:22,2022-03-09 14:30:00,2022-03-09 19:00:00,2022-03-09,99.599929
267,0xd019955e5Db68ebd41CE5A7A327DdD5f2658e8D9,SKL,ARVN,0,2022-03-09 18:06:22,2022-03-09 14:30:00,2022-03-09 19:00:00,2022-03-09,69.334241
268,0xd019955e5Db68ebd41CE5A7A327DdD5f2658e8D9,SKL,FSLY,0,2022-03-09 18:06:22,2022-03-09 14:30:00,2022-03-09 19:00:00,2022-03-09,15.444725
269,0xd019955e5Db68ebd41CE5A7A327DdD5f2658e8D9,SKL,CCCC,0,2022-03-09 18:06:22,2022-03-09 14:30:00,2022-03-09 19:00:00,2022-03-09,24.203479
270,0xd019955e5Db68ebd41CE5A7A327DdD5f2658e8D9,SKL,SPY,-0.15,2022-03-09 18:06:22,2022-03-09 14:30:00,2022-03-09 19:00:00,2022-03-09,427.451043
271,0xd019955e5Db68ebd41CE5A7A327DdD5f2658e8D9,SKL,IWM,-0.15,2022-03-09 18:06:22,2022-03-09 14:30:00,2022-03-09 19:00:00,2022-03-09,199.95896
272,0xd019955e5Db68ebd41CE5A7A327DdD5f2658e8D9,SKL,QQQ,-0.5,2022-03-09 18:06:22,2022-03-09 14:30:00,2022-03-09 19:00:00,2022-03-09,334.553403
273,0xd019955e5Db68ebd41CE5A7A327DdD5f2658e8D9,SKL,GOOG,0.05,2022-03-16 16:33:45,2022-03-16 13:30:00,2022-03-16 17:00:00,2022-03-16,2632.457503
274,0xd019955e5Db68ebd41CE5A7A327DdD5f2658e8D9,SKL,AMZN,0.05,2022-03-16 16:33:45,2022-03-16 13:30:00,2022-03-16 17:00:00,2022-03-16,2997.863599
275,0xd019955e5Db68ebd41CE5A7A327DdD5f2658e8D9,SKL,MSFT,0.05,2022-03-16 16:33:45,2022-03-16 13:30:00,2022-03-16 17:00:00,2022-03-16,288.587114
276,0xd019955e5Db68ebd41CE5A7A327DdD5f2658e8D9,SKL,BILL,0.05,2022-03-16 16:33:45,2022-03-16 13:30:00,2022-03-16 17:00:00,2022-03-16,186.300722
277,0xd019955e5Db68ebd41CE5A7A327DdD5f2658e8D9,SKL,KWEB,0.06,2022-03-16 16:33:45,2022-03-16 13:30:00,2022-03-16 17:00:00,2022-03-16,28.881233
278,0xd019955e5Db68ebd41CE5A7A327DdD5f2658e8D9,SKL,BABA,0.06,2022-03-16 16:33:45,2022-03-16 13:30:00,2022-03-16 17:00:00,2022-03-16,97.964614
279,0xd019955e5Db68ebd41CE5A7A327DdD5f2658e8D9,SKL,BIDU,0.05,2022-03-16 16:33:45,2022-03-16 13:30:00,2022-03-16 17:00:00,2022-03-16,137.72438
280,0xd019955e5Db68ebd41CE5A7A327DdD5f2658e8D9,SKL,PLTR,0,2022-03-16 16:33:45,2022-03-16 13:30:00,2022-03-16 17:00:00,2022-03-16,11.502404
281,0xd019955e5Db68ebd41CE5A7A327DdD5f2658e8D9,SKL,BRBR,0,2022-03-16 16:33:45,2022-03-16 13:30:00,2022-03-16 17:00:00,2022-03-16,25.253241
282,0xd019955e5Db68ebd41CE5A7A327DdD5f2658e8D9,SKL,GOLF,0,2022-03-16 16:33:45,2022-03-16 13:30:00,2022-03-16 17:00:00,2022-03-16,43.065449
283,0xd019955e5Db68ebd41CE5A7A327DdD5f2658e8D9,SKL,SPY,-0.2,2022-03-16 16:33:45,2022-03-16 13:30:00,2022-03-16 17:00:00,2022-03-16,430.834151
284,0xd019955e5Db68ebd41CE5A7A327DdD5f2658e8D9,SKL,SLB,0.02,2022-03-16 16:33:45,2022-03-16 13:30:00,2022-03-16 17:00:00,2022-03-16,38.63851
285,0xd019955e5Db68ebd41CE5A7A327DdD5f2658e8D9,SKL,HDB,0.025,2022-03-18 13:47:52,2022-03-18 13:30:00,2022-03-18 14:00:00,2022-03-18,61.791558
286,0xd019955e5Db68ebd41CE5A7A327DdD5f2658e8D9,SKL,ETHUSD,0.05,2022-03-24 14:30:36,2022-03-24 13:30:00,2022-03-24 15:00:00,2022-03-24,3097.386613
287,0xd019955e5Db68ebd41CE5A7A327DdD5f2658e8D9,SKL,URA,0.05,2022-03-25 20:52:26,2022-03-25 13:30:00,2022-03-28 13:00:00,2022-03-28,25.521811
288,0xd019955e5Db68ebd41CE5A7A327DdD5f2658e8D9,SKL,GDXJ,0.05,2022-03-25 20:52:26,2022-03-25 13:30:00,2022-03-28 13:00:00,2022-03-28,46.946476
289,0xd019955e5Db68ebd41CE5A7A327DdD5f2658e8D9,SKL,SBSW,0.035,2022-03-25 20:52:26,2022-03-25 13:30:00,2022-03-28 13:00:00,2022-03-28,16.110767
290,0xd019955e5Db68ebd41CE5A7A327DdD5f2658e8D9,SKL,COPX,0.025,2022-03-25 20:52:26,2022-03-25 13:30:00,2022-03-28 13:00:00,2022-03-28,45.604
291,0xd019955e5Db68ebd41CE5A7A327DdD5f2658e8D9,SKL,SILJ,0.035,2022-03-25 20:52:26,2022-03-25 13:30:00,2022-03-28 13:00:00,2022-03-28,14.045
292,0xd019955e5Db68ebd41CE5A7A327DdD5f2658e8D9,SKL,INTC,0.03,2022-03-25 20:52:26,2022-03-25 13:30:00,2022-03-28 13:00:00,2022-03-28,51.127328
293,0xd019955e5Db68ebd41CE5A7A327DdD5f2658e8D9,SKL,TWTR,0,2022-03-25 20:52:26,2022-03-25 13:30:00,2022-03-28 13:00:00,2022-03-28,38.684425
294,0xd019955e5Db68ebd41CE5A7A327DdD5f2658e8D9,SKL,GNOM,0.025,2022-03-25 20:52:26,2022-03-25 13:30:00,2022-03-28 13:00:00,2022-03-28,
295,0xd019955e5Db68ebd41CE5A7A327DdD5f2658e8D9,SKL,TSLA,0,2022-03-25 20:52:26,2022-03-25 13:30:00,2022-03-28 13:00:00,2022-03-28,1067.033898
296,0xd019955e5Db68ebd41CE5A7A327DdD5f2658e8D9,SKL,CLOU,0,2022-03-25 20:52:26,2022-03-25 13:30:00,2022-03-28 13:00:00,2022-03-28,21.944
297,0xd019955e5Db68ebd41CE5A7A327DdD5f2658e8D9,SKL,IYY,-0.15,2022-03-25 20:52:26,2022-03-25 13:30:00,2022-03-28 13:00:00,2022-03-28,111.62
298,0xd019955e5Db68ebd41CE5A7A327DdD5f2658e8D9,SKL,JOBY,0.02,2022-03-25 20:52:26,2022-03-25 13:30:00,2022-03-28 13:00:00,2022-03-28,5.98115
299,0xd019955e5Db68ebd41CE5A7A327DdD5f2658e8D9,SKL,CCJ,0.02,2022-03-25 20:52:26,2022-03-25 13:30:00,2022-03-28 13:00:00,2022-03-28,28.023566
300,0xd019955e5Db68ebd41CE5A7A327DdD5f2658e8D9,SKL,TECK,0.02,2022-03-25 20:52:26,2022-03-25 13:30:00,2022-03-28 13:00:00,2022-03-28,39.254169
301,0xd019955e5Db68ebd41CE5A7A327DdD5f2658e8D9,SKL,ARKF,0.04,2022-03-25 21:36:54,2022-03-25 13:30:00,2022-03-28 13:00:00,2022-03-28,29.477976
302,0xd019955e5Db68ebd41CE5A7A327DdD5f2658e8D9,SKL,AMZN,0.04,2022-03-25 21:36:54,2022-03-25 13:30:00,2022-03-28 13:00:00,2022-03-28,3336.347534
303,0xd019955e5Db68ebd41CE5A7A327DdD5f2658e8D9,SKL,GOOG,0.04,2022-03-25 21:36:54,2022-03-25 13:30:00,2022-03-28 13:00:00,2022-03-28,2824.740736
304,0xd019955e5Db68ebd41CE5A7A327DdD5f2658e8D9,SKL,FXI,0.05,2022-03-25 21:36:54,2022-03-25 13:30:00,2022-03-28 13:00:00,2022-03-28,32.614039
305,0xd019955e5Db68ebd41CE5A7A327DdD5f2658e8D9,SKL,MSFT,0.04,2022-03-25 21:36:54,2022-03-25 13:30:00,2022-03-28 13:00:00,2022-03-28,308.666378
306,0xd019955e5Db68ebd41CE5A7A327DdD5f2658e8D9,SKL,TV,0.02,2022-03-25 21:36:54,2022-03-25 13:30:00,2022-03-28 13:00:00,2022-03-28,11.344796
307,0xd019955e5Db68ebd41CE5A7A327DdD5f2658e8D9,SKL,SUI,0.03,2022-03-25 21:36:54,2022-03-25 13:30:00,2022-03-28 13:00:00,2022-03-28,175.209005
308,0xd019955e5Db68ebd41CE5A7A327DdD5f2658e8D9,SKL,GDDY,0.03,2022-03-25 21:36:54,2022-03-25 13:30:00,2022-03-28 13:00:00,2022-03-28,84.643616
309,0xd019955e5Db68ebd41CE5A7A327DdD5f2658e8D9,SKL,WDAY,0.03,2022-03-25 21:36:54,2022-03-25 13:30:00,2022-03-28 13:00:00,2022-03-28,240.712208
310,0xd019955e5Db68ebd41CE5A7A327DdD5f2658e8D9,SKL,BLDR,0.03,2022-03-25 21:36:54,2022-03-25 13:30:00,2022-03-28 13:00:00,2022-03-28,67.982249
311,0xd019955e5Db68ebd41CE5A7A327DdD5f2658e8D9,SKL,ECH,0,2022-03-25 21:36:54,2022-03-25 13:30:00,2022-03-28 13:00:00,2022-03-28,29.560368
312,0xd019955e5Db68ebd41CE5A7A327DdD5f2658e8D9,SKL,GDX,0.03,2022-03-25 21:36:54,2022-03-25 13:30:00,2022-03-28 13:00:00,2022-03-28,37.868766
313,0xd019955e5Db68ebd41CE5A7A327DdD5f2658e8D9,SKL,SCHW,0.02,2022-03-25 21:36:54,2022-03-25 13:30:00,2022-03-28 13:00:00,2022-03-28,91.030135
314,0xd019955e5Db68ebd41CE5A7A327DdD5f2658e8D9,SKL,GNOM,0.03,2022-03-25 21:36:54,2022-03-25 13:30:00,2022-03-28 13:00:00,2022-03-28,
315,0xd019955e5Db68ebd41CE5A7A327DdD5f2658e8D9,SKL,IWM,-0.15,2022-03-25 21:36:54,2022-03-25 13:30:00,2022-03-28 13:00:00,2022-03-28,205.404175
316,0xd019955e5Db68ebd41CE5A7A327DdD5f2658e8D9,SKL,SPY,-0.2,2022-03-25 21:36:54,2022-03-25 13:30:00,2022-03-28 13:00:00,2022-03-28,452.572542
317,0xd019955e5Db68ebd41CE5A7A327DdD5f2658e8D9,SKL,QQQ,-0.5,2022-03-25 21:36:54,2022-03-25 13:30:00,2022-03-28 13:00:00,2022-03-28,361.574486
318,0xd019955e5Db68ebd41CE5A7A327DdD5f2658e8D9,SKL,SWN,0.02,2022-03-25 21:36:54,2022-03-25 13:30:00,2022-03-28 13:00:00,2022-03-28,6.747053
319,0xd019955e5Db68ebd41CE5A7A327DdD5f2658e8D9,SKL,MUFG,0.02,2022-03-25 21:36:54,2022-03-25 13:30:00,2022-03-28 13:00:00,2022-03-28,6.39973
320,0xd019955e5Db68ebd41CE5A7A327DdD5f2658e8D9,SKL,INTC,0.02,2022-03-30 13:08:02,2022-03-30 13:30:00,2022-03-30 14:00:00,2022-03-30,52.308809
321,0xd019955e5Db68ebd41CE5A7A327DdD5f2658e8D9,SKL,SNOW,0,2022-03-30 13:08:02,2022-03-30 13:30:00,2022-03-30 14:00:00,2022-03-30,241.814423
322,0xd019955e5Db68ebd41CE5A7A327DdD5f2658e8D9,SKL,PYPL,0,2022-03-30 13:08:02,2022-03-30 13:30:00,2022-03-30 14:00:00,2022-03-30,121.888742
323,0xd019955e5Db68ebd41CE5A7A327DdD5f2658e8D9,SKL,IYY,-0.15,2022-03-30 13:08:02,2022-03-30 13:30:00,2022-03-30 14:00:00,2022-03-30,113.36
324,0xd019955e5Db68ebd41CE5A7A327DdD5f2658e8D9,SKL,SPY,-0.15,2022-03-30 13:08:02,2022-03-30 13:30:00,2022-03-30 14:00:00,2022-03-30,460.435203
325,0xd019955e5Db68ebd41CE5A7A327DdD5f2658e8D9,SKL,QQQ,-0.6,2022-03-30 13:08:02,2022-03-30 13:30:00,2022-03-30 14:00:00,2022-03-30,370.121383
326,0xd019955e5Db68ebd41CE5A7A327DdD5f2658e8D9,SKL,ET,0.02,2022-03-30 13:08:02,2022-03-30 13:30:00,2022-03-30 14:00:00,2022-03-30,11.323733
327,0xd019955e5Db68ebd41CE5A7A327DdD5f2658e8D9,SKL,REET,-0.1,2022-03-30 13:08:02,2022-03-30 13:30:00,2022-03-30 14:00:00,2022-03-30,29.627128
328,0xd019955e5Db68ebd41CE5A7A327DdD5f2658e8D9,SKL,MJ,0.05,2022-03-30 18:19:07,2022-03-30 13:30:00,2022-03-30 19:00:00,2022-03-30,10.639178
329,0xd019955e5Db68ebd41CE5A7A327DdD5f2658e8D9,SKL,ARKF,0.03,2022-03-30 18:19:07,2022-03-30 13:30:00,2022-03-30 19:00:00,2022-03-30,30.295056
330,0xd019955e5Db68ebd41CE5A7A327DdD5f2658e8D9,SKL,XLY,-0.15,2022-04-08 15:32:17,2022-04-08 13:30:00,2022-04-08 16:00:00,2022-04-08,181.043309
331,0xd019955e5Db68ebd41CE5A7A327DdD5f2658e8D9,SKL,TBT,0.063,2022-04-12 13:30:55,2022-04-12 13:30:00,2022-04-12 14:00:00,2022-04-12,23.221185
332,0xd019955e5Db68ebd41CE5A7A327DdD5f2658e8D9,SKL,BABA,0.057999999999999996,2022-04-12 13:30:55,2022-04-12 13:30:00,2022-04-12 14:00:00,2022-04-12,100.947379
333,0xd019955e5Db68ebd41CE5A7A327DdD5f2658e8D9,SKL,URA,0.055999999999999994,2022-04-12 13:30:55,2022-04-12 13:30:00,2022-04-12 14:00:00,2022-04-12,27.364392
334,0xd019955e5Db68ebd41CE5A7A327DdD5f2658e8D9,SKL,KWEB,0.055,2022-04-12 13:30:55,2022-04-12 13:30:00,2022-04-12 14:00:00,2022-04-12,28.561369
335,0xd019955e5Db68ebd41CE5A7A327DdD5f2658e8D9,SKL,GDXJ,0.054000000000000006,2022-04-12 13:30:55,2022-04-12 13:30:00,2022-04-12 14:00:00,2022-04-12,48.872718
336,0xd019955e5Db68ebd41CE5A7A327DdD5f2658e8D9,SKL,ETHUSD,0.053,2022-04-12 13:30:55,2022-04-12 13:30:00,2022-04-12 14:00:00,2022-04-12,3036.363656
337,0xd019955e5Db68ebd41CE5A7A327DdD5f2658e8D9,SKL,EWZ,0.053,2022-04-12 13:30:55,2022-04-12 13:30:00,2022-04-12 14:00:00,2022-04-12,38.206128
338,0xd019955e5Db68ebd41CE5A7A327DdD5f2658e8D9,SKL,FXI,0.052000000000000005,2022-04-12 13:30:55,2022-04-12 13:30:00,2022-04-12 14:00:00,2022-04-12,31.825318
339,0xd019955e5Db68ebd41CE5A7A327DdD5f2658e8D9,SKL,CRON,0.052000000000000005,2022-04-12 13:30:55,2022-04-12 13:30:00,2022-04-12 14:00:00,2022-04-12,3.517718
340,0xd019955e5Db68ebd41CE5A7A327DdD5f2658e8D9,SKL,BTCUSD,0.051,2022-04-12 13:30:55,2022-04-12 13:30:00,2022-04-12 14:00:00,2022-04-12,39980.942494
341,0xd019955e5Db68ebd41CE5A7A327DdD5f2658e8D9,SKL,BILL,0.049,2022-04-12 13:30:55,2022-04-12 13:30:00,2022-04-12 14:00:00,2022-04-12,210.714179
342,0xd019955e5Db68ebd41CE5A7A327DdD5f2658e8D9,SKL,MJ,0.047,2022-04-12 13:30:55,2022-04-12 13:30:00,2022-04-12 14:00:00,2022-04-12,9.575758
343,0xd019955e5Db68ebd41CE5A7A327DdD5f2658e8D9,SKL,SLV,0.047,2022-04-12 13:30:55,2022-04-12 13:30:00,2022-04-12 14:00:00,2022-04-12,23.430402
344,0xd019955e5Db68ebd41CE5A7A327DdD5f2658e8D9,SKL,BIDU,0.045,2022-04-12 13:30:55,2022-04-12 13:30:00,2022-04-12 14:00:00,2022-04-12,134.092623
345,0xd019955e5Db68ebd41CE5A7A327DdD5f2658e8D9,SKL,MSFT,0.04,2022-04-12 13:30:55,2022-04-12 13:30:00,2022-04-12 14:00:00,2022-04-12,288.270674
346,0xd019955e5Db68ebd41CE5A7A327DdD5f2658e8D9,SKL,SBSW,0.04,2022-04-12 13:30:55,2022-04-12 13:30:00,2022-04-12 14:00:00,2022-04-12,17.106095
347,0xd019955e5Db68ebd41CE5A7A327DdD5f2658e8D9,SKL,GOOG,0.039,2022-04-12 13:30:55,2022-04-12 13:30:00,2022-04-12 14:00:00,2022-04-12,2625.377068
348,0xd019955e5Db68ebd41CE5A7A327DdD5f2658e8D9,SKL,AMZN,0.039,2022-04-12 13:30:55,2022-04-12 13:30:00,2022-04-12 14:00:00,2022-04-12,3084.569528
349,0xd019955e5Db68ebd41CE5A7A327DdD5f2658e8D9,SKL,SILJ,0.037000000000000005,2022-04-12 13:30:55,2022-04-12 13:30:00,2022-04-12 14:00:00,2022-04-12,14.685225
350,0xd019955e5Db68ebd41CE5A7A327DdD5f2658e8D9,SKL,SUI,0.033,2022-04-12 13:30:55,2022-04-12 13:30:00,2022-04-12 14:00:00,2022-04-12,183.029995
351,0xd019955e5Db68ebd41CE5A7A327DdD5f2658e8D9,SKL,GDX,0.033,2022-04-12 13:30:55,2022-04-12 13:30:00,2022-04-12 14:00:00,2022-04-12,39.946658
352,0xd019955e5Db68ebd41CE5A7A327DdD5f2658e8D9,SKL,CRWD,0.032,2022-04-12 13:30:55,2022-04-12 13:30:00,2022-04-12 14:00:00,2022-04-12,231.545608
353,0xd019955e5Db68ebd41CE5A7A327DdD5f2658e8D9,SKL,GNOM,0.032,2022-04-12 13:30:55,2022-04-12 13:30:00,2022-04-12 14:00:00,2022-04-12,
354,0xd019955e5Db68ebd41CE5A7A327DdD5f2658e8D9,SKL,GDDY,0.031,2022-04-12 13:30:55,2022-04-12 13:30:00,2022-04-12 14:00:00,2022-04-12,83.247517
355,0xd019955e5Db68ebd41CE5A7A327DdD5f2658e8D9,SKL,WDAY,0.03,2022-04-12 13:30:55,2022-04-12 13:30:00,2022-04-12 14:00:00,2022-04-12,232.19052
356,0xd019955e5Db68ebd41CE5A7A327DdD5f2658e8D9,SKL,NOAH,0.028999999999999998,2022-04-12 13:30:55,2022-04-12 13:30:00,2022-04-12 14:00:00,2022-04-12,22.351142
357,0xd019955e5Db68ebd41CE5A7A327DdD5f2658e8D9,SKL,ARKF,0.027999999999999997,2022-04-12 13:30:55,2022-04-12 13:30:00,2022-04-12 14:00:00,2022-04-12,27.17785
358,0xd019955e5Db68ebd41CE5A7A327DdD5f2658e8D9,SKL,BLDR,0.027999999999999997,2022-04-12 13:30:55,2022-04-12 13:30:00,2022-04-12 14:00:00,2022-04-12,63.044066
359,0xd019955e5Db68ebd41CE5A7A327DdD5f2658e8D9,SKL,LITE,0.027000000000000003,2022-04-12 13:30:55,2022-04-12 13:30:00,2022-04-12 14:00:00,2022-04-12,89.156484
360,0xd019955e5Db68ebd41CE5A7A327DdD5f2658e8D9,SKL,COPX,0.026000000000000002,2022-04-12 13:30:55,2022-04-12 13:30:00,2022-04-12 14:00:00,2022-04-12,45.063333
361,0xd019955e5Db68ebd41CE5A7A327DdD5f2658e8D9,SKL,HDB,0.025,2022-04-12 13:30:55,2022-04-12 13:30:00,2022-04-12 14:00:00,2022-04-12,61.453416
362,0xd019955e5Db68ebd41CE5A7A327DdD5f2658e8D9,SKL,WTW,0.025,2022-04-12 13:30:55,2022-04-12 13:30:00,2022-04-12 14:00:00,2022-04-12,239.593908
363,0xd019955e5Db68ebd41CE5A7A327DdD5f2658e8D9,SKL,TCOM,0.025,2022-04-12 13:30:55,2022-04-12 13:30:00,2022-04-12 14:00:00,2022-04-12,22.753512
364,0xd019955e5Db68ebd41CE5A7A327DdD5f2658e8D9,SKL,SWN,0.025,2022-04-12 13:30:55,2022-04-12 13:30:00,2022-04-12 14:00:00,2022-04-12,8.15514
365,0xd019955e5Db68ebd41CE5A7A327DdD5f2658e8D9,SKL,FIVN,0.025,2022-04-12 13:30:55,2022-04-12 13:30:00,2022-04-12 14:00:00,2022-04-12,116.079545
366,0xd019955e5Db68ebd41CE5A7A327DdD5f2658e8D9,SKL,IFF,0.023,2022-04-12 13:30:55,2022-04-12 13:30:00,2022-04-12 14:00:00,2022-04-12,126.159287
367,0xd019955e5Db68ebd41CE5A7A327DdD5f2658e8D9,SKL,GDS,0.023,2022-04-12 13:30:55,2022-04-12 13:30:00,2022-04-12 14:00:00,2022-04-12,36.85709
368,0xd019955e5Db68ebd41CE5A7A327DdD5f2658e8D9,SKL,CCJ,0.023,2022-04-12 13:30:55,2022-04-12 13:30:00,2022-04-12 14:00:00,2022-04-12,31.006122
369,0xd019955e5Db68ebd41CE5A7A327DdD5f2658e8D9,SKL,CNHI,0.023,2022-04-12 13:30:55,2022-04-12 13:30:00,2022-04-12 14:00:00,2022-04-12,15.51286
370,0xd019955e5Db68ebd41CE5A7A327DdD5f2658e8D9,SKL,FOUR,0.022000000000000002,2022-04-12 13:30:55,2022-04-12 13:30:00,2022-04-12 14:00:00,2022-04-12,60.16122
371,0xd019955e5Db68ebd41CE5A7A327DdD5f2658e8D9,SKL,ET,0.022000000000000002,2022-04-12 13:30:55,2022-04-12 13:30:00,2022-04-12 14:00:00,2022-04-12,11.175828
372,0xd019955e5Db68ebd41CE5A7A327DdD5f2658e8D9,SKL,WIX,0.022000000000000002,2022-04-12 13:30:55,2022-04-12 13:30:00,2022-04-12 14:00:00,2022-04-12,98.435898
373,0xd019955e5Db68ebd41CE5A7A327DdD5f2658e8D9,SKL,DLTR,0.022000000000000002,2022-04-12 13:30:55,2022-04-12 13:30:00,2022-04-12 14:00:00,2022-04-12,166.712126
374,0xd019955e5Db68ebd41CE5A7A327DdD5f2658e8D9,SKL,TECK,0.021,2022-04-12 13:30:55,2022-04-12 13:30:00,2022-04-12 14:00:00,2022-04-12,40.252665
375,0xd019955e5Db68ebd41CE5A7A327DdD5f2658e8D9,SKL,CGC,0.02,2022-04-12 13:30:55,2022-04-12 13:30:00,2022-04-12 14:00:00,2022-04-12,6.967766
376,0xd019955e5Db68ebd41CE5A7A327DdD5f2658e8D9,SKL,ENS,0.02,2022-04-12 13:30:55,2022-04-12 13:30:00,2022-04-12 14:00:00,2022-04-12,70.151425
377,0xd019955e5Db68ebd41CE5A7A327DdD5f2658e8D9,SKL,NG,0.02,2022-04-12 13:30:55,2022-04-12 13:30:00,2022-04-12 14:00:00,2022-04-12,7.877155
378,0xd019955e5Db68ebd41CE5A7A327DdD5f2658e8D9,SKL,TV,0.02,2022-04-12 13:30:55,2022-04-12 13:30:00,2022-04-12 14:00:00,2022-04-12,11.203516
379,0xd019955e5Db68ebd41CE5A7A327DdD5f2658e8D9,SKL,MUFG,0.02,2022-04-12 13:30:55,2022-04-12 13:30:00,2022-04-12 14:00:00,2022-04-12,6.052677
380,0xd019955e5Db68ebd41CE5A7A327DdD5f2658e8D9,SKL,SLB,0.02,2022-04-12 13:30:55,2022-04-12 13:30:00,2022-04-12 14:00:00,2022-04-12,42.647393
381,0xd019955e5Db68ebd41CE5A7A327DdD5f2658e8D9,SKL,PENN,0.019,2022-04-12 13:30:55,2022-04-12 13:30:00,2022-04-12 14:00:00,2022-04-12,38.358156
382,0xd019955e5Db68ebd41CE5A7A327DdD5f2658e8D9,SKL,JBT,0.019,2022-04-12 13:30:55,2022-04-12 13:30:00,2022-04-12 14:00:00,2022-04-12,110.571451
383,0xd019955e5Db68ebd41CE5A7A327DdD5f2658e8D9,SKL,SCHW,0.019,2022-04-12 13:30:55,2022-04-12 13:30:00,2022-04-12 14:00:00,2022-04-12,81.797641
384,0xd019955e5Db68ebd41CE5A7A327DdD5f2658e8D9,SKL,INTC,0.019,2022-04-12 13:30:55,2022-04-12 13:30:00,2022-04-12 14:00:00,2022-04-12,47.189571
385,0xd019955e5Db68ebd41CE5A7A327DdD5f2658e8D9,SKL,JOBY,0.018000000000000002,2022-04-12 13:30:55,2022-04-12 13:30:00,2022-04-12 14:00:00,2022-04-12,5.198396
386,0xd019955e5Db68ebd41CE5A7A327DdD5f2658e8D9,SKL,CVNA,0.018000000000000002,2022-04-12 13:30:55,2022-04-12 13:30:00,2022-04-12 14:00:00,2022-04-12,106.332884
387,0xd019955e5Db68ebd41CE5A7A327DdD5f2658e8D9,SKL,LUNAUSD,0.018000000000000002,2022-04-12 13:30:55,2022-04-12 13:30:00,2022-04-12 14:00:00,2022-04-12,
388,0xd019955e5Db68ebd41CE5A7A327DdD5f2658e8D9,SKL,GRBK,0.018000000000000002,2022-04-12 13:30:55,2022-04-12 13:30:00,2022-04-12 14:00:00,2022-04-12,19.957918
389,0xd019955e5Db68ebd41CE5A7A327DdD5f2658e8D9,SKL,THRM,0.017,2022-04-12 13:30:55,2022-04-12 13:30:00,2022-04-12 14:00:00,2022-04-12,70.510269
390,0xd019955e5Db68ebd41CE5A7A327DdD5f2658e8D9,SKL,ZTO,0.017,2022-04-12 13:30:55,2022-04-12 13:30:00,2022-04-12 14:00:00,2022-04-12,26.051098
391,0xd019955e5Db68ebd41CE5A7A327DdD5f2658e8D9,SKL,Z,0.016,2022-04-12 13:30:55,2022-04-12 13:30:00,2022-04-12 14:00:00,2022-04-12,49.432739
392,0xd019955e5Db68ebd41CE5A7A327DdD5f2658e8D9,SKL,IIVI,0.015,2022-04-12 13:30:55,2022-04-12 13:30:00,2022-04-12 14:00:00,2022-04-12,64.530328
393,0xd019955e5Db68ebd41CE5A7A327DdD5f2658e8D9,SKL,ESTC,0.013999999999999999,2022-04-12 13:30:55,2022-04-12 13:30:00,2022-04-12 14:00:00,2022-04-12,91.716642
394,0xd019955e5Db68ebd41CE5A7A327DdD5f2658e8D9,SKL,COUP,0.013999999999999999,2022-04-12 13:30:55,2022-04-12 13:30:00,2022-04-12 14:00:00,2022-04-12,108.075037
395,0xd019955e5Db68ebd41CE5A7A327DdD5f2658e8D9,SKL,CIEN,0.013999999999999999,2022-04-12 13:30:55,2022-04-12 13:30:00,2022-04-12 14:00:00,2022-04-12,57.750472
396,0xd019955e5Db68ebd41CE5A7A327DdD5f2658e8D9,SKL,SPOT,0.013999999999999999,2022-04-12 13:30:55,2022-04-12 13:30:00,2022-04-12 14:00:00,2022-04-12,143.099162
397,0xd019955e5Db68ebd41CE5A7A327DdD5f2658e8D9,SKL,ONEW,0.013000000000000001,2022-04-12 13:30:55,2022-04-12 13:30:00,2022-04-12 14:00:00,2022-04-12,32.645739
398,0xd019955e5Db68ebd41CE5A7A327DdD5f2658e8D9,SKL,CREE,0.013000000000000001,2022-04-12 13:30:55,2022-04-12 13:30:00,2022-04-12 14:00:00,2022-04-12,
399,0xd019955e5Db68ebd41CE5A7A327DdD5f2658e8D9,SKL,AMOT,0.013000000000000001,2022-04-12 13:30:55,2022-04-12 13:30:00,2022-04-12 14:00:00,2022-04-12,27.684952
400,0xd019955e5Db68ebd41CE5A7A327DdD5f2658e8D9,SKL,AVAXUSD,0.013000000000000001,2022-04-12 13:30:55,2022-04-12 13:30:00,2022-04-12 14:00:00,2022-04-12,76.366323
401,0xd019955e5Db68ebd41CE5A7A327DdD5f2658e8D9,SKL,AES,0.013000000000000001,2022-04-12 13:30:55,2022-04-12 13:30:00,2022-04-12 14:00:00,2022-04-12,24.814131
402,0xd019955e5Db68ebd41CE5A7A327DdD5f2658e8D9,SKL,FUBO,0.012,2022-04-12 13:30:55,2022-04-12 13:30:00,2022-04-12 14:00:00,2022-04-12,6.015592
403,0xd019955e5Db68ebd41CE5A7A327DdD5f2658e8D9,SKL,PPLT,0.011000000000000001,2022-04-12 13:30:55,2022-04-12 13:30:00,2022-04-12 14:00:00,2022-04-12,90.215
404,0xd019955e5Db68ebd41CE5A7A327DdD5f2658e8D9,SKL,APPN,0.011000000000000001,2022-04-12 13:30:55,2022-04-12 13:30:00,2022-04-12 14:00:00,2022-04-12,56.732355
405,0xd019955e5Db68ebd41CE5A7A327DdD5f2658e8D9,SKL,ATOMUSD,0.011000000000000001,2022-04-12 13:30:55,2022-04-12 13:30:00,2022-04-12 14:00:00,2022-04-12,
406,0xd019955e5Db68ebd41CE5A7A327DdD5f2658e8D9,SKL,SOLUSD,0.011000000000000001,2022-04-12 13:30:55,2022-04-12 13:30:00,2022-04-12 14:00:00,2022-04-12,106.723509
407,0xd019955e5Db68ebd41CE5A7A327DdD5f2658e8D9,SKL,XP,0.011000000000000001,2022-04-12 13:30:55,2022-04-12 13:30:00,2022-04-12 14:00:00,2022-04-12,30.21099
408,0xd019955e5Db68ebd41CE5A7A327DdD5f2658e8D9,SKL,TSM,0.009000000000000001,2022-04-12 13:30:55,2022-04-12 13:30:00,2022-04-12 14:00:00,2022-04-12,99.486038
409,0xd019955e5Db68ebd41CE5A7A327DdD5f2658e8D9,SKL,API,0.008,2022-04-12 13:30:55,2022-04-12 13:30:00,2022-04-12 14:00:00,2022-04-12,8.790991
410,0xd019955e5Db68ebd41CE5A7A327DdD5f2658e8D9,SKL,DOTUSD,0.006999999999999999,2022-04-12 13:30:55,2022-04-12 13:30:00,2022-04-12 14:00:00,2022-04-12,
411,0xd019955e5Db68ebd41CE5A7A327DdD5f2658e8D9,SKL,SUSHIUSD,0.005,2022-04-12 13:30:55,2022-04-12 13:30:00,2022-04-12 14:00:00,2022-04-12,3.194326
412,0xd019955e5Db68ebd41CE5A7A327DdD5f2658e8D9,SKL,ALGOUSD,0.005,2022-04-12 13:30:55,2022-04-12 13:30:00,2022-04-12 14:00:00,2022-04-12,
413,0xd019955e5Db68ebd41CE5A7A327DdD5f2658e8D9,SKL,PCT,0.005,2022-04-12 13:30:55,2022-04-12 13:30:00,2022-04-12 14:00:00,2022-04-12,8.265143
414,0xd019955e5Db68ebd41CE5A7A327DdD5f2658e8D9,SKL,YFIUSD,0.004,2022-04-12 13:30:55,2022-04-12 13:30:00,2022-04-12 14:00:00,2022-04-12,18955.0
415,0xd019955e5Db68ebd41CE5A7A327DdD5f2658e8D9,SKL,SNXUSD,0.004,2022-04-12 13:30:55,2022-04-12 13:30:00,2022-04-12 14:00:00,2022-04-12,
416,0xd019955e5Db68ebd41CE5A7A327DdD5f2658e8D9,SKL,DYDXUSD,0.004,2022-04-12 13:30:55,2022-04-12 13:30:00,2022-04-12 14:00:00,2022-04-12,
417,0xd019955e5Db68ebd41CE5A7A327DdD5f2658e8D9,SKL,FTMUSD,0.004,2022-04-12 13:30:55,2022-04-12 13:30:00,2022-04-12 14:00:00,2022-04-12,
418,0xd019955e5Db68ebd41CE5A7A327DdD5f2658e8D9,SKL,EHTH,0.004,2022-04-12 13:30:55,2022-04-12 13:30:00,2022-04-12 14:00:00,2022-04-12,10.461117
419,0xd019955e5Db68ebd41CE5A7A327DdD5f2658e8D9,SKL,AAVEUSD,0.004,2022-04-12 13:30:55,2022-04-12 13:30:00,2022-04-12 14:00:00,2022-04-12,165.698103
420,0xd019955e5Db68ebd41CE5A7A327DdD5f2658e8D9,SKL,COMPUSD,0.003,2022-04-12 13:30:55,2022-04-12 13:30:00,2022-04-12 14:00:00,2022-04-12,
421,0xd019955e5Db68ebd41CE5A7A327DdD5f2658e8D9,SKL,HNTUSD,0.003,2022-04-12 13:30:55,2022-04-12 13:30:00,2022-04-12 14:00:00,2022-04-12,
422,0xd019955e5Db68ebd41CE5A7A327DdD5f2658e8D9,SKL,UNIUSD,0.003,2022-04-12 13:30:55,2022-04-12 13:30:00,2022-04-12 14:00:00,2022-04-12,9.267894
423,0xd019955e5Db68ebd41CE5A7A327DdD5f2658e8D9,SKL,NRIX,0.003,2022-04-12 13:30:55,2022-04-12 13:30:00,2022-04-12 14:00:00,2022-04-12,12.977008
424,0xd019955e5Db68ebd41CE5A7A327DdD5f2658e8D9,SKL,ONEUSD,0.002,2022-04-12 13:30:55,2022-04-12 13:30:00,2022-04-12 14:00:00,2022-04-12,
425,0xd019955e5Db68ebd41CE5A7A327DdD5f2658e8D9,SKL,CZZ,-0.013000000000000001,2022-04-12 13:30:55,2022-04-12 13:30:00,2022-04-12 14:00:00,2022-04-12,
426,0xd019955e5Db68ebd41CE5A7A327DdD5f2658e8D9,SKL,GWW,-0.016,2022-04-12 13:30:55,2022-04-12 13:30:00,2022-04-12 14:00:00,2022-04-12,524.741765
427,0xd019955e5Db68ebd41CE5A7A327DdD5f2658e8D9,SKL,CHKP,-0.02,2022-04-12 13:30:55,2022-04-12 13:30:00,2022-04-12 14:00:00,2022-04-12,142.077316
428,0xd019955e5Db68ebd41CE5A7A327DdD5f2658e8D9,SKL,ABEV,-0.022000000000000002,2022-04-12 13:30:55,2022-04-12 13:30:00,2022-04-12 14:00:00,2022-04-12,3.246142
429,0xd019955e5Db68ebd41CE5A7A327DdD5f2658e8D9,SKL,AOS,-0.023,2022-04-12 13:30:55,2022-04-12 13:30:00,2022-04-12 14:00:00,2022-04-12,65.398055
430,0xd019955e5Db68ebd41CE5A7A327DdD5f2658e8D9,SKL,K,-0.023,2022-04-12 13:30:55,2022-04-12 13:30:00,2022-04-12 14:00:00,2022-04-12,67.426399
431,0xd019955e5Db68ebd41CE5A7A327DdD5f2658e8D9,SKL,NOC,-0.027000000000000003,2022-04-12 13:30:55,2022-04-12 13:30:00,2022-04-12 14:00:00,2022-04-12,463.167723
432,0xd019955e5Db68ebd41CE5A7A327DdD5f2658e8D9,SKL,GD,-0.028999999999999998,2022-04-12 13:30:55,2022-04-12 13:30:00,2022-04-12 14:00:00,2022-04-12,244.413383
433,0xd019955e5Db68ebd41CE5A7A327DdD5f2658e8D9,SKL,GCI,-0.032,2022-04-12 13:30:55,2022-04-12 13:30:00,2022-04-12 14:00:00,2022-04-12,4.364895
434,0xd019955e5Db68ebd41CE5A7A327DdD5f2658e8D9,SKL,KR,-0.04,2022-04-12 13:30:55,2022-04-12 13:30:00,2022-04-12 14:00:00,2022-04-12,59.171016
435,0xd019955e5Db68ebd41CE5A7A327DdD5f2658e8D9,SKL,REET,-0.105,2022-04-12 13:30:55,2022-04-12 13:30:00,2022-04-12 14:00:00,2022-04-12,29.067273
436,0xd019955e5Db68ebd41CE5A7A327DdD5f2658e8D9,SKL,XLY,-0.147,2022-04-12 13:30:55,2022-04-12 13:30:00,2022-04-12 14:00:00,2022-04-12,179.717651
437,0xd019955e5Db68ebd41CE5A7A327DdD5f2658e8D9,SKL,IWM,-0.152,2022-04-12 13:30:55,2022-04-12 13:30:00,2022-04-12 14:00:00,2022-04-12,200.293304
438,0xd019955e5Db68ebd41CE5A7A327DdD5f2658e8D9,SKL,IYY,-0.154,2022-04-12 13:30:55,2022-04-12 13:30:00,2022-04-12 14:00:00,2022-04-12,
439,0xd019955e5Db68ebd41CE5A7A327DdD5f2658e8D9,SKL,SPY,-0.155,2022-04-12 13:30:55,2022-04-12 13:30:00,2022-04-12 14:00:00,2022-04-12,443.748949
440,0xd019955e5Db68ebd41CE5A7A327DdD5f2658e8D9,SKL,QQQ,-0.601,2022-04-12 13:30:55,2022-04-12 13:30:00,2022-04-12 14:00:00,2022-04-12,345.371437
441,0xd019955e5Db68ebd41CE5A7A327DdD5f2658e8D9,SKL,TBT,0,2022-04-12 13:30:55,2022-04-12 13:30:00,2022-04-12 14:00:00,2022-04-12,23.221185
442,0xd019955e5Db68ebd41CE5A7A327DdD5f2658e8D9,SKL,GDXJ,0.04,2022-04-12 13:30:55,2022-04-12 13:30:00,2022-04-12 14:00:00,2022-04-12,48.872718
443,0xd019955e5Db68ebd41CE5A7A327DdD5f2658e8D9,SKL,GDX,0.03,2022-04-12 13:30:55,2022-04-12 13:30:00,2022-04-12 14:00:00,2022-04-12,39.946658
444,0xd019955e5Db68ebd41CE5A7A327DdD5f2658e8D9,MATIC,KWEB,0.06,2022-04-25 20:07:05,2022-04-25 13:30:00,2022-04-26 13:00:00,2022-04-26,24.969642
445,0xd019955e5Db68ebd41CE5A7A327DdD5f2658e8D9,MATIC,BABA,0.06,2022-04-25 20:07:05,2022-04-25 13:30:00,2022-04-26 13:00:00,2022-04-26,85.511971
446,0xd019955e5Db68ebd41CE5A7A327DdD5f2658e8D9,MATIC,GDXJ,0.02,2022-04-25 20:07:05,2022-04-25 13:30:00,2022-04-26 13:00:00,2022-04-26,43.833503
447,0xd019955e5Db68ebd41CE5A7A327DdD5f2658e8D9,MATIC,GDX,0.02,2022-04-25 20:07:05,2022-04-25 13:30:00,2022-04-26 13:00:00,2022-04-26,35.632768
448,0xd019955e5Db68ebd41CE5A7A327DdD5f2658e8D9,MATIC,INTC,0.03,2022-04-25 20:07:05,2022-04-25 13:30:00,2022-04-26 13:00:00,2022-04-26,46.586516
449,0xd019955e5Db68ebd41CE5A7A327DdD5f2658e8D9,MATIC,REET,-0.15,2022-04-25 20:07:05,2022-04-25 13:30:00,2022-04-26 13:00:00,2022-04-26,29.083541
450,0xd019955e5Db68ebd41CE5A7A327DdD5f2658e8D9,MATIC,AAPL,-0.03,2022-04-25 20:07:05,2022-04-25 13:30:00,2022-04-26 13:00:00,2022-04-26,160.910043
451,0xd019955e5Db68ebd41CE5A7A327DdD5f2658e8D9,MATIC,CCJ,0.035,2022-04-26 18:23:38,2022-04-26 13:30:00,2022-04-26 19:00:00,2022-04-26,26.370246
452,0xd019955e5Db68ebd41CE5A7A327DdD5f2658e8D9,MATIC,JOBY,0.03,2022-04-26 18:23:38,2022-04-26 13:30:00,2022-04-26 19:00:00,2022-04-26,4.97743
453,0xd019955e5Db68ebd41CE5A7A327DdD5f2658e8D9,MATIC,NG,0.01,2022-04-26 18:23:38,2022-04-26 13:30:00,2022-04-26 19:00:00,2022-04-26,6.747787
454,0xd019955e5Db68ebd41CE5A7A327DdD5f2658e8D9,MATIC,REET,-0.15,2022-04-26 18:23:38,2022-04-26 13:30:00,2022-04-26 19:00:00,2022-04-26,28.699804
455,0xd019955e5Db68ebd41CE5A7A327DdD5f2658e8D9,MATIC,XLY,-0.15,2022-04-26 18:23:38,2022-04-26 13:30:00,2022-04-26 19:00:00,2022-04-26,168.678087
456,0xd019955e5Db68ebd41CE5A7A327DdD5f2658e8D9,MATIC,IWM,-0.15,2022-04-26 18:23:38,2022-04-26 13:30:00,2022-04-26 19:00:00,2022-04-26,188.20085
457,0xd019955e5Db68ebd41CE5A7A327DdD5f2658e8D9,MATIC,IYY,-0.15,2022-04-26 18:23:38,2022-04-26 13:30:00,2022-04-26 17:00:00,2022-04-26,103.07
458,0xd019955e5Db68ebd41CE5A7A327DdD5f2658e8D9,MATIC,SPY,-0.15,2022-04-26 18:23:38,2022-04-26 13:30:00,2022-04-26 19:00:00,2022-04-26,417.838398
459,0xd019955e5Db68ebd41CE5A7A327DdD5f2658e8D9,MATIC,QQQ,-0.55,2022-04-26 18:23:38,2022-04-26 13:30:00,2022-04-26 19:00:00,2022-04-26,318.416972
460,0xd019955e5Db68ebd41CE5A7A327DdD5f2658e8D9,MATIC,SNOW,0.02,2022-04-26 18:24:30,2022-04-26 13:30:00,2022-04-26 19:00:00,2022-04-26,179.279026
461,0xd019955e5Db68ebd41CE5A7A327DdD5f2658e8D9,MATIC,PLTR,0.02,2022-04-26 18:24:30,2022-04-26 13:30:00,2022-04-26 19:00:00,2022-04-26,11.174435
462,0xd019955e5Db68ebd41CE5A7A327DdD5f2658e8D9,MATIC,MSFT,0,2022-04-26 18:28:46,2022-04-26 13:30:00,2022-04-26 19:00:00,2022-04-26,271.296644
463,0xd019955e5Db68ebd41CE5A7A327DdD5f2658e8D9,MATIC,MCD,-0.02,2022-04-26 18:34:50,2022-04-26 13:30:00,2022-04-26 19:00:00,2022-04-26,248.873096
464,0xd019955e5Db68ebd41CE5A7A327DdD5f2658e8D9,MATIC,FIVN,0.03,2022-04-27 14:01:32,2022-04-27 13:30:00,2022-04-27 15:00:00,2022-04-27,99.87474
465,0xd019955e5Db68ebd41CE5A7A327DdD5f2658e8D9,MATIC,HUBS,0.02,2022-04-27 14:01:32,2022-04-27 13:30:00,2022-04-27 15:00:00,2022-04-27,377.687609
466,0xd019955e5Db68ebd41CE5A7A327DdD5f2658e8D9,MATIC,DDOG,0.02,2022-04-27 14:01:32,2022-04-27 13:30:00,2022-04-27 15:00:00,2022-04-27,121.654459
467,0xd019955e5Db68ebd41CE5A7A327DdD5f2658e8D9,MATIC,MDB,0.02,2022-04-27 14:01:32,2022-04-27 13:30:00,2022-04-27 15:00:00,2022-04-27,363.015827
468,0xd019955e5Db68ebd41CE5A7A327DdD5f2658e8D9,MATIC,ANET,0.02,2022-04-27 14:01:32,2022-04-27 13:30:00,2022-04-27 15:00:00,2022-04-27,115.029364
469,0xd019955e5Db68ebd41CE5A7A327DdD5f2658e8D9,MATIC,MPWR,0.02,2022-04-27 14:01:32,2022-04-27 13:30:00,2022-04-27 15:00:00,2022-04-27,392.697355
470,0xd019955e5Db68ebd41CE5A7A327DdD5f2658e8D9,MATIC,PANW,0.02,2022-04-27 14:01:32,2022-04-27 13:30:00,2022-04-27 15:00:00,2022-04-27,577.395298
471,0xd019955e5Db68ebd41CE5A7A327DdD5f2658e8D9,MATIC,REET,-0.1,2022-05-03 13:32:31,2022-05-03 13:30:00,2022-05-03 14:00:00,2022-05-03,27.265
472,0xd019955e5Db68ebd41CE5A7A327DdD5f2658e8D9,MATIC,QQQ,-0.5,2022-05-03 13:32:31,2022-05-03 13:30:00,2022-05-03 14:00:00,2022-05-03,318.23657
473,0xd019955e5Db68ebd41CE5A7A327DdD5f2658e8D9,MATIC,REET,-0.1,2022-05-03 13:34:55,2022-05-03 13:30:00,2022-05-03 14:00:00,2022-05-03,27.265
474,0xd019955e5Db68ebd41CE5A7A327DdD5f2658e8D9,MATIC,QQQ,-0.5,2022-05-03 13:34:55,2022-05-03 13:30:00,2022-05-03 14:00:00,2022-05-03,318.23657
475,0xd019955e5Db68ebd41CE5A7A327DdD5f2658e8D9,MATIC,REET,-0.1,2022-05-03 13:42:11,2022-05-03 13:30:00,2022-05-03 14:00:00,2022-05-03,27.265
476,0xd019955e5Db68ebd41CE5A7A327DdD5f2658e8D9,MATIC,QQQ,-0.5,2022-05-03 13:42:11,2022-05-03 13:30:00,2022-05-03 14:00:00,2022-05-03,318.23657
477,0xd019955e5Db68ebd41CE5A7A327DdD5f2658e8D9,MATIC,EWZ,0.055,2022-05-05 19:26:29,2022-05-05 13:30:00,2022-05-05 19:00:00,2022-05-05,31.527731
478,0xd019955e5Db68ebd41CE5A7A327DdD5f2658e8D9,MATIC,MJ,0.05,2022-05-05 19:26:29,2022-05-05 13:30:00,2022-05-05 19:00:00,2022-05-05,8.044537
479,0xd019955e5Db68ebd41CE5A7A327DdD5f2658e8D9,MATIC,XP,0.01,2022-05-05 19:26:29,2022-05-05 13:30:00,2022-05-05 19:00:00,2022-05-05,21.242053
480,0xd019955e5Db68ebd41CE5A7A327DdD5f2658e8D9,MATIC,NG,0.01,2022-05-05 19:26:29,2022-05-05 13:30:00,2022-05-05 19:00:00,2022-05-05,5.893701
481,0xd019955e5Db68ebd41CE5A7A327DdD5f2658e8D9,MATIC,CVNA,0.01,2022-05-05 19:26:29,2022-05-05 13:30:00,2022-05-05 19:00:00,2022-05-05,48.205246
482,0xd019955e5Db68ebd41CE5A7A327DdD5f2658e8D9,MATIC,PCT,0.01,2022-05-05 19:26:29,2022-05-05 13:30:00,2022-05-05 19:00:00,2022-05-05,8.259803
483,0xd019955e5Db68ebd41CE5A7A327DdD5f2658e8D9,MATIC,FTMUSD,0,2022-05-05 19:26:29,2022-05-05 13:30:00,2022-05-05 20:00:00,2022-05-05,
484,0xd019955e5Db68ebd41CE5A7A327DdD5f2658e8D9,MATIC,NRIX,0,2022-05-05 19:26:29,2022-05-05 13:30:00,2022-05-05 19:00:00,2022-05-05,10.289568
485,0xd019955e5Db68ebd41CE5A7A327DdD5f2658e8D9,MATIC,XLY,-0.15,2022-05-05 19:26:29,2022-05-05 13:30:00,2022-05-05 19:00:00,2022-05-05,159.505761
486,0xd019955e5Db68ebd41CE5A7A327DdD5f2658e8D9,MATIC,IWM,-0.15,2022-05-05 19:26:29,2022-05-05 13:30:00,2022-05-05 20:00:00,2022-05-05,185.857973
487,0xd019955e5Db68ebd41CE5A7A327DdD5f2658e8D9,MATIC,SPY,-0.15,2022-05-05 19:26:29,2022-05-05 13:30:00,2022-05-05 20:00:00,2022-05-05,414.496496
488,0xd019955e5Db68ebd41CE5A7A327DdD5f2658e8D9,MATIC,IYY,-0.15,2022-05-05 19:26:29,2022-05-05 13:30:00,2022-05-05 18:00:00,2022-05-05,101.11
489,0xd019955e5Db68ebd41CE5A7A327DdD5f2658e8D9,MATIC,GOLD,0.02,2022-05-05 19:26:29,2022-05-05 13:30:00,2022-05-05 19:00:00,2022-05-05,22.505273
490,0xd019955e5Db68ebd41CE5A7A327DdD5f2658e8D9,MATIC,REET,0,2022-05-11 14:45:16,2022-05-11 13:30:00,2022-05-11 15:00:00,2022-05-11,25.538034
491,0xd019955e5Db68ebd41CE5A7A327DdD5f2658e8D9,MATIC,ETHUSD,0.1,2022-05-11 14:58:10,2022-05-11 13:30:00,2022-05-11 15:00:00,2022-05-11,2307.979695
492,0xd019955e5Db68ebd41CE5A7A327DdD5f2658e8D9,MATIC,BTCUSD,0.1,2022-05-11 14:58:10,2022-05-11 13:30:00,2022-05-11 15:00:00,2022-05-11,31330.583765
493,0xd019955e5Db68ebd41CE5A7A327DdD5f2658e8D9,MATIC,SNXUSD,0,2022-05-11 14:58:10,2022-05-11 13:30:00,2022-05-11 15:00:00,2022-05-11,
494,0xd019955e5Db68ebd41CE5A7A327DdD5f2658e8D9,MATIC,COMPUSD,0,2022-05-11 14:58:10,2022-05-11 13:30:00,2022-05-11 15:00:00,2022-05-11,
495,0xd019955e5Db68ebd41CE5A7A327DdD5f2658e8D9,MATIC,HNTUSD,0,2022-05-11 14:58:10,2022-05-11 13:30:00,2022-05-11 15:00:00,2022-05-11,
496,0xd019955e5Db68ebd41CE5A7A327DdD5f2658e8D9,MATIC,UNIUSD,0,2022-05-11 14:58:10,2022-05-11 13:30:00,2022-05-11 15:00:00,2022-05-11,5.588773
497,0xd019955e5Db68ebd41CE5A7A327DdD5f2658e8D9,MATIC,DYDXUSD,0,2022-05-11 14:58:10,2022-05-11 13:30:00,2022-05-11 15:00:00,2022-05-11,
498,0xd019955e5Db68ebd41CE5A7A327DdD5f2658e8D9,MATIC,ONEUSD,0,2022-05-11 14:58:10,2022-05-11 13:30:00,2022-05-11 15:00:00,2022-05-11,
499,0xd019955e5Db68ebd41CE5A7A327DdD5f2658e8D9,MATIC,LUNAUSD,0,2022-05-11 14:58:10,2022-05-11 13:30:00,2022-05-11 15:00:00,2022-05-11,
500,0xd019955e5Db68ebd41CE5A7A327DdD5f2658e8D9,MATIC,ETHUSD,0.1,2022-05-13 13:41:40,2022-05-13 13:30:00,2022-05-13 14:00:00,2022-05-13,2138.392495
501,0xd019955e5Db68ebd41CE5A7A327DdD5f2658e8D9,MATIC,BABA,0.07,2022-05-13 13:41:40,2022-05-13 13:30:00,2022-05-13 14:00:00,2022-05-13,87.380457
502,0xd019955e5Db68ebd41CE5A7A327DdD5f2658e8D9,MATIC,SUI,0.045,2022-05-13 13:41:40,2022-05-13 13:30:00,2022-05-13 14:00:00,2022-05-13,160.857192
503,0xd019955e5Db68ebd41CE5A7A327DdD5f2658e8D9,MATIC,GNOM,0.05,2022-05-13 13:41:40,2022-05-13 13:30:00,2022-05-13 14:00:00,2022-05-13,11.78
504,0xd019955e5Db68ebd41CE5A7A327DdD5f2658e8D9,MATIC,JOBY,0.04,2022-05-13 13:41:40,2022-05-13 13:30:00,2022-05-13 14:00:00,2022-05-13,5.277865
505,0xd019955e5Db68ebd41CE5A7A327DdD5f2658e8D9,MATIC,WDAY,0.03,2022-05-13 13:41:40,2022-05-13 13:30:00,2022-05-13 14:00:00,2022-05-13,183.177741
506,0xd019955e5Db68ebd41CE5A7A327DdD5f2658e8D9,MATIC,IFF,0.03,2022-05-13 13:41:40,2022-05-13 13:30:00,2022-05-13 14:00:00,2022-05-13,130.943295
507,0xd019955e5Db68ebd41CE5A7A327DdD5f2658e8D9,MATIC,TCOM,0.03,2022-05-13 13:41:40,2022-05-13 13:30:00,2022-05-13 14:00:00,2022-05-13,20.318406
508,0xd019955e5Db68ebd41CE5A7A327DdD5f2658e8D9,MATIC,NOAH,0.03,2022-05-13 13:41:40,2022-05-13 13:30:00,2022-05-13 14:00:00,2022-05-13,16.864449
509,0xd019955e5Db68ebd41CE5A7A327DdD5f2658e8D9,MATIC,HDB,0.03,2022-05-13 13:41:40,2022-05-13 13:30:00,2022-05-13 14:00:00,2022-05-13,53.039877
510,0xd019955e5Db68ebd41CE5A7A327DdD5f2658e8D9,MATIC,DLTR,0.025,2022-05-13 13:41:40,2022-05-13 13:30:00,2022-05-13 14:00:00,2022-05-13,160.235528
511,0xd019955e5Db68ebd41CE5A7A327DdD5f2658e8D9,MATIC,CRWD,0.025,2022-05-13 13:41:40,2022-05-13 13:30:00,2022-05-13 14:00:00,2022-05-13,153.307672
512,0xd019955e5Db68ebd41CE5A7A327DdD5f2658e8D9,MATIC,CNHI,0.025,2022-05-13 13:41:40,2022-05-13 13:30:00,2022-05-13 14:00:00,2022-05-13,14.326193
513,0xd019955e5Db68ebd41CE5A7A327DdD5f2658e8D9,MATIC,COPX,0.03,2022-05-13 13:41:40,2022-05-13 13:30:00,2022-05-13 14:00:00,2022-05-13,35.539673
514,0xd019955e5Db68ebd41CE5A7A327DdD5f2658e8D9,MATIC,SWN,0.025,2022-05-13 13:41:40,2022-05-13 13:30:00,2022-05-13 14:00:00,2022-05-13,6.646298
515,0xd019955e5Db68ebd41CE5A7A327DdD5f2658e8D9,MATIC,JBT,0.025,2022-05-13 13:41:40,2022-05-13 13:30:00,2022-05-13 14:00:00,2022-05-13,116.811559
516,0xd019955e5Db68ebd41CE5A7A327DdD5f2658e8D9,MATIC,SLB,0.025,2022-05-13 13:41:40,2022-05-13 13:30:00,2022-05-13 14:00:00,2022-05-13,40.346033
517,0xd019955e5Db68ebd41CE5A7A327DdD5f2658e8D9,MATIC,MUFG,0.025,2022-05-13 13:41:40,2022-05-13 13:30:00,2022-05-13 14:00:00,2022-05-13,5.757237
518,0xd019955e5Db68ebd41CE5A7A327DdD5f2658e8D9,MATIC,ARKF,0.03,2022-05-13 13:41:40,2022-05-13 13:30:00,2022-05-13 14:00:00,2022-05-13,18.263778
519,0xd019955e5Db68ebd41CE5A7A327DdD5f2658e8D9,MATIC,ZTO,0.02,2022-05-13 13:41:40,2022-05-13 13:30:00,2022-05-13 14:00:00,2022-05-13,25.773795
520,0xd019955e5Db68ebd41CE5A7A327DdD5f2658e8D9,MATIC,FOUR,0.02,2022-05-13 13:41:40,2022-05-13 13:30:00,2022-05-13 14:00:00,2022-05-13,46.355425
521,0xd019955e5Db68ebd41CE5A7A327DdD5f2658e8D9,MATIC,GDS,0.02,2022-05-13 13:41:40,2022-05-13 13:30:00,2022-05-13 14:00:00,2022-05-13,28.248538
522,0xd019955e5Db68ebd41CE5A7A327DdD5f2658e8D9,MATIC,SCHW,0,2022-05-13 13:41:40,2022-05-13 13:30:00,2022-05-13 14:00:00,2022-05-13,65.633856
523,0xd019955e5Db68ebd41CE5A7A327DdD5f2658e8D9,MATIC,GOLD,0.02,2022-05-13 13:41:40,2022-05-13 13:30:00,2022-05-13 14:00:00,2022-05-13,20.487602
524,0xd019955e5Db68ebd41CE5A7A327DdD5f2658e8D9,MATIC,CGC,0.02,2022-05-13 13:41:40,2022-05-13 13:30:00,2022-05-13 14:00:00,2022-05-13,5.668487
525,0xd019955e5Db68ebd41CE5A7A327DdD5f2658e8D9,MATIC,TV,0.02,2022-05-13 13:41:40,2022-05-13 13:30:00,2022-05-13 14:00:00,2022-05-13,8.457718
526,0xd019955e5Db68ebd41CE5A7A327DdD5f2658e8D9,MATIC,ANET,0.02,2022-05-13 13:41:40,2022-05-13 13:30:00,2022-05-13 14:00:00,2022-05-13,107.615075
527,0xd019955e5Db68ebd41CE5A7A327DdD5f2658e8D9,MATIC,PANW,0.02,2022-05-13 13:41:40,2022-05-13 13:30:00,2022-05-13 14:00:00,2022-05-13,494.207818
528,0xd019955e5Db68ebd41CE5A7A327DdD5f2658e8D9,MATIC,GDX,0.02,2022-05-13 13:41:40,2022-05-13 13:30:00,2022-05-13 14:00:00,2022-05-13,30.830837
529,0xd019955e5Db68ebd41CE5A7A327DdD5f2658e8D9,MATIC,HUBS,0.02,2022-05-13 13:41:40,2022-05-13 13:30:00,2022-05-13 14:00:00,2022-05-13,348.667641
530,0xd019955e5Db68ebd41CE5A7A327DdD5f2658e8D9,MATIC,THRM,0.02,2022-05-13 13:41:40,2022-05-13 13:30:00,2022-05-13 14:00:00,2022-05-13,65.443293
531,0xd019955e5Db68ebd41CE5A7A327DdD5f2658e8D9,MATIC,SOLUSD,0.01,2022-05-13 13:41:40,2022-05-13 13:30:00,2022-05-13 14:00:00,2022-05-13,55.181037
532,0xd019955e5Db68ebd41CE5A7A327DdD5f2658e8D9,MATIC,AVAXUSD,0.01,2022-05-13 13:41:40,2022-05-13 13:30:00,2022-05-13 14:00:00,2022-05-13,37.265146
533,0xd019955e5Db68ebd41CE5A7A327DdD5f2658e8D9,MATIC,AAPL,0,2022-05-13 13:41:40,2022-05-13 13:30:00,2022-05-13 14:00:00,2022-05-13,145.937167
534,0xd019955e5Db68ebd41CE5A7A327DdD5f2658e8D9,MATIC,XLY,-0.15,2022-05-13 13:41:40,2022-05-13 13:30:00,2022-05-13 14:00:00,2022-05-13,151.690049
535,0xd019955e5Db68ebd41CE5A7A327DdD5f2658e8D9,MATIC,IWM,-0.15,2022-05-13 13:41:40,2022-05-13 13:30:00,2022-05-13 14:00:00,2022-05-13,177.442935
536,0xd019955e5Db68ebd41CE5A7A327DdD5f2658e8D9,MATIC,IYY,-0.15,2022-05-13 13:41:40,2022-05-13 13:30:00,2022-05-13 14:00:00,2022-05-13,97.64
537,0xd019955e5Db68ebd41CE5A7A327DdD5f2658e8D9,MATIC,SPY,-0.15,2022-05-13 13:41:40,2022-05-13 13:30:00,2022-05-13 14:00:00,2022-05-13,400.295347
538,0xd019955e5Db68ebd41CE5A7A327DdD5f2658e8D9,MATIC,QQQ,-0.5,2022-05-13 13:41:40,2022-05-13 13:30:00,2022-05-13 14:00:00,2022-05-13,299.914268
539,0xd019955e5Db68ebd41CE5A7A327DdD5f2658e8D9,MATIC,NEM,0.02,2022-05-13 13:41:40,2022-05-13 13:30:00,2022-05-13 14:00:00,2022-05-13,65.524849
540,0xd019955e5Db68ebd41CE5A7A327DdD5f2658e8D9,MATIC,COIN,0.03,2022-05-13 13:41:40,2022-05-13 13:30:00,2022-05-13 14:00:00,2022-05-13,68.015441
541,0xd019955e5Db68ebd41CE5A7A327DdD5f2658e8D9,MATIC,TAN,0.025,2022-05-24 17:41:26,2022-05-24 13:30:00,2022-05-24 18:00:00,2022-05-24,66.292629
542,0xd019955e5Db68ebd41CE5A7A327DdD5f2658e8D9,MATIC,BTCUSD,0.1,2022-05-25 15:53:41,2022-05-25 13:30:00,2022-05-25 16:00:00,2022-05-25,29571.495785
543,0xd019955e5Db68ebd41CE5A7A327DdD5f2658e8D9,MATIC,ETHUSD,0.1,2022-05-25 15:53:41,2022-05-25 13:30:00,2022-05-25 16:00:00,2022-05-25,1950.634213
544,0xd019955e5Db68ebd41CE5A7A327DdD5f2658e8D9,MATIC,KWEB,0.07,2022-05-25 15:53:41,2022-05-25 13:30:00,2022-05-25 16:00:00,2022-05-25,25.192998
545,0xd019955e5Db68ebd41CE5A7A327DdD5f2658e8D9,MATIC,BIDU,0.05,2022-05-25 15:53:41,2022-05-25 13:30:00,2022-05-25 16:00:00,2022-05-25,117.339856
546,0xd019955e5Db68ebd41CE5A7A327DdD5f2658e8D9,MATIC,SUI,0.05,2022-05-25 15:53:41,2022-05-25 13:30:00,2022-05-25 16:00:00,2022-05-25,161.179696
547,0xd019955e5Db68ebd41CE5A7A327DdD5f2658e8D9,MATIC,BILL,0.04,2022-05-25 15:53:41,2022-05-25 13:30:00,2022-05-25 16:00:00,2022-05-25,109.113923
548,0xd019955e5Db68ebd41CE5A7A327DdD5f2658e8D9,MATIC,IFF,0.03,2022-05-25 15:53:41,2022-05-25 13:30:00,2022-05-25 16:00:00,2022-05-25,128.906291
549,0xd019955e5Db68ebd41CE5A7A327DdD5f2658e8D9,MATIC,ARKF,0.04,2022-05-25 15:53:41,2022-05-25 13:30:00,2022-05-25 16:00:00,2022-05-25,17.110087
550,0xd019955e5Db68ebd41CE5A7A327DdD5f2658e8D9,MATIC,GRBK,0,2022-05-25 15:53:41,2022-05-25 13:30:00,2022-05-25 16:00:00,2022-05-25,22.75597
551,0xd019955e5Db68ebd41CE5A7A327DdD5f2658e8D9,MATIC,ZTO,0.02,2022-05-25 15:53:41,2022-05-25 13:30:00,2022-05-25 16:00:00,2022-05-25,24.607971
552,0xd019955e5Db68ebd41CE5A7A327DdD5f2658e8D9,MATIC,ANET,0,2022-05-25 15:53:41,2022-05-25 13:30:00,2022-05-25 16:00:00,2022-05-25,100.102632
553,0xd019955e5Db68ebd41CE5A7A327DdD5f2658e8D9,MATIC,CGC,0.02,2022-05-25 15:53:41,2022-05-25 13:30:00,2022-05-25 16:00:00,2022-05-25,4.869041
554,0xd019955e5Db68ebd41CE5A7A327DdD5f2658e8D9,MATIC,AES,0.02,2022-05-25 15:53:41,2022-05-25 13:30:00,2022-05-25 16:00:00,2022-05-25,21.227687
555,0xd019955e5Db68ebd41CE5A7A327DdD5f2658e8D9,MATIC,SPOT,0,2022-05-25 15:53:41,2022-05-25 13:30:00,2022-05-25 16:00:00,2022-05-25,106.596043
556,0xd019955e5Db68ebd41CE5A7A327DdD5f2658e8D9,MATIC,FUBO,0,2022-05-25 15:53:41,2022-05-25 13:30:00,2022-05-25 16:00:00,2022-05-25,3.116504
557,0xd019955e5Db68ebd41CE5A7A327DdD5f2658e8D9,MATIC,EHTH,0,2022-05-25 15:53:41,2022-05-25 13:30:00,2022-05-25 16:00:00,2022-05-25,10.084702
558,0xd019955e5Db68ebd41CE5A7A327DdD5f2658e8D9,MATIC,CZZ,-0.02,2022-05-25 15:53:41,2022-05-25 13:30:00,2022-05-25 16:00:00,2022-05-25,
559,0xd019955e5Db68ebd41CE5A7A327DdD5f2658e8D9,MATIC,MCD,-0.02,2022-05-25 15:53:41,2022-05-25 13:30:00,2022-05-25 16:00:00,2022-05-25,242.989849
560,0xd019955e5Db68ebd41CE5A7A327DdD5f2658e8D9,MATIC,CHKP,-0.02,2022-05-25 15:53:41,2022-05-25 13:30:00,2022-05-25 16:00:00,2022-05-25,122.427886
561,0xd019955e5Db68ebd41CE5A7A327DdD5f2658e8D9,MATIC,ABEV,-0.02,2022-05-25 15:53:41,2022-05-25 13:30:00,2022-05-25 16:00:00,2022-05-25,2.850789
562,0xd019955e5Db68ebd41CE5A7A327DdD5f2658e8D9,MATIC,AOS,-0.02,2022-05-25 15:53:41,2022-05-25 13:30:00,2022-05-25 16:00:00,2022-05-25,58.230303
563,0xd019955e5Db68ebd41CE5A7A327DdD5f2658e8D9,MATIC,K,-0.02,2022-05-25 15:53:41,2022-05-25 13:30:00,2022-05-25 16:00:00,2022-05-25,70.399949
564,0xd019955e5Db68ebd41CE5A7A327DdD5f2658e8D9,MATIC,GD,-0.02,2022-05-25 15:53:41,2022-05-25 13:30:00,2022-05-25 16:00:00,2022-05-25,218.523098
565,0xd019955e5Db68ebd41CE5A7A327DdD5f2658e8D9,MATIC,NOC,-0.02,2022-05-25 15:53:41,2022-05-25 13:30:00,2022-05-25 16:00:00,2022-05-25,472.076146
566,0xd019955e5Db68ebd41CE5A7A327DdD5f2658e8D9,MATIC,GCI,-0.02,2022-05-25 15:53:41,2022-05-25 13:30:00,2022-05-25 16:00:00,2022-05-25,3.675753
567,0xd019955e5Db68ebd41CE5A7A327DdD5f2658e8D9,MATIC,KR,-0.02,2022-05-25 15:53:41,2022-05-25 13:30:00,2022-05-25 16:00:00,2022-05-25,51.334726
568,0xd019955e5Db68ebd41CE5A7A327DdD5f2658e8D9,MATIC,XLY,-0.2,2022-05-25 15:53:41,2022-05-25 13:30:00,2022-05-25 16:00:00,2022-05-25,140.763094
569,0xd019955e5Db68ebd41CE5A7A327DdD5f2658e8D9,MATIC,SPY,-0.2,2022-05-25 15:53:41,2022-05-25 13:30:00,2022-05-25 16:00:00,2022-05-25,394.230161
570,0xd019955e5Db68ebd41CE5A7A327DdD5f2658e8D9,MATIC,IYY,-0.2,2022-05-25 15:53:41,2022-05-25 13:30:00,2022-05-25 16:00:00,2022-05-25,96.44
571,0xd019955e5Db68ebd41CE5A7A327DdD5f2658e8D9,MATIC,IWM,-0.2,2022-05-25 15:53:41,2022-05-25 13:30:00,2022-05-25 16:00:00,2022-05-25,177.204503
572,0xd019955e5Db68ebd41CE5A7A327DdD5f2658e8D9,MATIC,QQQ,-0.5,2022-05-25 15:53:41,2022-05-25 13:30:00,2022-05-25 16:00:00,2022-05-25,288.389485
573,0xd019955e5Db68ebd41CE5A7A327DdD5f2658e8D9,MATIC,SHOP,0.03,2022-05-26 17:38:26,2022-05-26 13:30:00,2022-05-26 18:00:00,2022-05-26,353.86307
574,0xd019955e5Db68ebd41CE5A7A327DdD5f2658e8D9,MATIC,MELI,0.03,2022-05-26 17:38:26,2022-05-26 13:30:00,2022-05-26 18:00:00,2022-05-26,784.420065
575,0xd019955e5Db68ebd41CE5A7A327DdD5f2658e8D9,MATIC,AMZN,0.03,2022-05-26 17:41:02,2022-05-26 13:30:00,2022-05-26 18:00:00,2022-05-26,2236.821281
576,0xd019955e5Db68ebd41CE5A7A327DdD5f2658e8D9,MATIC,GTLB,0.03,2022-05-26 17:44:28,2022-05-26 13:30:00,2022-05-26 18:00:00,2022-05-26,40.102026
577,0xd019955e5Db68ebd41CE5A7A327DdD5f2658e8D9,MATIC,DIG,-0.04,2022-06-06 14:06:33,2022-06-06 13:30:00,2022-06-06 15:00:00,2022-06-06,46.386667
578,0xd019955e5Db68ebd41CE5A7A327DdD5f2658e8D9,MATIC,ARKF,0.03,2022-06-07 13:27:23,2022-06-07 13:30:00,2022-06-07 14:00:00,2022-06-07,18.392897
579,0xd019955e5Db68ebd41CE5A7A327DdD5f2658e8D9,MATIC,TAN,0.01,2022-06-07 13:27:23,2022-06-07 13:30:00,2022-06-07 14:00:00,2022-06-07,76.369174
580,0xd019955e5Db68ebd41CE5A7A327DdD5f2658e8D9,MATIC,CREE,0,2022-06-10 20:44:33,2022-06-10 13:30:00,2022-06-13 13:00:00,2022-06-13,
581,0xd019955e5Db68ebd41CE5A7A327DdD5f2658e8D9,MATIC,CZZ,0,2022-06-10 20:44:33,2022-06-10 13:30:00,2022-06-13 13:00:00,2022-06-13,
582,0xd019955e5Db68ebd41CE5A7A327DdD5f2658e8D9,MATIC,PFE,-0.01,2022-06-10 20:44:33,2022-06-10 13:30:00,2022-06-13 13:00:00,2022-06-13,48.739619
583,0xd019955e5Db68ebd41CE5A7A327DdD5f2658e8D9,MATIC,MRNA,-0.01,2022-06-10 20:44:33,2022-06-10 13:30:00,2022-06-13 13:00:00,2022-06-13,120.789788
584,0xd019955e5Db68ebd41CE5A7A327DdD5f2658e8D9,MATIC,RMD,-0.01,2022-06-10 20:44:33,2022-06-10 13:30:00,2022-06-13 13:00:00,2022-06-13,203.624242
585,0xd019955e5Db68ebd41CE5A7A327DdD5f2658e8D9,MATIC,ELAN,-0.01,2022-06-10 20:44:33,2022-06-10 13:30:00,2022-06-13 13:00:00,2022-06-13,21.56411
586,0xd019955e5Db68ebd41CE5A7A327DdD5f2658e8D9,MATIC,INCY,0.03,2022-06-10 20:44:33,2022-06-10 13:30:00,2022-06-13 13:00:00,2022-06-13,68.869135
587,0xd019955e5Db68ebd41CE5A7A327DdD5f2658e8D9,MATIC,CRC,0.02,2022-06-10 20:44:33,2022-06-10 13:30:00,2022-06-13 13:00:00,2022-06-13,45.155632
588,0xd019955e5Db68ebd41CE5A7A327DdD5f2658e8D9,MATIC,BTCUSD,0.1,2022-06-13 20:06:34,2022-06-13 13:30:00,2022-06-14 13:00:00,2022-06-14,22263.252164
589,0xd019955e5Db68ebd41CE5A7A327DdD5f2658e8D9,MATIC,ETHUSD,0.08,2022-06-13 20:06:34,2022-06-13 13:30:00,2022-06-14 13:00:00,2022-06-14,1210.249945
590,0xd019955e5Db68ebd41CE5A7A327DdD5f2658e8D9,MATIC,EWZ,0.05,2022-06-15 17:56:03,2022-06-15 13:30:00,2022-06-15 18:00:00,2022-06-15,29.293369
591,0xd019955e5Db68ebd41CE5A7A327DdD5f2658e8D9,MATIC,SLV,0.06,2022-06-15 17:56:03,2022-06-15 13:30:00,2022-06-15 18:00:00,2022-06-15,19.995073
592,0xd019955e5Db68ebd41CE5A7A327DdD5f2658e8D9,MATIC,SILJ,0.04,2022-06-15 17:56:03,2022-06-15 13:30:00,2022-06-15 18:00:00,2022-06-15,10.554521
593,0xd019955e5Db68ebd41CE5A7A327DdD5f2658e8D9,MATIC,GDXJ,0.03,2022-06-15 17:56:03,2022-06-15 13:30:00,2022-06-15 18:00:00,2022-06-15,36.542885
594,0xd019955e5Db68ebd41CE5A7A327DdD5f2658e8D9,MATIC,GDX,0.03,2022-06-15 17:56:03,2022-06-15 13:30:00,2022-06-15 18:00:00,2022-06-15,29.996928
595,0xd019955e5Db68ebd41CE5A7A327DdD5f2658e8D9,MATIC,GOLD,0.025,2022-06-15 17:56:03,2022-06-15 13:30:00,2022-06-15 18:00:00,2022-06-15,19.340517
596,0xd019955e5Db68ebd41CE5A7A327DdD5f2658e8D9,MATIC,NEM,0.025,2022-06-15 17:56:03,2022-06-15 13:30:00,2022-06-15 18:00:00,2022-06-15,62.047101
597,0xd019955e5Db68ebd41CE5A7A327DdD5f2658e8D9,MATIC,GLD,0.1,2022-06-15 17:56:03,2022-06-15 13:30:00,2022-06-15 18:00:00,2022-06-15,170.60588
598,0xd019955e5Db68ebd41CE5A7A327DdD5f2658e8D9,MATIC,HEDJ,-0.1,2022-06-15 17:56:03,2022-06-15 13:30:00,2022-06-15 18:00:00,2022-06-15,68.975526
599,0xd019955e5Db68ebd41CE5A7A327DdD5f2658e8D9,MATIC,EMXC,-0.05,2022-06-15 17:56:03,2022-06-15 13:30:00,2022-06-15 18:00:00,2022-06-15,49.636667
600,0xd019955e5Db68ebd41CE5A7A327DdD5f2658e8D9,MATIC,FATE,0.03,2022-06-15 19:37:19,2022-06-15 13:30:00,2022-06-15 19:00:00,2022-06-15,19.396573
601,0xd019955e5Db68ebd41CE5A7A327DdD5f2658e8D9,MATIC,BTCUSD,0.1,2022-06-20 19:49:25,2022-06-21 13:30:00,2022-06-21 14:00:00,2022-06-21,21542.653716
602,0xd019955e5Db68ebd41CE5A7A327DdD5f2658e8D9,MATIC,DIG,-0.025,2022-06-20 19:49:25,2022-06-21 13:30:00,2022-06-21 14:00:00,2022-06-21,33.9475
603,0xd019955e5Db68ebd41CE5A7A327DdD5f2658e8D9,MATIC,HEDJ,-0.1,2022-06-20 19:49:25,2022-06-21 13:30:00,2022-06-21 14:00:00,2022-06-21,67.71
604,0xd019955e5Db68ebd41CE5A7A327DdD5f2658e8D9,MATIC,SPY,-0.15,2022-06-20 19:49:25,2022-06-21 13:30:00,2022-06-21 14:00:00,2022-06-21,375.118433
605,0xd019955e5Db68ebd41CE5A7A327DdD5f2658e8D9,MATIC,IYY,-0.2,2022-06-20 19:49:25,2022-06-21 13:30:00,2022-06-21 14:00:00,2022-06-21,91.96
606,0xd019955e5Db68ebd41CE5A7A327DdD5f2658e8D9,MATIC,IWM,-0.2,2022-06-20 19:49:25,2022-06-21 13:30:00,2022-06-21 14:00:00,2022-06-21,169.197498
607,0xd019955e5Db68ebd41CE5A7A327DdD5f2658e8D9,MATIC,XLY,-0.2,2022-06-20 19:49:25,2022-06-21 13:30:00,2022-06-21 14:00:00,2022-06-21,140.531572
608,0xd019955e5Db68ebd41CE5A7A327DdD5f2658e8D9,MATIC,QQQ,-0.45,2022-06-20 19:49:25,2022-06-21 13:30:00,2022-06-21 14:00:00,2022-06-21,282.798051
609,0xd019955e5Db68ebd41CE5A7A327DdD5f2658e8D9,MATIC,URA,0.06,2022-06-24 13:59:27,2022-06-24 13:30:00,2022-06-24 15:00:00,2022-06-24,19.272307
610,0xd019955e5Db68ebd41CE5A7A327DdD5f2658e8D9,MATIC,SLB,0.03,2022-06-24 13:59:27,2022-06-24 13:30:00,2022-06-24 15:00:00,2022-06-24,36.24628
611,0xd019955e5Db68ebd41CE5A7A327DdD5f2658e8D9,MATIC,DIG,-0.025,2022-06-24 13:59:27,2022-06-24 13:30:00,2022-06-24 15:00:00,2022-06-24,30.2
612,0xd019955e5Db68ebd41CE5A7A327DdD5f2658e8D9,MATIC,BNBUSD,0.01,2022-06-24 13:59:27,2022-06-24 13:30:00,2022-06-24 15:00:00,2022-06-24,
613,0xd019955e5Db68ebd41CE5A7A327DdD5f2658e8D9,MATIC,MOS,0.025,2022-06-24 13:59:27,2022-06-24 13:30:00,2022-06-24 15:00:00,2022-06-24,47.60174
614,0xd019955e5Db68ebd41CE5A7A327DdD5f2658e8D9,MATIC,DIG,0,2022-07-04 21:11:33,2022-07-05 13:30:00,2022-07-05 14:00:00,2022-07-05,27.950568
615,0xd019955e5Db68ebd41CE5A7A327DdD5f2658e8D9,MATIC,COMM,0.03,2022-07-05 19:21:13,2022-07-05 13:30:00,2022-07-05 19:00:00,2022-07-05,6.290597
616,0xd019955e5Db68ebd41CE5A7A327DdD5f2658e8D9,MATIC,LITE,0.035,2022-07-05 20:23:44,2022-07-05 13:30:00,2022-07-06 13:00:00,2022-07-06,76.267273
617,0xd019955e5Db68ebd41CE5A7A327DdD5f2658e8D9,MATIC,DLTR,0.03,2022-07-05 20:23:44,2022-07-05 13:30:00,2022-07-06 13:00:00,2022-07-06,165.731995
618,0xd019955e5Db68ebd41CE5A7A327DdD5f2658e8D9,MATIC,IIVI,0.02,2022-07-05 20:23:44,2022-07-05 13:30:00,2022-07-06 13:00:00,2022-07-06,48.265101
619,0xd019955e5Db68ebd41CE5A7A327DdD5f2658e8D9,MATIC,CRC,0,2022-07-05 20:23:44,2022-07-05 13:30:00,2022-07-06 13:00:00,2022-07-06,38.164634
620,0xd019955e5Db68ebd41CE5A7A327DdD5f2658e8D9,MATIC,CIEN,0.02,2022-07-05 20:23:44,2022-07-05 13:30:00,2022-07-06 13:00:00,2022-07-06,45.617153
621,0xd019955e5Db68ebd41CE5A7A327DdD5f2658e8D9,MATIC,CVNA,0,2022-07-05 20:23:44,2022-07-05 13:30:00,2022-07-06 13:00:00,2022-07-06,26.908732
622,0xd019955e5Db68ebd41CE5A7A327DdD5f2658e8D9,MATIC,ELAN,-0.01,2022-07-05 20:23:44,2022-07-05 13:30:00,2022-07-06 13:00:00,2022-07-06,20.428023
623,0xd019955e5Db68ebd41CE5A7A327DdD5f2658e8D9,MATIC,PFE,-0.02,2022-07-05 20:23:44,2022-07-05 13:30:00,2022-07-06 13:00:00,2022-07-06,52.210649
624,0xd019955e5Db68ebd41CE5A7A327DdD5f2658e8D9,MATIC,MRNA,-0.02,2022-07-05 20:23:44,2022-07-05 13:30:00,2022-07-06 13:00:00,2022-07-06,153.082288
625,0xd019955e5Db68ebd41CE5A7A327DdD5f2658e8D9,MATIC,ABEV,-0.02,2022-07-05 20:23:44,2022-07-05 13:30:00,2022-07-06 13:00:00,2022-07-06,2.588307
626,0xd019955e5Db68ebd41CE5A7A327DdD5f2658e8D9,MATIC,KR,-0.02,2022-07-05 20:23:44,2022-07-05 13:30:00,2022-07-06 13:00:00,2022-07-06,47.367783
627,0xd019955e5Db68ebd41CE5A7A327DdD5f2658e8D9,MATIC,EMXC,-0.05,2022-07-05 20:23:44,2022-07-05 13:30:00,2022-07-06 13:00:00,2022-07-06,46.353952
628,0xd019955e5Db68ebd41CE5A7A327DdD5f2658e8D9,MATIC,HEDJ,-0.1,2022-07-05 20:23:44,2022-07-05 13:30:00,2022-07-06 13:00:00,2022-07-06,65.220526
629,0xd019955e5Db68ebd41CE5A7A327DdD5f2658e8D9,MATIC,SPY,-0.15,2022-07-05 20:23:44,2022-07-05 13:30:00,2022-07-06 13:00:00,2022-07-06,382.137868
630,0xd019955e5Db68ebd41CE5A7A327DdD5f2658e8D9,MATIC,IYY,-0.2,2022-07-05 20:23:44,2022-07-05 13:30:00,2022-07-06 13:00:00,2022-07-06,93.92
631,0xd019955e5Db68ebd41CE5A7A327DdD5f2658e8D9,MATIC,IWM,-0.25,2022-07-05 20:23:44,2022-07-05 13:30:00,2022-07-06 13:00:00,2022-07-06,172.762466
632,0xd019955e5Db68ebd41CE5A7A327DdD5f2658e8D9,MATIC,XLY,-0.2,2022-07-05 20:23:44,2022-07-05 13:30:00,2022-07-06 13:00:00,2022-07-06,142.536178
633,0xd019955e5Db68ebd41CE5A7A327DdD5f2658e8D9,MATIC,FXI,0.07,2022-07-06 14:58:46,2022-07-06 13:30:00,2022-07-06 15:00:00,2022-07-06,33.107497
634,0xd019955e5Db68ebd41CE5A7A327DdD5f2658e8D9,MATIC,URA,0.06,2022-07-06 14:58:46,2022-07-06 13:30:00,2022-07-06 15:00:00,2022-07-06,17.832266
635,0xd019955e5Db68ebd41CE5A7A327DdD5f2658e8D9,MATIC,CRON,0.06,2022-07-06 14:58:46,2022-07-06 13:30:00,2022-07-06 15:00:00,2022-07-06,2.985057
636,0xd019955e5Db68ebd41CE5A7A327DdD5f2658e8D9,MATIC,GNOM,0.06,2022-07-06 14:58:46,2022-07-06 13:30:00,2022-07-06 15:00:00,2022-07-06,13.46
637,0xd019955e5Db68ebd41CE5A7A327DdD5f2658e8D9,MATIC,SLV,0.05,2022-07-06 14:58:46,2022-07-06 13:30:00,2022-07-06 15:00:00,2022-07-06,17.581817
638,0xd019955e5Db68ebd41CE5A7A327DdD5f2658e8D9,MATIC,SUI,0.05,2022-07-06 14:58:46,2022-07-06 13:30:00,2022-07-06 15:00:00,2022-07-06,161.113398
639,0xd019955e5Db68ebd41CE5A7A327DdD5f2658e8D9,MATIC,GTLB,0.04,2022-07-06 14:58:46,2022-07-06 13:30:00,2022-07-06 15:00:00,2022-07-06,57.290418
640,0xd019955e5Db68ebd41CE5A7A327DdD5f2658e8D9,MATIC,GOOG,0.04,2022-07-06 14:58:46,2022-07-06 13:30:00,2022-07-06 15:00:00,2022-07-06,2281.491401
641,0xd019955e5Db68ebd41CE5A7A327DdD5f2658e8D9,MATIC,JOBY,0.04,2022-07-06 14:58:46,2022-07-06 13:30:00,2022-07-06 15:00:00,2022-07-06,5.077023
642,0xd019955e5Db68ebd41CE5A7A327DdD5f2658e8D9,MATIC,BLDR,0.03,2022-07-06 14:58:46,2022-07-06 13:30:00,2022-07-06 15:00:00,2022-07-06,57.349373
643,0xd019955e5Db68ebd41CE5A7A327DdD5f2658e8D9,MATIC,FIVN,0.035,2022-07-06 14:58:46,2022-07-06 13:30:00,2022-07-06 15:00:00,2022-07-06,95.936625
644,0xd019955e5Db68ebd41CE5A7A327DdD5f2658e8D9,MATIC,AMZN,0.03,2022-07-06 14:58:46,2022-07-06 13:30:00,2022-07-06 15:00:00,2022-07-06,113.167501
645,0xd019955e5Db68ebd41CE5A7A327DdD5f2658e8D9,MATIC,SBSW,0.03,2022-07-06 14:58:46,2022-07-06 13:30:00,2022-07-06 15:00:00,2022-07-06,9.923498
646,0xd019955e5Db68ebd41CE5A7A327DdD5f2658e8D9,MATIC,SHOP,0.03,2022-07-06 14:58:46,2022-07-06 13:30:00,2022-07-06 15:00:00,2022-07-06,33.530457
647,0xd019955e5Db68ebd41CE5A7A327DdD5f2658e8D9,MATIC,MUFG,0.02,2022-07-06 14:58:46,2022-07-06 13:30:00,2022-07-06 15:00:00,2022-07-06,5.232286
648,0xd019955e5Db68ebd41CE5A7A327DdD5f2658e8D9,MATIC,PENN,0.02,2022-07-06 14:58:46,2022-07-06 13:30:00,2022-07-06 15:00:00,2022-07-06,31.218883
649,0xd019955e5Db68ebd41CE5A7A327DdD5f2658e8D9,MATIC,DDOG,0.02,2022-07-06 14:58:46,2022-07-06 13:30:00,2022-07-06 15:00:00,2022-07-06,107.297634
650,0xd019955e5Db68ebd41CE5A7A327DdD5f2658e8D9,MATIC,SNOW,0.02,2022-07-06 14:58:46,2022-07-06 13:30:00,2022-07-06 15:00:00,2022-07-06,154.062327
651,0xd019955e5Db68ebd41CE5A7A327DdD5f2658e8D9,MATIC,PANW,0.02,2022-07-06 14:58:46,2022-07-06 13:30:00,2022-07-06 15:00:00,2022-07-06,514.18609
652,0xd019955e5Db68ebd41CE5A7A327DdD5f2658e8D9,MATIC,TECK,0.025,2022-07-06 14:58:46,2022-07-06 13:30:00,2022-07-06 15:00:00,2022-07-06,26.596229
653,0xd019955e5Db68ebd41CE5A7A327DdD5f2658e8D9,MATIC,Z,0,2022-07-06 14:58:46,2022-07-06 13:30:00,2022-07-06 15:00:00,2022-07-06,34.914407
654,0xd019955e5Db68ebd41CE5A7A327DdD5f2658e8D9,MATIC,APPN,0.01,2022-07-06 14:58:46,2022-07-06 13:30:00,2022-07-06 15:00:00,2022-07-06,49.915
655,0xd019955e5Db68ebd41CE5A7A327DdD5f2658e8D9,MATIC,COUP,0.01,2022-07-06 14:58:46,2022-07-06 13:30:00,2022-07-06 15:00:00,2022-07-06,61.177228
656,0xd019955e5Db68ebd41CE5A7A327DdD5f2658e8D9,MATIC,EMXC,-0.15,2022-07-06 14:58:46,2022-07-06 13:30:00,2022-07-06 15:00:00,2022-07-06,46.257636
657,0xd019955e5Db68ebd41CE5A7A327DdD5f2658e8D9,MATIC,HEDJ,-0.15,2022-07-06 14:58:46,2022-07-06 13:30:00,2022-07-06 15:00:00,2022-07-06,65.220526
658,0xd019955e5Db68ebd41CE5A7A327DdD5f2658e8D9,MATIC,COIN,-0.02,2022-07-07 18:54:20,2022-07-07 13:30:00,2022-07-07 19:00:00,2022-07-07,57.239399
